id,type,platform,time
10005,Main Story,PlayStation,20h 45m
10005,Main Story,PlayStation,28h 56m
10005,Main Story,PlayStation,30h
10005,Main Story,PlayStation,30h 46m
10005,Main Story,PlayStation,31h
10005,Main Story,PlayStation,36h 13m
10005,Main Story,PlayStation,36h 13m
10005,Main Story,PlayStation,37h
10005,Main Story,PlayStation 3,37h 58m
10005,Main Story,PlayStation,38h
10005,Main Story,PlayStation,40h 07m
10005,Main Story,PlayStation,41h
10005,Main Story,PlayStation,41h 10m
10005,Main Story,PlayStation,42h 02m
10005,Main Story,PlayStation,42h 25m
10005,Main Story,PlayStation,45h
10005,Main Story,PlayStation,45h
10005,Main Story,PlayStation,46h 47m
10005,Main Story,PlayStation,47h
10005,Main Story,PlayStation 3,47h 34m
10005,Main Story,PlayStation,49h
10005,Main Story,PlayStation,49h
10005,Main Story,PlayStation,49h
10005,Main Story,PlayStation,49h
10005,Main Story,PlayStation 3,50h
10005,Main Story,PlayStation Vita,50h
10005,Main Story,PlayStation,52h
10005,Main Story,PlayStation Vita,52h 01m
10005,Main Story,PlayStation,54h 29m
10005,Main Story,PlayStation,54h 39m
10005,Main Story,PlayStation,55h
10005,Main Story,PlayStation,55h
10005,Main Story,PlayStation,55h 19m
10005,Main Story,PlayStation,56h 42m
10005,Main Story,PlayStation Vita,59h 47m
10005,Main Story,PlayStation,60h
10005,Main Story,PlayStation,60h
10005,Main Story,PlayStation,65h
10005,Main Story,PlayStation,65h 34m
10005,Main Story,PlayStation,72h
10005,Main + Extras,PlayStation,36h
10005,Main + Extras,PlayStation,37h
10005,Main + Extras,PlayStation,37h
10005,Main + Extras,PlayStation,38h
10005,Main + Extras,NA,40h
10005,Main + Extras,PlayStation,40h
10005,Main + Extras,PlayStation,41h 07m
10005,Main + Extras,PlayStation,42h 32m
10005,Main + Extras,PlayStation 3,44h 02m
10005,Main + Extras,PlayStation Vita,44h 12m
10005,Main + Extras,PlayStation,44h 34m
10005,Main + Extras,PlayStation,44h 45m
10005,Main + Extras,PlayStation 3,45h 10m
10005,Main + Extras,PlayStation,47h 22m
10005,Main + Extras,PlayStation,48h
10005,Main + Extras,PlayStation,48h
10005,Main + Extras,PlayStation,48h 16m
10005,Main + Extras,PlayStation 3,49h
10005,Main + Extras,PlayStation 3,49h 20m
10005,Main + Extras,PlayStation,50h
10005,Main + Extras,PlayStation,50h
10005,Main + Extras,NA,53h
10005,Main + Extras,PlayStation,54h 40m
10005,Main + Extras,PlayStation 3,54h 45m
10005,Main + Extras,PlayStation,55h 30m
10005,Main + Extras,PlayStation 3,55h 55m
10005,Main + Extras,PlayStation Vita,56h
10005,Main + Extras,PlayStation,57h
10005,Main + Extras,PlayStation,57h
10005,Main + Extras,PlayStation,57h 25m
10005,Main + Extras,PlayStation,57h 31m
10005,Main + Extras,PlayStation,58h
10005,Main + Extras,PlayStation,58h 22m
10005,Main + Extras,PlayStation,59h
10005,Main + Extras,PlayStation,59h 46m
10005,Main + Extras,PlayStation,60h
10005,Main + Extras,PlayStation,60h 20m
10005,Main + Extras,PlayStation,63h 06m
10005,Main + Extras,PlayStation 2,63h 11m
10005,Main + Extras,PlayStation,64h
10005,Main + Extras,PlayStation 3,65h
10005,Main + Extras,PlayStation,65h
10005,Main + Extras,PlayStation,65h 30m
10005,Main + Extras,PlayStation,68h 45m
10005,Main + Extras,PlayStation,69h 36m
10005,Main + Extras,PlayStation,70h 06m
10005,Main + Extras,PlayStation 3,73h 39m
10005,Main + Extras,PlayStation 3,74h
10005,Main + Extras,PlayStation,78h 28m
10005,Main + Extras,PlayStation,80h
10005,Main + Extras,PlayStation,94h 39m
10005,Main + Extras,NA,95h
10005,Completionists,PlayStation,28h
10005,Completionists,PlayStation,32h 13m
10005,Completionists,PlayStation,44h 35m
10005,Completionists,PlayStation,45h
10005,Completionists,PlayStation,45h 31m
10005,Completionists,PlayStation,45h 36m
10005,Completionists,PlayStation,52h 21m
10005,Completionists,PlayStation Vita,54h 34m
10005,Completionists,PlayStation,60h 40m
10005,Completionists,PlayStation,61h
10005,Completionists,PlayStation 3,64h 22m
10005,Completionists,PlayStation,64h 47m
10005,Completionists,PlayStation,65h 35m
10005,Completionists,PlayStation,66h 24m
10005,Completionists,PlayStation,68h
10005,Completionists,PlayStation,68h 11m
10005,Completionists,PlayStation,69h
10005,Completionists,PlayStation 3,69h 20m
10005,Completionists,PlayStation,70h
10005,Completionists,PlayStation 3,70h
10005,Completionists,PlayStation,70h
10005,Completionists,PlayStation,70h
10005,Completionists,PlayStation,72h 26m
10005,Completionists,PlayStation,72h 30m
10005,Completionists,PlayStation,72h 41m
10005,Completionists,PlayStation,78h
10005,Completionists,PlayStation,79h 50m
10005,Completionists,PlayStation,89h 30m
10005,Completionists,PlayStation,98h
10005,Completionists,PlayStation Vita,99h 27m
10005,Completionists,PlayStation 3,184h 45m
