id,type,platform,time
10001,Main Story,Wii,14h
10001,Main Story,Wii,15h 39m
10001,Main Story,Wii,15h 40m
10001,Main Story,Wii,15h 44m
10001,Main Story,Wii,16h
10001,Main Story,Wii,17h 23m
10001,Main Story,Wii,17h 30m
10001,Main Story,NA,18h 02m
10001,Main Story,Wii,18h 05m
10001,Main Story,Wii,18h 22m
10001,Main Story,Wii,18h 32m
10001,Main Story,Wii,19h
10001,Main Story,Wii,19h
10001,Main Story,Wii,19h 01m
10001,Main Story,Wii,19h 02m
10001,Main Story,Wii,19h 22m
10001,Main Story,Wii U,19h 32m
10001,Main Story,Wii,19h 39m
10001,Main Story,Wii,19h 40m
10001,Main Story,Wii,19h 57m
10001,Main Story,Wii,20h
10001,Main Story,Wii,20h
10001,Main Story,Wii,20h
10001,Main Story,Wii,20h
10001,Main Story,Wii,20h
10001,Main Story,Wii,20h
10001,Main Story,Wii,20h 05m
10001,Main Story,Wii,20h 09m
10001,Main Story,Wii,20h 16m
10001,Main Story,Wii,20h 33m
10001,Main Story,Wii,20h 37m
10001,Main Story,Wii,20h 42m
10001,Main Story,Wii,20h 45m
10001,Main Story,Wii,20h 50m
10001,Main Story,Wii,20h 53m
10001,Main Story,Wii,21h
10001,Main Story,Wii,21h
10001,Main Story,Wii,21h
10001,Main Story,Wii,21h
10001,Main Story,Wii,21h 02m
10001,Main Story,Wii,21h 05m
10001,Main Story,Wii,21h 20m
10001,Main Story,Wii,21h 28m
10001,Main Story,Wii,21h 30m
10001,Main Story,Wii,21h 30m
10001,Main Story,Wii,21h 59m
10001,Main Story,NA,22h
10001,Main Story,Wii,22h
10001,Main Story,Wii,22h
10001,Main Story,Wii,22h
10001,Main Story,Wii,22h
10001,Main Story,Wii,22h 19m
10001,Main Story,Wii,22h 30m
10001,Main Story,Wii U,22h 30m
10001,Main Story,Wii,22h 33m
10001,Main Story,Wii,23h
10001,Main Story,Wii,23h 14m
10001,Main Story,Wii,24h
10001,Main Story,Wii,24h
10001,Main Story,Wii,24h
10001,Main Story,NA,24h
10001,Main Story,Wii,24h
10001,Main Story,Wii,24h 13m
10001,Main Story,Wii,25h
10001,Main Story,Wii,25h
10001,Main Story,Wii,25h
10001,Main Story,Wii,25h
10001,Main Story,Wii,25h
10001,Main Story,Wii,25h
10001,Main Story,Wii,25h
10001,Main Story,Wii,25h 24m
10001,Main Story,Wii,26h
10001,Main Story,Wii,26h 30m
10001,Main Story,Wii,27h
10001,Main Story,Wii,27h 45m
10001,Main Story,Wii,29h 43m
10001,Main Story,Wii,30h
10001,Main Story,Wii,30h
10001,Main Story,Wii,30h
10001,Main + Extras,NA,17h
10001,Main + Extras,Wii,18h
10001,Main + Extras,Wii,18h
10001,Main + Extras,Wii,18h 30m
10001,Main + Extras,Wii,18h 32m
10001,Main + Extras,Wii,18h 33m
10001,Main + Extras,Wii,19h
10001,Main + Extras,Wii,19h 01m
10001,Main + Extras,Wii,19h 23m
10001,Main + Extras,Wii,19h 25m
10001,Main + Extras,Wii,19h 38m
10001,Main + Extras,Wii,19h 40m
10001,Main + Extras,Wii,20h
10001,Main + Extras,Wii,20h
10001,Main + Extras,Wii,20h
10001,Main + Extras,Wii,20h
10001,Main + Extras,Wii,20h
10001,Main + Extras,Wii,20h 08m
10001,Main + Extras,Wii,20h 25m
10001,Main + Extras,Wii,20h 41m
10001,Main + Extras,Wii,20h 59m
10001,Main + Extras,Wii,21h
10001,Main + Extras,Wii,21h
10001,Main + Extras,Wii,21h 13m
10001,Main + Extras,Wii,21h 30m
10001,Main + Extras,Wii,21h 38m
10001,Main + Extras,Wii,22h
10001,Main + Extras,Wii,22h
10001,Main + Extras,Wii,22h 11m
10001,Main + Extras,Wii,22h 44m
10001,Main + Extras,Wii,22h 48m
10001,Main + Extras,Emulated,23h
10001,Main + Extras,Wii,23h
10001,Main + Extras,Wii,23h
10001,Main + Extras,Wii,23h 08m
10001,Main + Extras,Wii,23h 11m
10001,Main + Extras,Wii,23h 20m
10001,Main + Extras,Wii,23h 21m
10001,Main + Extras,Wii,23h 24m
10001,Main + Extras,Wii,23h 29m
10001,Main + Extras,Wii,23h 30m
10001,Main + Extras,Wii,23h 30m
10001,Main + Extras,Wii,23h 33m
10001,Main + Extras,Wii,23h 38m
10001,Main + Extras,Wii,23h 43m
10001,Main + Extras,Wii,23h 45m
10001,Main + Extras,Wii,23h 52m
10001,Main + Extras,Wii,23h 53m
10001,Main + Extras,Wii,23h 54m
10001,Main + Extras,Wii,23h 55m
10001,Main + Extras,Wii,24h
10001,Main + Extras,Wii,24h
10001,Main + Extras,Wii,24h
10001,Main + Extras,Wii,24h
10001,Main + Extras,Wii,24h 11m
10001,Main + Extras,Wii,24h 18m
10001,Main + Extras,Wii,24h 22m
10001,Main + Extras,Wii,24h 30m
10001,Main + Extras,Wii,24h 33m
10001,Main + Extras,Wii,24h 45m
10001,Main + Extras,Wii,24h 46m
10001,Main + Extras,Wii,24h 51m
10001,Main + Extras,Wii,24h 54m
10001,Main + Extras,Wii,25h
10001,Main + Extras,NA,25h
10001,Main + Extras,Wii,25h
10001,Main + Extras,Wii,25h
10001,Main + Extras,Wii,25h
10001,Main + Extras,Wii,25h
10001,Main + Extras,Wii,25h
10001,Main + Extras,Wii,25h
10001,Main + Extras,Wii,25h 03m
10001,Main + Extras,Wii,25h 09m
10001,Main + Extras,Wii,25h 10m
10001,Main + Extras,Wii,25h 30m
10001,Main + Extras,Emulated,25h 42m
10001,Main + Extras,Wii,25h 58m
10001,Main + Extras,Wii,26h
10001,Main + Extras,Wii,26h
10001,Main + Extras,Wii,26h
10001,Main + Extras,Wii,26h
10001,Main + Extras,Wii U,26h
10001,Main + Extras,Wii,26h 06m
10001,Main + Extras,Wii,26h 09m
10001,Main + Extras,Wii,26h 15m
10001,Main + Extras,Wii,26h 30m
10001,Main + Extras,Wii,26h 30m
10001,Main + Extras,Wii,26h 42m
10001,Main + Extras,Wii,27h
10001,Main + Extras,Wii,27h
10001,Main + Extras,Wii,27h 05m
10001,Main + Extras,Wii,27h 15m
10001,Main + Extras,Wii,27h 30m
10001,Main + Extras,Wii,27h 32m
10001,Main + Extras,Wii U,27h 34m
10001,Main + Extras,Wii U,27h 34m
10001,Main + Extras,Wii,27h 56m
10001,Main + Extras,Wii,28h 27m
10001,Main + Extras,Wii,28h 30m
10001,Main + Extras,Wii,28h 34m
10001,Main + Extras,Wii,28h 39m
10001,Main + Extras,Wii,28h 43m
10001,Main + Extras,Wii,28h 54m
10001,Main + Extras,Wii,29h
10001,Main + Extras,Wii,29h 07m
10001,Main + Extras,Wii,29h 26m
10001,Main + Extras,Wii,29h 33m
10001,Main + Extras,Wii,29h 40m
10001,Main + Extras,Wii,30h
10001,Main + Extras,Wii,30h
10001,Main + Extras,Wii,30h
10001,Main + Extras,Wii,30h
10001,Main + Extras,Wii,30h
10001,Main + Extras,Wii,30h 22m
10001,Main + Extras,Wii,30h 27m
10001,Main + Extras,Wii,31h 28m
10001,Main + Extras,Wii,32h
10001,Main + Extras,Wii,32h
10001,Main + Extras,Wii,32h
10001,Main + Extras,Wii,32h
10001,Main + Extras,Wii,32h 15m
10001,Main + Extras,Wii,32h 30m
10001,Main + Extras,Wii,32h 30m
10001,Main + Extras,Wii,32h 49m
10001,Main + Extras,Wii,33h 02m
10001,Main + Extras,Wii,34h
10001,Main + Extras,Wii,34h 18m
10001,Main + Extras,Wii,34h 24m
10001,Main + Extras,Wii,35h
10001,Main + Extras,Wii,35h
10001,Main + Extras,Wii,35h 19m
10001,Main + Extras,Wii,36h 56m
10001,Main + Extras,Wii,37h 25m
10001,Main + Extras,Wii,38h 22m
10001,Main + Extras,Wii,40h
10001,Main + Extras,Wii,40h
10001,Main + Extras,Wii,61h 11m
10001,Main + Extras,Wii,63h 46m
10001,Completionists,Wii,27h 21m
10001,Completionists,Wii,28h 08m
10001,Completionists,Wii,30h 13m
10001,Completionists,Wii,35h
10001,Completionists,Wii,37h 18m
10001,Completionists,Wii,38h 17m
10001,Completionists,Wii,40h
10001,Completionists,Wii,40h
10001,Completionists,Wii,40h
10001,Completionists,Wii,40h
10001,Completionists,Wii,40h 54m
10001,Completionists,Wii,41h 03m
10001,Completionists,Wii,46h 18m
10001,Completionists,Wii,50h
10001,Completionists,Wii,55h
10001,Co-Op Multiplayer,Wii,5h
