id,type,platform,time
1001,Main Story,PC,36m
1001,Main Story,PC,1h 19m
1001,Main Story,PC,2h
1001,Main Story,PC,2h 30m
1001,Main Story,PC,3h
1001,Main Story,Xbox 360,3h
1001,Main Story,PC,3h 15m
1001,Main Story,PC,3h 30m
1001,Main Story,PC,4h
1001,Main Story,PC,4h
1001,Main Story,PC,4h
1001,Main Story,PC,4h
1001,Main Story,PC,4h 15m
1001,Main Story,PC,4h 30m
1001,Main Story,PC,4h 30m
1001,Main Story,PC,5h 54m
1001,Main Story,PC,6h
1001,Main Story,PC,6h
1001,Main Story,PC,9h 10m
1001,Main Story,PlayStation 3,15h 57m
1001,Main + Extras,PC,4h
1001,Main + Extras,PC,4h 22m
1001,Main + Extras,PC,5h
1001,Main + Extras,PC,8h
1001,Main + Extras,Xbox 360,8h
1001,Main + Extras,PC,8h 24m
1001,Main + Extras,PC,9h 21m
1001,Main + Extras,PC,9h 45m
1001,Main + Extras,PC,9h 54m
1001,Main + Extras,PC,10h
1001,Main + Extras,Xbox 360,10h
1001,Main + Extras,PC,11h
1001,Main + Extras,PC,11h 10m
1001,Main + Extras,PC,11h 25m
1001,Main + Extras,PC,12h
1001,Main + Extras,PC,12h
1001,Main + Extras,PC,14h 42m
1001,Main + Extras,PC,17h 18m
1001,Main + Extras,PC,18h 58m
1001,Main + Extras,PC,24h
1001,Main + Extras,PC,36h 15m
1001,Main + Extras,PC,39h 55m
1001,Completionists,PC,7h
1001,Completionists,Xbox 360,15h
1001,Completionists,PC,16h
1001,Completionists,PC,18h 30m
1001,Completionists,PC,22h
1001,Completionists,PC,29h 01m
1001,Completionists,PC,30h
1001,Completionists,PC,35h
1001,Completionists,PC,36h
1001,Completionists,PC,43h 24m
1001,Completionists,PC,47h
1001,Completionists,PC,52h
1001,Completionists,PC,77h
1001,Completionists,PC,175h
