id,type,platform,time
10013,Main Story,PC,15h 20m
10013,Main Story,PC,25h 30m
10013,Main Story,PC,26h 45m
10013,Main Story,PlayStation Vita,27h
10013,Main Story,PC,28h
10013,Main Story,PC,31h
10013,Main Story,PC,32h 33m
10013,Main Story,PC,33h 41m
10013,Main Story,PC,34h 27m
10013,Main Story,PC,35h
10013,Main Story,PC,35h
10013,Main Story,PC,55h
10013,Main + Extras,PC,24h
10013,Main + Extras,PC,25h
10013,Main + Extras,PlayStation Vita,30h
10013,Main + Extras,PC,34h
10013,Main + Extras,PC,34h 14m
10013,Main + Extras,PC,35h
10013,Main + Extras,PC,36h 09m
10013,Main + Extras,PC,38h 13m
10013,Main + Extras,PC,38h 40m
10013,Main + Extras,PC,39h
10013,Main + Extras,PC,39h 44m
10013,Main + Extras,PC,40h
10013,Main + Extras,PC,40h
10013,Main + Extras,PC,40h
10013,Main + Extras,PC,40h 07m
10013,Main + Extras,PC,41h
10013,Main + Extras,PC,41h
10013,Main + Extras,PC,42h 03m
10013,Main + Extras,PC,43h 45m
10013,Main + Extras,PSP,44h 28m
10013,Main + Extras,PC,46h 23m
10013,Main + Extras,PC,47h 11m
10013,Main + Extras,PC,47h 25m
10013,Main + Extras,PC,48h
10013,Main + Extras,PC,49h
10013,Main + Extras,PC,49h 37m
10013,Main + Extras,PC,50h
10013,Main + Extras,PC,51h 39m
10013,Main + Extras,PC,51h 47m
10013,Main + Extras,PC,52h
10013,Main + Extras,PC,52h 20m
10013,Main + Extras,PC,53h
10013,Main + Extras,PC,53h 45m
10013,Main + Extras,PC,54h
10013,Main + Extras,PC,54h 58m
10013,Main + Extras,PC,55h 15m
10013,Main + Extras,PC,55h 24m
10013,Main + Extras,PC,56h
10013,Main + Extras,PC,56h
10013,Main + Extras,PC,56h
10013,Main + Extras,PC,56h 22m
10013,Main + Extras,PC,57h
10013,Main + Extras,PC,59h
10013,Main + Extras,PC,60h
10013,Main + Extras,PC,60h 24m
10013,Main + Extras,PC,64h
10013,Main + Extras,PC,65h
10013,Main + Extras,PC,69h 01m
10013,Main + Extras,PC,72h
10013,Main + Extras,PC,73h 57m
10013,Main + Extras,PC,75h
10013,Main + Extras,PC,79h 03m
10013,Main + Extras,PC,84h
10013,Completionists,PC,43h 50m
10013,Completionists,PC,44h
10013,Completionists,PC,44h 19m
10013,Completionists,PC,45h
10013,Completionists,PC,47h
10013,Completionists,PC,47h 13m
10013,Completionists,PC,47h 41m
10013,Completionists,PC,47h 42m
10013,Completionists,PSP,50h
10013,Completionists,PC,58h 17m
10013,Completionists,PC,66h 06m
10013,Completionists,PC,68h
10013,Completionists,PC,72h 58m
10013,Completionists,PC,79h
10013,Completionists,PC,95h
10013,Completionists,PC,97h 24m
10013,Completionists,PC,169h
