id,type,platform,time
10015,Main Story,PC,2h 20m
10015,Main Story,PC,2h 20m
10015,Main Story,PC,2h 40m
10015,Main Story,PC,2h 53m
10015,Main Story,PC,2h 55m
10015,Main Story,PC,3h 04m
10015,Main Story,PC,3h 06m
10015,Main Story,PC,3h 44m
10015,Main Story,PC,4h
10015,Main Story,PC,5h
10015,Main Story,PC,5h 02m
10015,Main Story,PC,5h 07m
10015,Main Story,PC,5h 30m
10015,Main Story,Amiga,9h
10015,Main + Extras,PC,3h 44m
10015,Main + Extras,PC,16h
10015,Completionists,Mac,3h 25m
10015,Completionists,PC,4h 17m
10015,Completionists,PC,5h
