id,type,platform,time
10011,Main Story,PC,20h 22m
10011,Main Story,PC,23h
10011,Main Story,PC,23h
10011,Main Story,PSP,25h
10011,Main Story,PlayStation Vita,28h 49m
10011,Main Story,PC,29h
10011,Main Story,PSP,30h
10011,Main Story,PSP,30h
10011,Main Story,PC,30h
10011,Main Story,PC,30h 26m
10011,Main Story,PC,30h 45m
10011,Main Story,PlayStation Vita,32h
10011,Main Story,PC,32h
10011,Main Story,PC,32h
10011,Main Story,PC,33h
10011,Main Story,PC,33h
10011,Main Story,PC,33h 26m
10011,Main Story,Emulated,33h 47m
10011,Main Story,PC,33h 54m
10011,Main Story,PC,34h 23m
10011,Main Story,PC,35h
10011,Main Story,PC,35h
10011,Main Story,PC,35h
10011,Main Story,PSP,35h 11m
10011,Main Story,PSP,36h
10011,Main Story,PC,36h
10011,Main Story,PC,36h 06m
10011,Main Story,PC,36h 35m
10011,Main Story,PSP,37h
10011,Main Story,PSP,37h
10011,Main Story,PC,37h
10011,Main Story,PC,37h
10011,Main Story,PSP,37h 11m
10011,Main Story,PC,38h
10011,Main Story,PSP,38h 40m
10011,Main Story,PC,39h
10011,Main Story,PSP,39h
10011,Main Story,PC,39h 10m
10011,Main Story,PC,39h 21m
10011,Main Story,PSP,39h 21m
10011,Main Story,PC,40h
10011,Main Story,PC,40h
10011,Main Story,PSP,40h
10011,Main Story,PSP,40h
10011,Main Story,PC,40h
10011,Main Story,PSP,40h
10011,Main Story,PC,40h 02m
10011,Main Story,PC,40h 21m
10011,Main Story,PC,40h 22m
10011,Main Story,PC,40h 30m
10011,Main Story,PSP,40h 59m
10011,Main Story,PlayStation Vita,41h
10011,Main Story,PC,41h
10011,Main Story,PC,41h 28m
10011,Main Story,PSP,41h 36m
10011,Main Story,PSP,41h 46m
10011,Main Story,PSP,41h 50m
10011,Main Story,PC,42h
10011,Main Story,PSP,42h
10011,Main Story,PC,42h 14m
10011,Main Story,PC,42h 15m
10011,Main Story,PC,43h
10011,Main Story,PC,43h 30m
10011,Main Story,PC,44h
10011,Main Story,PC,44h
10011,Main Story,PC,44h 34m
10011,Main Story,PSP,44h 43m
10011,Main Story,PC,45h
10011,Main Story,PSP,45h
10011,Main Story,PSP,45h
10011,Main Story,PC,45h
10011,Main Story,PC,45h 20m
10011,Main Story,PSP,46h 25m
10011,Main Story,PC,46h 32m
10011,Main Story,PC,50h
10011,Main Story,PC,50h
10011,Main Story,PlayStation Vita,50h
10011,Main Story,PC,50h
10011,Main Story,PSP,50h 15m
10011,Main Story,PC,50h 29m
10011,Main Story,PSP,51h
10011,Main Story,PC,52h
10011,Main Story,PC,52h 34m
10011,Main Story,PSP,52h 51m
10011,Main Story,PC,53h
10011,Main Story,PlayStation Vita,53h
10011,Main Story,PlayStation Vita,53h 52m
10011,Main Story,PSP,54h
10011,Main Story,PSP,54h 18m
10011,Main Story,PC,54h 20m
10011,Main Story,PSP,55h 35m
10011,Main Story,PC,56h
10011,Main Story,PC,56h
10011,Main Story,PC,57h 54m
10011,Main Story,PC,64h
10011,Main + Extras,PC,31h 30m
10011,Main + Extras,PC,32h
10011,Main + Extras,PC,33h
10011,Main + Extras,PC,33h 24m
10011,Main + Extras,PC,33h 44m
10011,Main + Extras,PC,33h 46m
10011,Main + Extras,PC,34h
10011,Main + Extras,PC,34h
10011,Main + Extras,PC,34h 15m
10011,Main + Extras,PC,34h 30m
10011,Main + Extras,PC,35h
10011,Main + Extras,PC,35h 26m
10011,Main + Extras,PC,35h 29m
10011,Main + Extras,PC,35h 45m
10011,Main + Extras,PC,36h 13m
10011,Main + Extras,PlayStation Vita,36h 15m
10011,Main + Extras,PC,37h 06m
10011,Main + Extras,PC,37h 27m
10011,Main + Extras,PC,37h 29m
10011,Main + Extras,PC,37h 34m
10011,Main + Extras,PlayStation Vita,37h 54m
10011,Main + Extras,PC,37h 57m
10011,Main + Extras,PSP,38h
10011,Main + Extras,PC,38h
10011,Main + Extras,PC,38h
10011,Main + Extras,PC,38h 01m
10011,Main + Extras,PC,38h 12m
10011,Main + Extras,PlayStation Vita,38h 21m
10011,Main + Extras,PSP,38h 37m
10011,Main + Extras,PlayStation Vita,38h 37m
10011,Main + Extras,PC,39h
10011,Main + Extras,PC,39h 19m
10011,Main + Extras,PC,39h 35m
10011,Main + Extras,PC,39h 47m
10011,Main + Extras,PSP,39h 47m
10011,Main + Extras,PC,40h
10011,Main + Extras,PSP,40h
10011,Main + Extras,PC,40h
10011,Main + Extras,PC,40h
10011,Main + Extras,PC,40h
10011,Main + Extras,PC,40h 16m
10011,Main + Extras,PC,40h 24m
10011,Main + Extras,PC,40h 29m
10011,Main + Extras,PlayStation Vita,40h 30m
10011,Main + Extras,PSP,40h 44m
10011,Main + Extras,PC,40h 59m
10011,Main + Extras,PC,41h 20m
10011,Main + Extras,PSP,41h 33m
10011,Main + Extras,PSP,41h 54m
10011,Main + Extras,PSP,42h
10011,Main + Extras,PC,42h
10011,Main + Extras,PSP,42h
10011,Main + Extras,PC,42h
10011,Main + Extras,PC,42h
10011,Main + Extras,PSP,42h 11m
10011,Main + Extras,PC,42h 24m
10011,Main + Extras,PSP,42h 48m
10011,Main + Extras,PSP,42h 48m
10011,Main + Extras,PC,42h 57m
10011,Main + Extras,PC,43h
10011,Main + Extras,PC,43h
10011,Main + Extras,PC,43h
10011,Main + Extras,PSP,43h
10011,Main + Extras,PC,43h
10011,Main + Extras,PC,43h
10011,Main + Extras,PSP,43h 04m
10011,Main + Extras,PlayStation Vita,43h 12m
10011,Main + Extras,PlayStation Vita,43h 21m
10011,Main + Extras,PSP,43h 47m
10011,Main + Extras,PlayStation Vita,44h
10011,Main + Extras,PC,44h
10011,Main + Extras,PC,44h
10011,Main + Extras,PC,44h
10011,Main + Extras,PC,44h 08m
10011,Main + Extras,PC,44h 18m
10011,Main + Extras,PC,44h 33m
10011,Main + Extras,PSP,44h 42m
10011,Main + Extras,PlayStation Vita,44h 50m
10011,Main + Extras,PC,44h 57m
10011,Main + Extras,NA,45h
10011,Main + Extras,PSP,45h
10011,Main + Extras,PC,45h
10011,Main + Extras,Emulated,45h
10011,Main + Extras,PSP,45h
10011,Main + Extras,PSP,45h
10011,Main + Extras,PC,45h
10011,Main + Extras,PC,45h
10011,Main + Extras,PC,45h 26m
10011,Main + Extras,PSP,45h 30m
10011,Main + Extras,PC,45h 38m
10011,Main + Extras,PC,45h 45m
10011,Main + Extras,PC,45h 53m
10011,Main + Extras,PC,46h
10011,Main + Extras,PC,46h 10m
10011,Main + Extras,PC,46h 46m
10011,Main + Extras,PlayStation Vita,46h 53m
10011,Main + Extras,PC,46h 55m
10011,Main + Extras,PC,47h
10011,Main + Extras,PC,47h
10011,Main + Extras,PlayStation Vita,47h
10011,Main + Extras,PSP,47h 02m
10011,Main + Extras,PC,47h 03m
10011,Main + Extras,PC,47h 12m
10011,Main + Extras,PC,47h 17m
10011,Main + Extras,PC,47h 24m
10011,Main + Extras,PSP,47h 26m
10011,Main + Extras,PSP,47h 48m
10011,Main + Extras,PSP,47h 48m
10011,Main + Extras,PSP,48h
10011,Main + Extras,PC,48h
10011,Main + Extras,PlayStation Vita,48h
10011,Main + Extras,PSP,48h
10011,Main + Extras,PC,48h 20m
10011,Main + Extras,PSP,48h 39m
10011,Main + Extras,PSP,48h 39m
10011,Main + Extras,PC,49h
10011,Main + Extras,PC,49h
10011,Main + Extras,PlayStation Vita,49h 13m
10011,Main + Extras,PSP,49h 44m
10011,Main + Extras,PC,49h 52m
10011,Main + Extras,PlayStation Vita,49h 57m
10011,Main + Extras,PSP,50h
10011,Main + Extras,PC,50h
10011,Main + Extras,PC,50h
10011,Main + Extras,PC,50h
10011,Main + Extras,PC,50h
10011,Main + Extras,PSP,50h
10011,Main + Extras,PC,50h
10011,Main + Extras,PC,50h
10011,Main + Extras,PSP,50h
10011,Main + Extras,PSP,50h
10011,Main + Extras,PC,50h
10011,Main + Extras,PSP,50h 01m
10011,Main + Extras,PC,50h 04m
10011,Main + Extras,PSP,50h 04m
10011,Main + Extras,PC,50h 18m
10011,Main + Extras,NA,50h 18m
10011,Main + Extras,PSP,50h 25m
10011,Main + Extras,PC,50h 30m
10011,Main + Extras,PSP,50h 44m
10011,Main + Extras,PC,50h 44m
10011,Main + Extras,PC,51h
10011,Main + Extras,PC,51h 01m
10011,Main + Extras,PSP,51h 09m
10011,Main + Extras,PSP,51h 22m
10011,Main + Extras,PSP,51h 27m
10011,Main + Extras,PSP,51h 30m
10011,Main + Extras,PlayStation Vita,51h 35m
10011,Main + Extras,PSP,51h 39m
10011,Main + Extras,PC,51h 52m
10011,Main + Extras,PC,52h
10011,Main + Extras,PC,52h
10011,Main + Extras,PC,52h
10011,Main + Extras,PC,52h
10011,Main + Extras,PC,52h 10m
10011,Main + Extras,PC,52h 12m
10011,Main + Extras,PC,52h 49m
10011,Main + Extras,PC,52h 50m
10011,Main + Extras,PSP,52h 50m
10011,Main + Extras,PC,52h 54m
10011,Main + Extras,PC,53h
10011,Main + Extras,PSP,53h
10011,Main + Extras,PC,53h
10011,Main + Extras,PSP,53h 12m
10011,Main + Extras,PC,53h 15m
10011,Main + Extras,Emulated,53h 24m
10011,Main + Extras,PSP,53h 45m
10011,Main + Extras,PC,53h 47m
10011,Main + Extras,PC,54h
10011,Main + Extras,PC,54h
10011,Main + Extras,PSP,54h
10011,Main + Extras,PC,54h
10011,Main + Extras,PC,54h 21m
10011,Main + Extras,PC,54h 25m
10011,Main + Extras,PSP,55h
10011,Main + Extras,PSP,55h
10011,Main + Extras,PSP,55h
10011,Main + Extras,PC,55h
10011,Main + Extras,PSP,55h
10011,Main + Extras,NA,55h 34m
10011,Main + Extras,PC,55h 35m
10011,Main + Extras,PC,55h 43m
10011,Main + Extras,PC,55h 55m
10011,Main + Extras,PC,56h
10011,Main + Extras,PC,56h
10011,Main + Extras,PC,56h 04m
10011,Main + Extras,PC,56h 28m
10011,Main + Extras,PC,56h 46m
10011,Main + Extras,PC,56h 53m
10011,Main + Extras,PC,57h
10011,Main + Extras,PC,57h
10011,Main + Extras,PC,57h 28m
10011,Main + Extras,PSP,57h 41m
10011,Main + Extras,PSP,57h 48m
10011,Main + Extras,PC,58h
10011,Main + Extras,PC,58h 10m
10011,Main + Extras,PSP,58h 38m
10011,Main + Extras,PC,59h
10011,Main + Extras,PC,59h
10011,Main + Extras,PC,59h
10011,Main + Extras,PC,59h 38m
10011,Main + Extras,PC,59h 41m
10011,Main + Extras,PC,59h 47m
10011,Main + Extras,PC,59h 59m
10011,Main + Extras,PSP,60h
10011,Main + Extras,PlayStation Vita,60h
10011,Main + Extras,PC,60h
10011,Main + Extras,PC,60h
10011,Main + Extras,PSP,60h
10011,Main + Extras,PC,60h 24m
10011,Main + Extras,PC,61h
10011,Main + Extras,PC,61h 45m
10011,Main + Extras,PC,61h 59m
10011,Main + Extras,PC,62h
10011,Main + Extras,PC,62h
10011,Main + Extras,PlayStation Vita,62h 06m
10011,Main + Extras,PC,62h 37m
10011,Main + Extras,PC,63h 34m
10011,Main + Extras,PC,64h
10011,Main + Extras,PC,64h
10011,Main + Extras,PSP,64h 24m
10011,Main + Extras,PC,65h
10011,Main + Extras,PSP,65h
10011,Main + Extras,PC,66h
10011,Main + Extras,PC,66h
10011,Main + Extras,PC,68h
10011,Main + Extras,PC,71h
10011,Main + Extras,PC,72h
10011,Main + Extras,PC,72h
10011,Main + Extras,PC,72h 35m
10011,Main + Extras,PC,73h
10011,Main + Extras,PSP,73h 14m
10011,Main + Extras,PC,74h
10011,Main + Extras,PC,74h 05m
10011,Main + Extras,PC,76h
10011,Main + Extras,PC,80h
10011,Main + Extras,PC,80h 30m
10011,Main + Extras,PC,82h
10011,Main + Extras,PSP,88h 38m
10011,Main + Extras,PlayStation Vita,89h 04m
10011,Main + Extras,PC,96h 51m
10011,Main + Extras,PC,100h
10011,Main + Extras,PC,100h
10011,Main + Extras,PC,104h 29m
10011,Main + Extras,PC,106h
10011,Completionists,PSP,38h
10011,Completionists,PSP,40h 49m
10011,Completionists,PSP,41h 54m
10011,Completionists,PC,42h 19m
10011,Completionists,PSP,43h 03m
10011,Completionists,PSP,44h 31m
10011,Completionists,PSP,48h 05m
10011,Completionists,PC,49h
10011,Completionists,PC,50h
10011,Completionists,PC,50h
10011,Completionists,PSP,52h
10011,Completionists,PSP,53h 32m
10011,Completionists,NA,53h 46m
10011,Completionists,PC,54h
10011,Completionists,PlayStation Vita,54h 08m
10011,Completionists,PSP,54h 49m
10011,Completionists,PC,55h
10011,Completionists,PC,56h
10011,Completionists,PSP,56h 23m
10011,Completionists,PC,57h 03m
10011,Completionists,PC,58h 09m
10011,Completionists,Emulated,58h 22m
10011,Completionists,PSP,58h 22m
10011,Completionists,PC,59h
10011,Completionists,PSP,59h 05m
10011,Completionists,PSP,59h 29m
10011,Completionists,PC,60h
10011,Completionists,PlayStation Vita,60h
10011,Completionists,PSP,60h
10011,Completionists,PC,60h 20m
10011,Completionists,PC,62h
10011,Completionists,PSP,65h
10011,Completionists,PC,67h 34m
10011,Completionists,PC,68h
10011,Completionists,PC,68h
10011,Completionists,PC,68h 35m
10011,Completionists,PlayStation Vita,70h 15m
10011,Completionists,PC,72h
10011,Completionists,PC,74h 32m
10011,Completionists,PC,74h 58m
10011,Completionists,PC,75h
10011,Completionists,PC,76h
10011,Completionists,PC,83h
10011,Completionists,PC,83h
10011,Completionists,PSP,94h 50m
10011,Completionists,PC,95h
10011,Completionists,PC,96h
10011,Completionists,PC,100h
10011,Completionists,PC,102h 03m
10011,Completionists,PC,104h 24m
10011,Completionists,PC,107h
10011,Completionists,PC,114h 45m
10011,Completionists,PC,117h 57m
10011,Completionists,PC,150h
10011,Speed Run - 100%,PC,25h
