id,type,platform,time
10029,Main Story,Nintendo 3DS,1h 57m
10029,Main Story,Nintendo 3DS,2h 21m
10029,Main Story,Game Boy Advance,3h
10029,Main Story,Game Boy Advance,4h
10029,Main Story,NA,4h
10029,Main Story,Nintendo GameCube,6h
10029,Main + Extras,Game Boy Advance,2h 07m
10029,Main + Extras,Nintendo GameCube,7h
10029,Main + Extras,Game Boy Advance,7h
10029,Main + Extras,Nintendo GameCube,8h
10029,Main + Extras,Nintendo GameCube,9h
10029,Completionists,Game Boy Advance,8h
10029,Completionists,Game Boy Advance,23h 12m
10029,Co-Op Multiplayer,Game Boy Advance,5h
10029,Co-Op Multiplayer,Game Boy Advance,5h
10029,Co-Op Multiplayer,Nintendo GameCube,8h
10029,Co-Op Multiplayer,Game Boy Advance,9h
