id,type,platform,time
10024,Main Story,Super Nintendo,2h
10024,Main Story,Super Nintendo,3h 16m
10024,Main Story,Super Nintendo,3h 52m
10024,Main Story,Super Nintendo,4h
10024,Main Story,Wii U,4h 19m
10024,Main Story,Super Nintendo,5h
10024,Main Story,Wii U,5h 55m
10024,Main Story,Super Nintendo,7h
10024,Main + Extras,Super Nintendo,7h 45m
10024,Main + Extras,Super Nintendo,8h 20m
10024,Completionists,Super Nintendo,2h
10024,Completionists,Super Nintendo,5h 10m
10024,Completionists,Super Nintendo,6h
10024,Speed Run - Any%,NA,37m 04s
