id,type,platform,time
10025,Main Story,NES,2h 01m
10025,Main Story,NES,2h 19m
10025,Main Story,NES,2h 23m
10025,Main Story,NES,2h 30m
10025,Main Story,NES,2h 33m
10025,Main Story,PC,3h
10025,Main Story,NES,3h
10025,Main Story,NES,3h
10025,Main Story,PC,3h 03m
10025,Main Story,NES,3h 05m
10025,Main Story,NES,3h 30m
10025,Main Story,NES,3h 30m
10025,Main Story,NES,4h
10025,Main Story,NES,4h 08m
10025,Main Story,Nintendo Switch,4h 25m
10025,Main Story,NES,4h 25m
10025,Main Story,Nintendo 3DS,4h 30m
10025,Main Story,NES,4h 33m
10025,Main Story,NES,4h 33m
10025,Main Story,NES,4h 34m
10025,Main Story,Game Boy Advance,4h 35m
10025,Main Story,Nintendo 3DS,4h 45m
10025,Main Story,NES,4h 46m
10025,Main Story,NES,4h 49m
10025,Main Story,Nintendo GameCube,5h
10025,Main Story,NES,5h
10025,Main Story,NES,5h
10025,Main Story,NES,5h
10025,Main Story,NES,5h
10025,Main Story,Wii U,5h 05m
10025,Main Story,NES,5h 20m
10025,Main Story,NES,5h 23m
10025,Main Story,PC,5h 26m
10025,Main Story,NES,5h 30m
10025,Main Story,NES,5h 30m
10025,Main Story,NES,5h 30m
10025,Main Story,Wii U,5h 32m
10025,Main Story,Nintendo Switch,5h 34m
10025,Main Story,NES,5h 34m
10025,Main Story,Nintendo 3DS,5h 35m
10025,Main Story,NES,5h 46m
10025,Main Story,Wii U,6h
10025,Main Story,NES,6h
10025,Main Story,Wii U,6h
10025,Main Story,NES,6h
10025,Main Story,NES,6h
10025,Main Story,Nintendo 3DS,6h 09m
10025,Main Story,Wii U,6h 11m
10025,Main Story,NES,6h 26m
10025,Main Story,NES,6h 30m
10025,Main Story,NES,6h 32m
10025,Main Story,Nintendo 3DS,6h 57m
10025,Main Story,NES,7h
10025,Main Story,Nintendo 3DS,7h
10025,Main Story,NES,7h
10025,Main Story,NES,7h
10025,Main Story,Wii U,7h
10025,Main Story,NES,7h 04m
10025,Main Story,NES,7h 17m
10025,Main Story,NES,7h 30m
10025,Main Story,Nintendo 3DS,7h 30m
10025,Main Story,NES,7h 33m
10025,Main Story,NES,7h 35m
10025,Main Story,NES,7h 57m
10025,Main Story,Emulated,8h
10025,Main Story,Emulated,8h
10025,Main Story,NES,8h
10025,Main Story,Nintendo Switch,8h
10025,Main Story,NES,8h
10025,Main Story,NES,8h
10025,Main Story,NES,8h
10025,Main Story,Emulated,8h
10025,Main Story,NES,8h
10025,Main Story,Nintendo 3DS,8h
10025,Main Story,NES,8h 01m
10025,Main Story,NES,8h 11m
10025,Main Story,NES,8h 15m
10025,Main Story,NES,8h 15m
10025,Main Story,Nintendo 3DS,8h 30m
10025,Main Story,NES,8h 30m
10025,Main Story,NES,8h 33m
10025,Main Story,NES,8h 35m
10025,Main Story,Nintendo 3DS,8h 47m
10025,Main Story,NES,8h 49m
10025,Main Story,Nintendo 3DS,8h 49m
10025,Main Story,Wii U,8h 56m
10025,Main Story,NES,8h 56m
10025,Main Story,Wii U,8h 58m
10025,Main Story,Wii U,8h 58m
10025,Main Story,NES,8h 59m
10025,Main Story,NES,9h
10025,Main Story,PC,9h
10025,Main Story,NES,9h
10025,Main Story,NES,9h
10025,Main Story,NES,9h
10025,Main Story,NES,9h
10025,Main Story,PC,9h
10025,Main Story,NES,9h
10025,Main Story,NES,9h
10025,Main Story,NES,9h
10025,Main Story,NES,9h
10025,Main Story,NES,9h
10025,Main Story,NES,9h
10025,Main Story,NES,9h
10025,Main Story,NES,9h
10025,Main Story,NES,9h 01m
10025,Main Story,NES,9h 01m
10025,Main Story,Wii,9h 08m
10025,Main Story,NES,9h 12m
10025,Main Story,NES,9h 13m
10025,Main Story,NES,9h 17m
10025,Main Story,NA,9h 22m
10025,Main Story,NES,9h 24m
10025,Main Story,NES,9h 30m
10025,Main Story,NES,9h 30m
10025,Main Story,Game Boy Advance,9h 43m
10025,Main Story,NES,9h 45m
10025,Main Story,NES,9h 50m
10025,Main Story,NES,10h
10025,Main Story,NES,10h
10025,Main Story,NES,10h
10025,Main Story,Nintendo 3DS,10h
10025,Main Story,NES,10h
10025,Main Story,NES,10h
10025,Main Story,Nintendo 3DS,10h
10025,Main Story,Nintendo 3DS,10h
10025,Main Story,Game Boy Advance,10h
10025,Main Story,NES,10h
10025,Main Story,Nintendo Switch,10h
10025,Main Story,NES,10h
10025,Main Story,NES,10h
10025,Main Story,NES,10h
10025,Main Story,NES,10h
10025,Main Story,NES,10h
10025,Main Story,Nintendo GameCube,10h
10025,Main Story,NA,10h
10025,Main Story,NES,10h
10025,Main Story,NES,10h
10025,Main Story,Emulated,10h
10025,Main Story,Nintendo DS,10h 03m
10025,Main Story,NES,10h 05m
10025,Main Story,NES,10h 20m
10025,Main Story,Nintendo 3DS,10h 22m
10025,Main Story,Nintendo 3DS,10h 27m
10025,Main Story,Wii U,10h 29m
10025,Main Story,NES,10h 30m
10025,Main Story,Game Boy Advance,10h 32m
10025,Main Story,NES,10h 35m
10025,Main Story,NES,10h 43m
10025,Main Story,NES,10h 52m
10025,Main Story,PC,10h 54m
10025,Main Story,NES,10h 57m
10025,Main Story,Wii U,11h
10025,Main Story,NES,11h
10025,Main Story,NA,11h
10025,Main Story,Nintendo 3DS,11h 01m
10025,Main Story,Nintendo 3DS,11h 16m
10025,Main Story,NES,11h 20m
10025,Main Story,NES,11h 32m
10025,Main Story,Nintendo 3DS,12h
10025,Main Story,Wii,12h
10025,Main Story,Nintendo 3DS,12h
10025,Main Story,NES,12h
10025,Main Story,Nintendo 3DS,12h
10025,Main Story,NES,12h
10025,Main Story,NES,12h
10025,Main Story,NES,12h 05m
10025,Main Story,Nintendo 3DS,12h 23m
10025,Main Story,Wii U,12h 42m
10025,Main Story,Nintendo 3DS,12h 44m
10025,Main Story,Wii U,12h 48m
10025,Main Story,NES,13h
10025,Main Story,Nintendo 3DS,13h
10025,Main Story,NES,14h
10025,Main Story,Nintendo GameCube,14h
10025,Main Story,NES,15h
10025,Main Story,Super Nintendo,15h
10025,Main Story,NES,15h
10025,Main Story,Game Boy Advance,15h 30m
10025,Main Story,NES,17h
10025,Main Story,Emulated,18h
10025,Main Story,Nintendo 3DS,19h 42m
10025,Main Story,NES,20h
10025,Main Story,Nintendo 3DS,20h 13m
10025,Main Story,Nintendo 3DS,22h 05m
10025,Main + Extras,Nintendo GameCube,3h
10025,Main + Extras,NES,3h
10025,Main + Extras,NES,3h 09m
10025,Main + Extras,NES,3h 30m
10025,Main + Extras,NES,3h 30m
10025,Main + Extras,NES,3h 37m
10025,Main + Extras,Game Boy Advance,3h 50m
10025,Main + Extras,NES,4h
10025,Main + Extras,NES,4h 02m
10025,Main + Extras,Wii U,4h 05m
10025,Main + Extras,Emulated,4h 22m
10025,Main + Extras,NES,4h 30m
10025,Main + Extras,Nintendo 3DS,4h 30m
10025,Main + Extras,Nintendo Switch,4h 30m
10025,Main + Extras,NES,4h 30m
10025,Main + Extras,NES,4h 38m
10025,Main + Extras,NES,4h 47m
10025,Main + Extras,Nintendo 3DS,4h 49m
10025,Main + Extras,NES,4h 51m
10025,Main + Extras,NES,4h 55m
10025,Main + Extras,Wii U,4h 58m
10025,Main + Extras,NES,5h 10m
10025,Main + Extras,Emulated,5h 10m
10025,Main + Extras,Nintendo 3DS,5h 14m
10025,Main + Extras,Emulated,5h 23m
10025,Main + Extras,Nintendo 3DS,5h 30m
10025,Main + Extras,Emulated,5h 30m
10025,Main + Extras,NES,5h 38m
10025,Main + Extras,Nintendo Switch,5h 50m
10025,Main + Extras,Nintendo 3DS,5h 59m
10025,Main + Extras,NES,6h
10025,Main + Extras,NES,6h
10025,Main + Extras,NES,6h
10025,Main + Extras,Wii U,6h
10025,Main + Extras,NES,6h 07m
10025,Main + Extras,NES,6h 23m
10025,Main + Extras,PC,6h 30m
10025,Main + Extras,NES,6h 30m
10025,Main + Extras,NES,6h 32m
10025,Main + Extras,Wii U,6h 39m
10025,Main + Extras,Nintendo Switch,6h 44m
10025,Main + Extras,NES,6h 45m
10025,Main + Extras,Nintendo 3DS,6h 47m
10025,Main + Extras,NES,7h
10025,Main + Extras,NES,7h
10025,Main + Extras,Nintendo 3DS,7h 12m
10025,Main + Extras,Nintendo 3DS,7h 16m
10025,Main + Extras,Nintendo 3DS,7h 18m
10025,Main + Extras,NES,7h 20m
10025,Main + Extras,NES,7h 33m
10025,Main + Extras,Nintendo 3DS,7h 40m
10025,Main + Extras,NES,8h
10025,Main + Extras,NES,8h
10025,Main + Extras,Wii,8h
10025,Main + Extras,NES,8h
10025,Main + Extras,NES,8h
10025,Main + Extras,Nintendo 3DS,8h
10025,Main + Extras,Wii,8h 11m
10025,Main + Extras,Nintendo Switch,8h 12m
10025,Main + Extras,NES,8h 14m
10025,Main + Extras,Game Boy Advance,8h 24m
10025,Main + Extras,NES,8h 35m
10025,Main + Extras,NES,8h 44m
10025,Main + Extras,NES,8h 48m
10025,Main + Extras,Wii U,8h 50m
10025,Main + Extras,NES,9h
10025,Main + Extras,NES,9h
10025,Main + Extras,Nintendo GameCube,9h
10025,Main + Extras,NES,9h
10025,Main + Extras,NES,9h
10025,Main + Extras,Nintendo Switch,9h
10025,Main + Extras,NES,9h 11m
10025,Main + Extras,NES,9h 14m
10025,Main + Extras,NES,9h 17m
10025,Main + Extras,NES,9h 17m
10025,Main + Extras,Nintendo Switch,9h 18m
10025,Main + Extras,Emulated,9h 23m
10025,Main + Extras,NES,9h 25m
10025,Main + Extras,NES,9h 30m
10025,Main + Extras,NES,9h 30m
10025,Main + Extras,NES,9h 30m
10025,Main + Extras,NES,9h 30m
10025,Main + Extras,Game Boy Advance,9h 30m
10025,Main + Extras,NES,9h 55m
10025,Main + Extras,Nintendo 3DS,9h 55m
10025,Main + Extras,NES,10h
10025,Main + Extras,NES,10h
10025,Main + Extras,Nintendo 3DS,10h
10025,Main + Extras,Nintendo 3DS,10h
10025,Main + Extras,NA,10h
10025,Main + Extras,NES,10h
10025,Main + Extras,NES,10h
10025,Main + Extras,NES,10h
10025,Main + Extras,NES,10h
10025,Main + Extras,NES,10h
10025,Main + Extras,NES,10h 15m
10025,Main + Extras,NES,10h 20m
10025,Main + Extras,NES,10h 30m
10025,Main + Extras,Game Boy Advance,10h 43m
10025,Main + Extras,Nintendo 3DS,10h 47m
10025,Main + Extras,Nintendo 3DS,10h 48m
10025,Main + Extras,Nintendo Switch,10h 50m
10025,Main + Extras,NES,10h 57m
10025,Main + Extras,NES,11h
10025,Main + Extras,NES,11h
10025,Main + Extras,Nintendo 3DS,11h 18m
10025,Main + Extras,Nintendo DS,11h 18m
10025,Main + Extras,Nintendo 3DS,11h 55m
10025,Main + Extras,NES,12h
10025,Main + Extras,NES,12h
10025,Main + Extras,NES,12h
10025,Main + Extras,NES,12h
10025,Main + Extras,Wii,12h
10025,Main + Extras,NES,12h
10025,Main + Extras,Nintendo 3DS,12h 05m
10025,Main + Extras,NES,12h 25m
10025,Main + Extras,Nintendo 3DS,12h 33m
10025,Main + Extras,Nintendo 3DS,12h 51m
10025,Main + Extras,NA,12h 54m
10025,Main + Extras,NES,13h
10025,Main + Extras,NES,13h
10025,Main + Extras,Nintendo 3DS,13h 16m
10025,Main + Extras,Emulated,14h
10025,Main + Extras,NES,14h 21m
10025,Main + Extras,Nintendo 3DS,14h 40m
10025,Main + Extras,Nintendo GameCube,15h
10025,Main + Extras,NES,15h
10025,Main + Extras,Nintendo GameCube,15h 53m
10025,Main + Extras,NES,16h
10025,Main + Extras,Wii,17h
10025,Main + Extras,NES,18h
10025,Main + Extras,Nintendo 3DS,19h
10025,Main + Extras,NES,20h
10025,Main + Extras,NES,20h
10025,Main + Extras,Nintendo 3DS,25h 25m
10025,Main + Extras,NES,30h
10025,Completionists,NES,3h 10m
10025,Completionists,NES,4h 14m
10025,Completionists,NES,4h 41m
10025,Completionists,NES,4h 53m
10025,Completionists,NES,4h 55m
10025,Completionists,NES,5h 28m
10025,Completionists,NES,5h 30m
10025,Completionists,NES,5h 58m
10025,Completionists,NES,5h 59m
10025,Completionists,Nintendo 3DS,6h 09m
10025,Completionists,NES,6h 12m
10025,Completionists,NES,6h 28m
10025,Completionists,Nintendo 3DS,6h 32m
10025,Completionists,Emulated,6h 37m
10025,Completionists,NES,6h 45m
10025,Completionists,NES,7h
10025,Completionists,Emulated,7h
10025,Completionists,Nintendo 3DS,7h
10025,Completionists,NES,7h 17m
10025,Completionists,NES,7h 21m
10025,Completionists,Nintendo 3DS,7h 40m
10025,Completionists,NES,7h 52m
10025,Completionists,Nintendo 3DS,7h 52m
10025,Completionists,Nintendo 3DS,7h 52m
10025,Completionists,Nintendo Switch,8h
10025,Completionists,NES,8h
10025,Completionists,NES,8h
10025,Completionists,NES,8h 23m
10025,Completionists,NES,8h 45m
10025,Completionists,NES,8h 52m
10025,Completionists,Nintendo 3DS,9h
10025,Completionists,Nintendo 3DS,9h 14m
10025,Completionists,NES,9h 30m
10025,Completionists,Nintendo GameCube,10h
10025,Completionists,Emulated,10h
10025,Completionists,Wii,10h
10025,Completionists,NES,10h
10025,Completionists,Nintendo 3DS,10h 05m
10025,Completionists,NES,10h 50m
10025,Completionists,PC,11h
10025,Completionists,Wii,12h
10025,Completionists,NES,12h
10025,Completionists,NES,12h
10025,Completionists,Nintendo 3DS,12h
10025,Completionists,NES,12h
10025,Completionists,Emulated,12h
10025,Completionists,NES,12h
10025,Completionists,Wii,12h 12m
10025,Completionists,NES,12h 25m
10025,Completionists,NES,12h 30m
10025,Completionists,Nintendo 3DS,12h 30m
10025,Completionists,Wii,12h 34m
10025,Completionists,Wii U,12h 48m
10025,Completionists,NES,12h 56m
10025,Completionists,NES,13h
10025,Completionists,NES,13h
10025,Completionists,Nintendo 3DS,14h 01m
10025,Completionists,Nintendo 3DS,14h 12m
10025,Completionists,Nintendo 3DS,14h 30m
10025,Completionists,Wii,15h
10025,Completionists,NES,15h
10025,Completionists,Game Boy Advance,15h 43m
10025,Completionists,Nintendo GameCube,16h
10025,Completionists,NES,16h 10m
10025,Completionists,NES,16h 42m
10025,Completionists,Wii U,17h 22m
10025,Completionists,NES,18h
10025,Completionists,Nintendo 3DS,19h 30m
10025,Completionists,NES,20h
10025,Completionists,Nintendo DS,20h 59m
10025,Completionists,Nintendo 3DS,22h 45m
10025,Completionists,NES,25h
10025,Completionists,Nintendo 3DS,26h 20m
10025,Completionists,NES,28h
10025,Completionists,NES,28h
10025,Speed Run - Any%,NES,40m 19s
10025,Speed Run - Any%,Wii,45m 27s
10025,Speed Run - Any%,NES,48m 52s
10025,Speed Run - Any%,NES,49m
10025,Speed Run - Any%,NES,1h 03m 40s
10025,Speed Run - Any%,NES,2h 05m
10025,Speed Run - Any%,NES,3h 10m
10025,Speed Run - Any%,Nintendo DS,3h 19m 32s
10025,Speed Run - Any%,NES,4h 22m
10025,Speed Run - Any%,NES,5h
10025,Speed Run - 100%,NES,3h 38m 56s
10025,Speed Run - 100%,PC,5h 53m 02s
10025,Speed Run - 100%,Nintendo DS,6h 21m 14s
