id,type,platform,time
10023,Main Story,Game Boy Advance,1h 42m
10023,Main Story,Wii,4h 13m
10023,Main Story,Game Boy Advance,5h
10023,Main Story,Nintendo DS,5h
10023,Main Story,Game Boy Advance,5h 48m
10023,Main Story,Nintendo DS,5h 55m
10023,Main Story,Nintendo 3DS,6h 03m
10023,Main Story,PlayStation 2,6h 30m
10023,Main Story,PlayStation 2,7h
10023,Main Story,PlayStation 2,8h
10023,Main Story,PlayStation 2,10h 30m
10023,Main + Extras,Wii,5h 20m
10023,Completionists,Nintendo DS,5h 10m
