id,type,platform,time
10028,Main Story,Super Nintendo,4h 40m
10028,Main Story,Wii U,5h 48m
10028,Main Story,Super Nintendo,6h 58m
10028,Main Story,Super Nintendo,7h
10028,Main Story,Emulated,7h 19m
10028,Main Story,Super Nintendo,7h 25m
10028,Main Story,Super Nintendo,7h 49m
10028,Main Story,Wii U,7h 50m
10028,Main Story,Super Nintendo,7h 50m
10028,Main Story,NA,8h
10028,Main Story,Super Nintendo,8h
10028,Main Story,Game Boy Advance,8h
10028,Main Story,Super Nintendo,8h 03m
10028,Main Story,Game Boy Advance,8h 20m
10028,Main Story,Nintendo 3DS,8h 30m
10028,Main Story,Super Nintendo,9h
10028,Main Story,Super Nintendo,9h
10028,Main Story,Wii U,9h 04m
10028,Main Story,Super Nintendo,9h 15m
10028,Main Story,Super Nintendo,10h
10028,Main Story,Super Nintendo,10h
10028,Main Story,Super Nintendo,10h
10028,Main Story,Nintendo 3DS,10h 01m
10028,Main Story,Nintendo 3DS,10h 07m
10028,Main Story,Emulated,10h 15m
10028,Main Story,Super Nintendo,10h 46m
10028,Main Story,Game Boy Advance,10h 46m
10028,Main Story,Super Nintendo,10h 58m
10028,Main Story,Super Nintendo,11h 05m
10028,Main Story,Emulated,11h 11m
10028,Main Story,Super Nintendo,11h 31m
10028,Main Story,Wii,12h
10028,Main Story,PSP,12h
10028,Main Story,Super Nintendo,12h
10028,Main Story,Nintendo 3DS,12h 05m
10028,Main Story,Wii U,12h 12m
10028,Main Story,Super Nintendo,12h 13m
10028,Main Story,Super Nintendo,12h 15m
10028,Main Story,Wii U,12h 32m
10028,Main Story,Super Nintendo,12h 39m
10028,Main Story,Super Nintendo,12h 45m
10028,Main Story,Super Nintendo,12h 54m
10028,Main Story,Wii,13h
10028,Main Story,Super Nintendo,13h
10028,Main Story,Game Boy Advance,13h
10028,Main Story,Super Nintendo,13h
10028,Main Story,Super Nintendo,13h 04m
10028,Main Story,Super Nintendo,13h 15m
10028,Main Story,Super Nintendo,13h 22m
10028,Main Story,Wii U,13h 24m
10028,Main Story,Wii U,13h 28m
10028,Main Story,Super Nintendo,13h 41m
10028,Main Story,Super Nintendo,13h 45m
10028,Main Story,Super Nintendo,14h
10028,Main Story,Wii U,14h
10028,Main Story,Super Nintendo,14h
10028,Main Story,NA,14h
10028,Main Story,Super Nintendo,14h 15m
10028,Main Story,Super Nintendo,14h 30m
10028,Main Story,Super Nintendo,14h 36m
10028,Main Story,Wii U,15h
10028,Main Story,Game Boy Advance,15h
10028,Main Story,Super Nintendo,15h
10028,Main Story,Super Nintendo,15h
10028,Main Story,Wii,15h
10028,Main Story,Emulated,15h
10028,Main Story,Super Nintendo,15h
10028,Main Story,Super Nintendo,15h
10028,Main Story,Nintendo 3DS,15h
10028,Main Story,PC,15h
10028,Main Story,Game Boy Advance,15h
10028,Main Story,Wii U,15h 06m
10028,Main Story,Emulated,15h 15m
10028,Main Story,Super Nintendo,15h 17m
10028,Main Story,Wii U,15h 18m
10028,Main Story,Super Nintendo,15h 27m
10028,Main Story,Super Nintendo,15h 30m
10028,Main Story,Super Nintendo,15h 31m
10028,Main Story,NES,15h 34m
10028,Main Story,Super Nintendo,15h 34m
10028,Main Story,Wii U,15h 38m
10028,Main Story,Nintendo 3DS,15h 48m
10028,Main Story,Game Boy Advance,15h 57m
10028,Main Story,Super Nintendo,16h
10028,Main Story,NA,16h
10028,Main Story,Super Nintendo,16h
10028,Main Story,Super Nintendo,16h
10028,Main Story,Nintendo 3DS,16h
10028,Main Story,Super Nintendo,16h
10028,Main Story,Wii U,16h
10028,Main Story,Super Nintendo,16h
10028,Main Story,Super Nintendo,16h
10028,Main Story,Super Nintendo,16h
10028,Main Story,NES,16h
10028,Main Story,Super Nintendo,16h
10028,Main Story,Emulated,16h
10028,Main Story,Super Nintendo,16h
10028,Main Story,Wii,16h
10028,Main Story,PC,16h
10028,Main Story,Super Nintendo,16h
10028,Main Story,Super Nintendo,16h
10028,Main Story,Game Boy Advance,16h 18m
10028,Main Story,PC,16h 22m
10028,Main Story,Super Nintendo,16h 24m
10028,Main Story,Super Nintendo,16h 24m
10028,Main Story,Super Nintendo,16h 30m
10028,Main Story,Wii U,16h 39m
10028,Main Story,Super Nintendo,16h 56m
10028,Main Story,Super Nintendo,17h
10028,Main Story,Super Nintendo,17h
10028,Main Story,Super Nintendo,17h
10028,Main Story,Emulated,17h
10028,Main Story,Super Nintendo,17h
10028,Main Story,Super Nintendo,17h
10028,Main Story,Game Boy Advance,17h
10028,Main Story,Super Nintendo,17h
10028,Main Story,Super Nintendo,17h
10028,Main Story,Super Nintendo,17h 13m
10028,Main Story,Super Nintendo,17h 19m
10028,Main Story,Nintendo 3DS,17h 58m
10028,Main Story,Game Boy Advance,18h
10028,Main Story,Super Nintendo,18h
10028,Main Story,Game Boy Advance,18h
10028,Main Story,Super Nintendo,18h
10028,Main Story,Super Nintendo,18h
10028,Main Story,Emulated,18h
10028,Main Story,Super Nintendo,18h
10028,Main Story,Super Nintendo,18h 20m
10028,Main Story,Wii U,18h 51m
10028,Main Story,Super Nintendo,19h
10028,Main Story,Super Nintendo,19h
10028,Main Story,Super Nintendo,19h 43m
10028,Main Story,Game Boy Advance,20h
10028,Main Story,Super Nintendo,20h
10028,Main Story,Super Nintendo,20h
10028,Main Story,Super Nintendo,20h
10028,Main Story,Emulated,20h
10028,Main Story,Emulated,20h
10028,Main Story,Super Nintendo,20h
10028,Main Story,Super Nintendo,20h
10028,Main Story,Wii U,20h 13m
10028,Main Story,Super Nintendo,20h 47m
10028,Main Story,Super Nintendo,20h 47m
10028,Main Story,Nintendo 3DS,20h 57m
10028,Main Story,Nintendo 3DS,21h
10028,Main Story,Super Nintendo,21h 15m
10028,Main Story,Game Boy Advance,21h 54m
10028,Main Story,Super Nintendo,22h
10028,Main Story,Super Nintendo,22h
10028,Main Story,Wii U,22h 40m
10028,Main Story,Nintendo 3DS,22h 59m
10028,Main Story,Emulated,23h
10028,Main Story,Super Nintendo,23h 36m
10028,Main Story,Nintendo 3DS,23h 47m
10028,Main Story,Game Boy Advance,24h
10028,Main Story,Nintendo 3DS,24h 57m
10028,Main Story,Wii U,25h
10028,Main Story,Game Boy Advance,25h
10028,Main Story,Emulated,25h
10028,Main Story,Super Nintendo,27h
10028,Main Story,Super Nintendo,30h
10028,Main Story,Super Nintendo,30h 30m
10028,Main + Extras,Super Nintendo,7h 21m
10028,Main + Extras,Game Boy Advance,8h 05m
10028,Main + Extras,Super Nintendo,8h 40m
10028,Main + Extras,Super Nintendo,8h 52m
10028,Main + Extras,Super Nintendo,8h 57m
10028,Main + Extras,Super Nintendo,8h 57m
10028,Main + Extras,Game Boy Advance,9h
10028,Main + Extras,Super Nintendo,9h 05m
10028,Main + Extras,Super Nintendo,9h 18m
10028,Main + Extras,Super Nintendo,9h 20m
10028,Main + Extras,Super Nintendo,9h 23m
10028,Main + Extras,Super Nintendo,10h
10028,Main + Extras,Super Nintendo,10h
10028,Main + Extras,Wii U,10h 12m
10028,Main + Extras,Super Nintendo,10h 24m
10028,Main + Extras,Super Nintendo,10h 37m
10028,Main + Extras,Super Nintendo,10h 39m
10028,Main + Extras,Nintendo 3DS,10h 44m
10028,Main + Extras,Nintendo 3DS,10h 49m
10028,Main + Extras,NA,11h
10028,Main + Extras,Super Nintendo,11h 01m
10028,Main + Extras,Super Nintendo,11h 05m
10028,Main + Extras,Super Nintendo,11h 30m
10028,Main + Extras,Wii U,11h 30m
10028,Main + Extras,Wii U,11h 42m
10028,Main + Extras,Super Nintendo,12h
10028,Main + Extras,Game Boy Advance,12h
10028,Main + Extras,Nintendo 3DS,12h 09m
10028,Main + Extras,Nintendo 3DS,12h 20m
10028,Main + Extras,Super Nintendo,12h 41m
10028,Main + Extras,Wii U,13h
10028,Main + Extras,PC,13h
10028,Main + Extras,Super Nintendo,13h
10028,Main + Extras,Emulated,13h 09m
10028,Main + Extras,Super Nintendo,13h 16m
10028,Main + Extras,Wii U,13h 16m
10028,Main + Extras,Super Nintendo,13h 28m
10028,Main + Extras,Wii U,13h 41m
10028,Main + Extras,Super Nintendo,13h 48m
10028,Main + Extras,Game Boy Advance,14h
10028,Main + Extras,Super Nintendo,14h
10028,Main + Extras,Super Nintendo,14h 03m
10028,Main + Extras,Wii U,14h 05m
10028,Main + Extras,Nintendo 3DS,14h 15m
10028,Main + Extras,Wii U,14h 15m
10028,Main + Extras,Emulated,14h 17m
10028,Main + Extras,Super Nintendo,14h 17m
10028,Main + Extras,Super Nintendo,14h 27m
10028,Main + Extras,Super Nintendo,14h 30m
10028,Main + Extras,Wii U,14h 33m
10028,Main + Extras,Nintendo 3DS,14h 52m
10028,Main + Extras,NA,15h
10028,Main + Extras,Super Nintendo,15h
10028,Main + Extras,Super Nintendo,15h
10028,Main + Extras,Game Boy Advance,15h
10028,Main + Extras,Super Nintendo,15h
10028,Main + Extras,Super Nintendo,15h 07m
10028,Main + Extras,Nintendo 3DS,15h 27m
10028,Main + Extras,Super Nintendo,15h 29m
10028,Main + Extras,Super Nintendo,15h 48m
10028,Main + Extras,Emulated,15h 49m
10028,Main + Extras,Super Nintendo,16h
10028,Main + Extras,Super Nintendo,16h
10028,Main + Extras,Super Nintendo,16h
10028,Main + Extras,Super Nintendo,16h
10028,Main + Extras,Super Nintendo,16h
10028,Main + Extras,Super Nintendo,16h
10028,Main + Extras,Emulated,16h
10028,Main + Extras,Super Nintendo,16h
10028,Main + Extras,Wii U,16h
10028,Main + Extras,Super Nintendo,16h
10028,Main + Extras,Wii U,16h 06m
10028,Main + Extras,Super Nintendo,16h 20m
10028,Main + Extras,Wii U,16h 34m
10028,Main + Extras,Nintendo 3DS,16h 35m
10028,Main + Extras,Emulated,16h 40m
10028,Main + Extras,Super Nintendo,16h 45m
10028,Main + Extras,Super Nintendo,17h
10028,Main + Extras,Wii,17h
10028,Main + Extras,Super Nintendo,17h
10028,Main + Extras,Super Nintendo,17h
10028,Main + Extras,Game Boy Advance,17h
10028,Main + Extras,Super Nintendo,17h
10028,Main + Extras,Wii U,17h
10028,Main + Extras,Game Boy Advance,17h
10028,Main + Extras,Super Nintendo,17h
10028,Main + Extras,NA,17h 21m
10028,Main + Extras,Wii U,17h 25m
10028,Main + Extras,Super Nintendo,17h 36m
10028,Main + Extras,Game Boy Advance,17h 43m
10028,Main + Extras,Super Nintendo,17h 45m
10028,Main + Extras,Wii U,17h 53m
10028,Main + Extras,Super Nintendo,18h
10028,Main + Extras,Super Nintendo,18h
10028,Main + Extras,Super Nintendo,18h
10028,Main + Extras,Super Nintendo,18h
10028,Main + Extras,Super Nintendo,18h
10028,Main + Extras,Super Nintendo,18h
10028,Main + Extras,Super Nintendo,18h
10028,Main + Extras,NES,18h
10028,Main + Extras,Super Nintendo,18h
10028,Main + Extras,Wii U,18h
10028,Main + Extras,Wii U,18h
10028,Main + Extras,NA,18h
10028,Main + Extras,Super Nintendo,18h
10028,Main + Extras,Super Nintendo,18h
10028,Main + Extras,Super Nintendo,18h
10028,Main + Extras,Wii U,18h 14m
10028,Main + Extras,Super Nintendo,19h
10028,Main + Extras,Super Nintendo,19h
10028,Main + Extras,Game Boy Advance,19h
10028,Main + Extras,Super Nintendo,19h
10028,Main + Extras,Super Nintendo,19h
10028,Main + Extras,Super Nintendo,19h 01m
10028,Main + Extras,Wii,19h 23m
10028,Main + Extras,Wii U,19h 35m
10028,Main + Extras,Wii U,19h 41m
10028,Main + Extras,Super Nintendo,20h
10028,Main + Extras,Game Boy Advance,20h
10028,Main + Extras,Wii U,20h
10028,Main + Extras,Super Nintendo,20h
10028,Main + Extras,Super Nintendo,20h
10028,Main + Extras,Super Nintendo,20h
10028,Main + Extras,Super Nintendo,20h
10028,Main + Extras,Super Nintendo,20h
10028,Main + Extras,Wii,20h
10028,Main + Extras,Super Nintendo,20h
10028,Main + Extras,Super Nintendo,20h
10028,Main + Extras,Game Boy Advance,20h
10028,Main + Extras,Game Boy Advance,20h
10028,Main + Extras,Super Nintendo,20h
10028,Main + Extras,Super Nintendo,20h
10028,Main + Extras,Super Nintendo,20h
10028,Main + Extras,Super Nintendo,20h
10028,Main + Extras,Super Nintendo,20h
10028,Main + Extras,Super Nintendo,20h
10028,Main + Extras,Super Nintendo,20h 16m
10028,Main + Extras,Wii,20h 50m
10028,Main + Extras,Emulated,20h 53m
10028,Main + Extras,Super Nintendo,21h
10028,Main + Extras,Wii U,21h 19m
10028,Main + Extras,Nintendo 3DS,21h 57m
10028,Main + Extras,Super Nintendo,22h
10028,Main + Extras,Super Nintendo,22h
10028,Main + Extras,Super Nintendo,22h
10028,Main + Extras,Super Nintendo,22h
10028,Main + Extras,Super Nintendo,22h 40m
10028,Main + Extras,Super Nintendo,22h 46m
10028,Main + Extras,Super Nintendo,23h
10028,Main + Extras,Wii U,23h 26m
10028,Main + Extras,Wii U,24h
10028,Main + Extras,Super Nintendo,24h 17m
10028,Main + Extras,Wii U,24h 45m
10028,Main + Extras,Super Nintendo,24h 57m
10028,Main + Extras,Super Nintendo,25h
10028,Main + Extras,Super Nintendo,25h
10028,Main + Extras,Super Nintendo,25h
10028,Main + Extras,Game Boy Advance,25h
10028,Main + Extras,Game Boy Advance,25h
10028,Main + Extras,Game Boy Advance,25h
10028,Main + Extras,Nintendo 3DS,25h
10028,Main + Extras,Super Nintendo,25h
10028,Main + Extras,Wii U,25h 07m
10028,Main + Extras,Emulated,25h 28m
10028,Main + Extras,Wii U,25h 45m
10028,Main + Extras,Super Nintendo,26h
10028,Main + Extras,Game Boy Advance,26h
10028,Main + Extras,Game Boy Advance,26h
10028,Main + Extras,Super Nintendo,26h 40m
10028,Main + Extras,Nintendo 3DS,27h 11m
10028,Main + Extras,Wii U,28h 30m
10028,Main + Extras,Super Nintendo,28h 51m
10028,Main + Extras,Super Nintendo,30h
10028,Main + Extras,Game Boy Advance,30h 15m
10028,Main + Extras,Wii,31h 35m
10028,Main + Extras,Wii,32h
10028,Main + Extras,Wii U,34h 06m
10028,Main + Extras,Game Boy Advance,40h
10028,Completionists,Super Nintendo,5h 10m
10028,Completionists,Super Nintendo,5h 55m
10028,Completionists,Super Nintendo,6h 40m
10028,Completionists,Super Nintendo,6h 50m
10028,Completionists,Super Nintendo,6h 55m
10028,Completionists,Super Nintendo,7h 09m
10028,Completionists,Super Nintendo,7h 15m
10028,Completionists,Super Nintendo,7h 21m
10028,Completionists,Super Nintendo,8h 06m
10028,Completionists,Wii U,8h 10m
10028,Completionists,Wii U,8h 22m
10028,Completionists,Game Boy Advance,8h 44m
10028,Completionists,Super Nintendo,8h 45m
10028,Completionists,Super Nintendo,8h 50m
10028,Completionists,Super Nintendo,9h
10028,Completionists,Nintendo 3DS,9h 12m
10028,Completionists,Game Boy Advance,10h
10028,Completionists,Super Nintendo,10h
10028,Completionists,Nintendo 3DS,10h 15m
10028,Completionists,Super Nintendo,10h 17m
10028,Completionists,Super Nintendo,10h 20m
10028,Completionists,Emulated,10h 53m
10028,Completionists,Super Nintendo,11h 18m
10028,Completionists,Super Nintendo,12h
10028,Completionists,Super Nintendo,12h
10028,Completionists,Super Nintendo,12h
10028,Completionists,Super Nintendo,12h
10028,Completionists,Super Nintendo,12h 15m
10028,Completionists,Wii U,12h 38m
10028,Completionists,Super Nintendo,12h 40m
10028,Completionists,Super Nintendo,13h
10028,Completionists,Super Nintendo,13h
10028,Completionists,Nintendo 3DS,13h 04m
10028,Completionists,Super Nintendo,13h 30m
10028,Completionists,Super Nintendo,13h 40m
10028,Completionists,Wii U,14h 35m
10028,Completionists,Wii,14h 41m
10028,Completionists,NA,15h
10028,Completionists,Super Nintendo,15h
10028,Completionists,Emulated,15h
10028,Completionists,Super Nintendo,15h
10028,Completionists,Super Nintendo,15h 36m
10028,Completionists,Super Nintendo,15h 50m
10028,Completionists,Super Nintendo,15h 50m
10028,Completionists,Nintendo 3DS,15h 56m
10028,Completionists,Super Nintendo,16h
10028,Completionists,Super Nintendo,16h
10028,Completionists,Super Nintendo,16h
10028,Completionists,Super Nintendo,16h
10028,Completionists,Super Nintendo,16h 06m
10028,Completionists,Wii U,16h 33m
10028,Completionists,Wii U,16h 34m
10028,Completionists,Super Nintendo,16h 40m
10028,Completionists,Super Nintendo,16h 43m
10028,Completionists,Super Nintendo,17h
10028,Completionists,Super Nintendo,17h
10028,Completionists,Emulated,17h
10028,Completionists,Game Boy Advance,17h
10028,Completionists,Super Nintendo,17h
10028,Completionists,Wii,17h 11m
10028,Completionists,Wii,17h 30m
10028,Completionists,Wii U,17h 44m
10028,Completionists,Super Nintendo,17h 45m
10028,Completionists,Nintendo 3DS,17h 54m
10028,Completionists,Wii U,18h
10028,Completionists,Super Nintendo,18h
10028,Completionists,Wii U,18h
10028,Completionists,Super Nintendo,18h
10028,Completionists,Super Nintendo,18h
10028,Completionists,Super Nintendo,18h
10028,Completionists,Super Nintendo,18h
10028,Completionists,Super Nintendo,18h
10028,Completionists,Super Nintendo,18h
10028,Completionists,Mobile,18h
10028,Completionists,Super Nintendo,18h 02m
10028,Completionists,Game Boy Advance,18h 12m
10028,Completionists,Super Nintendo,18h 21m
10028,Completionists,Super Nintendo,18h 36m
10028,Completionists,Super Nintendo,18h 40m
10028,Completionists,Wii,18h 43m
10028,Completionists,Nintendo 3DS,18h 49m
10028,Completionists,Super Nintendo,19h
10028,Completionists,Wii,19h
10028,Completionists,Super Nintendo,19h 20m
10028,Completionists,Super Nintendo,19h 22m
10028,Completionists,Super Nintendo,19h 34m
10028,Completionists,Super Nintendo/Famicom,19h 35m
10028,Completionists,Super Nintendo,20h
10028,Completionists,Super Nintendo,20h
10028,Completionists,Super Nintendo,20h
10028,Completionists,Wii,20h
10028,Completionists,Super Nintendo,20h
10028,Completionists,Super Nintendo,20h
10028,Completionists,Game Boy Advance,20h
10028,Completionists,Super Nintendo,20h
10028,Completionists,Super Nintendo,20h
10028,Completionists,Super Nintendo,20h
10028,Completionists,Super Nintendo,20h
10028,Completionists,Game Boy Advance,20h
10028,Completionists,Super Nintendo,20h
10028,Completionists,Wii,20h
10028,Completionists,Super Nintendo,20h
10028,Completionists,Super Nintendo,20h
10028,Completionists,Super Nintendo,20h
10028,Completionists,Super Nintendo,20h 02m
10028,Completionists,Game Boy Advance,20h 13m
10028,Completionists,Wii,20h 14m
10028,Completionists,Wii,21h
10028,Completionists,Game Boy Advance,21h
10028,Completionists,Game Boy Advance,21h 50m
10028,Completionists,Wii U,21h 55m
10028,Completionists,Super Nintendo,22h
10028,Completionists,Nintendo 3DS,22h
10028,Completionists,Super Nintendo,22h
10028,Completionists,Game Boy Advance,23h
10028,Completionists,Super Nintendo,23h
10028,Completionists,Super Nintendo,23h
10028,Completionists,Super Nintendo,23h 18m
10028,Completionists,PC,23h 26m
10028,Completionists,Super Nintendo,25h
10028,Completionists,Super Nintendo,25h
10028,Completionists,Super Nintendo,25h
10028,Completionists,Super Nintendo,25h
10028,Completionists,Super Nintendo,25h 13m
10028,Completionists,Super Nintendo,26h
10028,Completionists,Nintendo 3DS,26h 05m
10028,Completionists,Super Nintendo,27h
10028,Completionists,Super Nintendo,28h
10028,Completionists,Super Nintendo,28h
10028,Completionists,Super Nintendo,29h
10028,Completionists,Super Nintendo,30h
10028,Completionists,Super Nintendo,30h
10028,Completionists,Super Nintendo,30h
10028,Completionists,Game Boy Advance,30h
10028,Speed Run - Any%,Wii U,04m 12s
10028,Speed Run - Any%,Super Nintendo,1h 25m 35s
10028,Speed Run - Any%,Super Nintendo,1h 28m 41s
10028,Speed Run - Any%,Super Nintendo,1h 49m
10028,Speed Run - Any%,Super Nintendo,2h 04m
10028,Speed Run - Any%,Super Nintendo,2h 32m 15s
10028,Speed Run - Any%,Super Nintendo,2h 32m 15s
10028,Speed Run - Any%,Super Nintendo,2h 40m 47s
10028,Speed Run - Any%,Super Nintendo,2h 58m 26s
10028,Speed Run - Any%,Super Nintendo,3h 25m 46s
10028,Speed Run - Any%,Super Nintendo,3h 48m
10028,Speed Run - Any%,NA,3h 55m 49s
10028,Speed Run - Any%,Super Nintendo,4h
10028,Speed Run - Any%,Super Nintendo,4h
10028,Speed Run - Any%,Super Nintendo,4h 26m
10028,Speed Run - Any%,Super Nintendo,5h 40m
10028,Speed Run - 100%,Super Nintendo,1h 57m 34s
10028,Speed Run - 100%,Super Nintendo,2h 43m 34s
10028,Speed Run - 100%,Super Nintendo,2h 47m 20s
10028,Speed Run - 100%,Super Nintendo,3h 27m
10028,Speed Run - 100%,Super Nintendo,3h 48m
10028,Speed Run - 100%,Super Nintendo,3h 55m
10028,Speed Run - 100%,Super Nintendo,3h 55m 49s
10028,Speed Run - 100%,NA,4h 03m
