id,type,platform,time
10021,Main Story,PlayStation 2,4h
10021,Main Story,Nintendo GameCube,4h 04m
10021,Main Story,Nintendo GameCube,5h
10021,Main Story,NA,6h
10021,Main Story,Nintendo GameCube,6h
10021,Main Story,PlayStation 2,6h 03m
10021,Main Story,Nintendo GameCube,6h 14m
10021,Main Story,PlayStation 2,6h 47m
10021,Main Story,PlayStation 2,6h 58m
10021,Main Story,Nintendo GameCube,7h
10021,Main Story,Nintendo GameCube,7h
10021,Main Story,PlayStation 2,7h
10021,Main Story,PlayStation 2,7h
10021,Main Story,Nintendo GameCube,7h
10021,Main Story,PlayStation 2,7h
10021,Main Story,PlayStation 2,7h 31m
10021,Main Story,PlayStation 2,7h 46m
10021,Main Story,PlayStation 2,8h
10021,Main Story,PlayStation 2,8h
10021,Main Story,PlayStation 2,8h
10021,Main Story,PlayStation 2,9h
10021,Main Story,Xbox,9h 12m
10021,Main Story,Xbox 360,10h 59m
10021,Main + Extras,Game Boy Advance,1h 37m
10021,Main + Extras,Nintendo GameCube,6h 03m
10021,Completionists,PlayStation 2,5h 53m
10021,Completionists,Nintendo GameCube,6h 04m
10021,Completionists,Xbox,7h 40m
10021,Completionists,PlayStation 2,8h
10021,Completionists,PlayStation 2,8h
10021,Completionists,PlayStation 2,8h 20m
10021,Completionists,PlayStation 2,12h
