id,type,platform,time
10022,Main Story,Nintendo DS,4h 58m
10022,Main Story,PlayStation 3,7h 30m
10022,Main Story,PlayStation 2,8h
10022,Main Story,Wii,8h 30m
10022,Main Story,PlayStation 3,10h
10022,Main Story,PlayStation 3,12h
10022,Main Story,Xbox 360,13h 57m
10022,Main + Extras,Wii,8h 15m
10022,Main + Extras,PlayStation 2,10h
10022,Main + Extras,Wii U,11h 40m
10022,Main + Extras,Xbox 360,16h 36m
10022,Completionists,PlayStation 2,7h 29m
10022,Completionists,NA,12h 30m
10022,Completionists,Xbox 360,24h
