id,type,platform,time
10035,Main Story,Wii,5h 30m
10035,Main Story,Nintendo GameCube,6h 35m
10035,Main Story,NA,7h 35m
10035,Main Story,Nintendo 64,7h 42m
10035,Main Story,Nintendo 64,8h 27m
10035,Main Story,Nintendo 64,8h 50m
10035,Main Story,Wii,9h
10035,Main Story,Nintendo 3DS,9h 17m
10035,Main Story,Nintendo 64,9h 32m
10035,Main Story,Nintendo 64,9h 42m
10035,Main Story,Nintendo 64,10h
10035,Main Story,Nintendo 64,10h 15m
10035,Main Story,Nintendo 64,10h 39m
10035,Main Story,Nintendo 64,10h 46m
10035,Main Story,Nintendo 64,10h 54m
10035,Main Story,Nintendo 64,11h 15m
10035,Main Story,Nintendo 64,11h 21m
10035,Main Story,Nintendo 64,11h 35m
10035,Main Story,Nintendo 64,11h 42m
10035,Main Story,Nintendo 64,11h 47m
10035,Main Story,Nintendo 64,12h
10035,Main Story,Nintendo 64,12h
10035,Main Story,Nintendo GameCube,13h
10035,Main Story,Nintendo GameCube,13h
10035,Main Story,Emulated,13h 25m
10035,Main Story,NA,15h
10035,Main Story,Nintendo 64,15h
10035,Main Story,Nintendo 64,15h
10035,Main Story,Nintendo 64,15h
10035,Main Story,Nintendo 64,15h 06m
10035,Main Story,Nintendo 3DS,16h 55m
10035,Main Story,Nintendo 64,16h 59m
10035,Main Story,PC,18h
10035,Main Story,Nintendo 64,18h 25m
10035,Main Story,Nintendo 64,19h
10035,Main Story,Nintendo 64,19h 03m
10035,Main Story,Nintendo GameCube,19h 40m
10035,Main Story,NA,20h
10035,Main Story,Nintendo 64,20h
10035,Main Story,Nintendo 64,20h
10035,Main Story,Emulated,20h
10035,Main Story,Emulated,20h
10035,Main Story,Nintendo 64,20h
10035,Main Story,Wii U,20h
10035,Main Story,Nintendo 64,20h
10035,Main Story,Nintendo 64,20h 25m
10035,Main Story,Nintendo 64,20h 27m
10035,Main Story,Nintendo 64,20h 39m
10035,Main Story,Nintendo 64,21h
10035,Main Story,Wii,22h 11m
10035,Main Story,Nintendo 64,22h 30m
10035,Main Story,PC,22h 42m
10035,Main Story,NA,23h
10035,Main Story,Wii U,23h
10035,Main Story,Nintendo 64,23h 30m
10035,Main Story,Nintendo 3DS,24h
10035,Main Story,Nintendo 64,24h
10035,Main Story,Wii U,24h 08m
10035,Main Story,Nintendo 64,24h 35m
10035,Main Story,Wii,24h 48m
10035,Main Story,Nintendo 64,24h 50m
10035,Main Story,Nintendo GameCube,25h
10035,Main Story,Emulated,25h
10035,Main Story,Nintendo 64,25h
10035,Main Story,Wii,25h
10035,Main Story,Nintendo 64,25h
10035,Main Story,Nintendo 64,25h
10035,Main Story,Nintendo GameCube,25h
10035,Main Story,Emulated,25h
10035,Main Story,Emulated,25h 38m
10035,Main Story,Nintendo 64,26h
10035,Main Story,Nintendo 64,26h
10035,Main Story,Nintendo 64,26h
10035,Main Story,Nintendo 64,26h
10035,Main Story,Nintendo 64,26h
10035,Main Story,Nintendo 64,26h
10035,Main Story,Nintendo 64,26h
10035,Main Story,Nintendo 64,26h 54m
10035,Main Story,Nintendo 64,26h 56m
10035,Main Story,Nintendo GameCube,27h
10035,Main Story,Nintendo 64,27h
10035,Main Story,Nintendo 64,27h
10035,Main Story,Nintendo 64,27h
10035,Main Story,Nintendo 64,27h
10035,Main Story,Nintendo 64,27h
10035,Main Story,Nintendo 64,27h
10035,Main Story,Nintendo 64,27h
10035,Main Story,Wii,27h
10035,Main Story,Nintendo 64,27h 09m
10035,Main Story,Wii,27h 11m
10035,Main Story,Nintendo 64,27h 21m
10035,Main Story,Nintendo 64,27h 23m
10035,Main Story,Nintendo 64,27h 28m
10035,Main Story,Nintendo 64,27h 30m
10035,Main Story,Nintendo 64,27h 30m
10035,Main Story,Nintendo 64,27h 59m
10035,Main Story,Nintendo 64,28h
10035,Main Story,Nintendo 64,28h
10035,Main Story,Nintendo 64,28h
10035,Main Story,Nintendo 64,28h
10035,Main Story,Nintendo 64,28h 03m
10035,Main Story,PC,28h 26m
10035,Main Story,Nintendo 3DS,28h 30m
10035,Main Story,Emulated,28h 30m
10035,Main Story,Nintendo 64,28h 43m
10035,Main Story,Nintendo 64,28h 52m
10035,Main Story,Wii,28h 54m
10035,Main Story,Wii,29h
10035,Main Story,Nintendo 64,29h
10035,Main Story,Nintendo 64,30h
10035,Main Story,Nintendo 64,30h
10035,Main Story,Nintendo 64,30h
10035,Main Story,Nintendo 64,30h
10035,Main Story,Nintendo 64,30h
10035,Main Story,Nintendo 64,30h
10035,Main Story,Nintendo 64,30h
10035,Main Story,Wii,30h
10035,Main Story,Nintendo 64,30h
10035,Main Story,Nintendo 64,30h
10035,Main Story,Nintendo 64,30h
10035,Main Story,Nintendo 64,30h
10035,Main Story,Nintendo 64,30h
10035,Main Story,Nintendo 64,30h
10035,Main Story,Nintendo 64,30h
10035,Main Story,Nintendo 64,30h
10035,Main Story,Nintendo 64,30h
10035,Main Story,Nintendo 64,30h
10035,Main Story,Nintendo 64,30h
10035,Main Story,Nintendo 64,30h
10035,Main Story,Nintendo 64,30h
10035,Main Story,Wii,30h
10035,Main Story,Nintendo 64,30h
10035,Main Story,Nintendo 64,30h
10035,Main Story,Nintendo GameCube,30h
10035,Main Story,Nintendo 64,30h
10035,Main Story,Nintendo 64,30h
10035,Main Story,Nintendo 64,30h
10035,Main Story,Nintendo GameCube,30h
10035,Main Story,Nintendo 64,30h
10035,Main Story,Nintendo 64,30h
10035,Main Story,Wii U,30h
10035,Main Story,Nintendo 64,30h 20m
10035,Main Story,Nintendo GameCube,30h 25m
10035,Main Story,Wii,30h 30m
10035,Main Story,Nintendo 64,30h 51m
10035,Main Story,NA,32h
10035,Main Story,NA,32h
10035,Main Story,Nintendo 3DS,32h
10035,Main Story,Nintendo 64,32h 46m
10035,Main Story,Nintendo 64,33h
10035,Main Story,Nintendo 64,33h
10035,Main Story,Nintendo 64,34h
10035,Main Story,Nintendo 64,34h 31m
10035,Main Story,Nintendo 64,35h
10035,Main Story,Nintendo 64,35h
10035,Main Story,Nintendo 64,35h
10035,Main Story,Nintendo 64,35h
10035,Main Story,Nintendo GameCube,35h
10035,Main Story,Wii,35h
10035,Main Story,Nintendo 64,35h
10035,Main Story,Nintendo GameCube,35h
10035,Main Story,Nintendo 64,35h
10035,Main Story,Nintendo 64,35h 12m
10035,Main Story,Nintendo 64,35h 57m
10035,Main Story,Wii U,36h
10035,Main Story,Emulated,38h 40m
10035,Main Story,Nintendo 64,40h
10035,Main Story,Nintendo 64,40h
10035,Main Story,Nintendo 64,40h
10035,Main Story,Nintendo 64,40h
10035,Main Story,Nintendo 64,40h
10035,Main Story,Wii,40h
10035,Main Story,Nintendo 64,40h
10035,Main Story,Nintendo 64,40h 15m
10035,Main Story,Nintendo GameCube,41h 19m
10035,Main Story,NA,43h
10035,Main Story,Wii U,44h 05m
10035,Main Story,Nintendo 64,45h
10035,Main Story,Nintendo 64,50h
10035,Main Story,Nintendo 64,60h
10035,Main + Extras,Nintendo 64,11h 12m
10035,Main + Extras,Nintendo 64,11h 22m
10035,Main + Extras,Nintendo 64,11h 31m
10035,Main + Extras,Nintendo 64,12h 12m
10035,Main + Extras,Nintendo 64,12h 28m
10035,Main + Extras,Nintendo GameCube,13h
10035,Main + Extras,Nintendo 64,13h
10035,Main + Extras,Nintendo 64,13h
10035,Main + Extras,Nintendo GameCube,13h
10035,Main + Extras,Nintendo 64,13h 22m
10035,Main + Extras,Nintendo 64,13h 22m
10035,Main + Extras,Nintendo 64,16h
10035,Main + Extras,Nintendo 64,16h 24m
10035,Main + Extras,Nintendo 64,16h 30m
10035,Main + Extras,Nintendo 3DS,16h 53m
10035,Main + Extras,Nintendo 64,17h
10035,Main + Extras,Nintendo GameCube,17h 52m
10035,Main + Extras,Nintendo 64,18h
10035,Main + Extras,Nintendo 64,18h 07m
10035,Main + Extras,Nintendo 64,18h 50m
10035,Main + Extras,Nintendo GameCube,18h 52m
10035,Main + Extras,Nintendo GameCube,19h
10035,Main + Extras,Nintendo GameCube,19h
10035,Main + Extras,Nintendo 64,20h
10035,Main + Extras,PC,20h
10035,Main + Extras,Nintendo 64,20h
10035,Main + Extras,Nintendo 64,20h 26m
10035,Main + Extras,Nintendo 64,20h 39m
10035,Main + Extras,Nintendo GameCube,22h
10035,Main + Extras,Wii,22h
10035,Main + Extras,Nintendo 64,22h 02m
10035,Main + Extras,Nintendo 3DS,22h 11m
10035,Main + Extras,Nintendo 64,22h 20m
10035,Main + Extras,Emulated,24h
10035,Main + Extras,Nintendo 64,25h
10035,Main + Extras,Wii U,25h
10035,Main + Extras,Nintendo 64,25h
10035,Main + Extras,Nintendo GameCube,25h
10035,Main + Extras,Nintendo 64,25h
10035,Main + Extras,Nintendo GameCube,25h 02m
10035,Main + Extras,Nintendo 3DS,25h 14m
10035,Main + Extras,Nintendo 64,25h 22m
10035,Main + Extras,Nintendo GameCube,26h
10035,Main + Extras,Nintendo 64,26h
10035,Main + Extras,Wii,26h
10035,Main + Extras,Nintendo 64,26h 30m
10035,Main + Extras,Nintendo 64,26h 58m
10035,Main + Extras,Nintendo 64,27h
10035,Main + Extras,Nintendo 64,27h
10035,Main + Extras,Nintendo 64,27h 25m
10035,Main + Extras,Nintendo GameCube,27h 32m
10035,Main + Extras,Wii,28h
10035,Main + Extras,Nintendo 64,28h
10035,Main + Extras,Nintendo 64,28h 11m
10035,Main + Extras,Emulated,28h 23m
10035,Main + Extras,Nintendo 64,28h 30m
10035,Main + Extras,Nintendo GameCube,28h 30m
10035,Main + Extras,Nintendo 64,29h
10035,Main + Extras,Wii,29h
10035,Main + Extras,Nintendo 64,29h
10035,Main + Extras,Nintendo 64,29h 20m
10035,Main + Extras,Nintendo 64,29h 43m
10035,Main + Extras,Nintendo 64,29h 43m
10035,Main + Extras,Wii,30h
10035,Main + Extras,Nintendo GameCube,30h
10035,Main + Extras,Nintendo 64,30h
10035,Main + Extras,Nintendo 64,30h
10035,Main + Extras,Nintendo 64,30h
10035,Main + Extras,Nintendo 64,30h
10035,Main + Extras,Nintendo 64,30h
10035,Main + Extras,Nintendo 64,30h
10035,Main + Extras,Nintendo 64,30h
10035,Main + Extras,Nintendo 64,30h
10035,Main + Extras,Nintendo 64,30h
10035,Main + Extras,Nintendo 64,30h
10035,Main + Extras,Nintendo 64,30h
10035,Main + Extras,Nintendo 64,30h
10035,Main + Extras,Nintendo GameCube,30h
10035,Main + Extras,Nintendo 64,30h
10035,Main + Extras,Nintendo 64,30h
10035,Main + Extras,Nintendo 64,30h
10035,Main + Extras,Nintendo 64,30h
10035,Main + Extras,Emulated,30h
10035,Main + Extras,Nintendo 64,31h
10035,Main + Extras,Nintendo 64,31h
10035,Main + Extras,Nintendo 64,31h
10035,Main + Extras,Nintendo GameCube,31h
10035,Main + Extras,Nintendo 64,31h
10035,Main + Extras,Nintendo 64,31h
10035,Main + Extras,Nintendo GameCube,31h 05m
10035,Main + Extras,Nintendo 64,31h 22m
10035,Main + Extras,Nintendo 64,31h 29m
10035,Main + Extras,Nintendo 64,31h 47m
10035,Main + Extras,Nintendo 64,32h
10035,Main + Extras,Nintendo 64,32h
10035,Main + Extras,Emulated,32h
10035,Main + Extras,Nintendo 64,32h
10035,Main + Extras,Nintendo 64,32h
10035,Main + Extras,Nintendo 64,32h
10035,Main + Extras,Nintendo 64,32h
10035,Main + Extras,Nintendo 64,32h
10035,Main + Extras,Emulated,32h
10035,Main + Extras,Nintendo GameCube,32h
10035,Main + Extras,Nintendo 64,32h 12m
10035,Main + Extras,Nintendo 64,32h 24m
10035,Main + Extras,Wii,32h 35m
10035,Main + Extras,Nintendo 64,32h 43m
10035,Main + Extras,Nintendo 64,33h
10035,Main + Extras,Nintendo 64,33h
10035,Main + Extras,Emulated,33h 20m
10035,Main + Extras,Nintendo GameCube,34h
10035,Main + Extras,Wii,34h 20m
10035,Main + Extras,Nintendo 64,34h 25m
10035,Main + Extras,Nintendo 64,34h 32m
10035,Main + Extras,Nintendo 64,35h
10035,Main + Extras,Nintendo 64,35h
10035,Main + Extras,Nintendo 64,35h
10035,Main + Extras,Nintendo GameCube,35h
10035,Main + Extras,Nintendo 64,35h
10035,Main + Extras,Nintendo 64,35h
10035,Main + Extras,Nintendo 64,35h
10035,Main + Extras,Nintendo 64,35h
10035,Main + Extras,Nintendo 64,35h
10035,Main + Extras,Nintendo 64,35h
10035,Main + Extras,Nintendo GameCube,35h
10035,Main + Extras,Nintendo 64,35h 10m
10035,Main + Extras,Nintendo 64,35h 21m
10035,Main + Extras,Nintendo 64,35h 24m
10035,Main + Extras,Nintendo 64,35h 30m
10035,Main + Extras,NA,36h
10035,Main + Extras,Nintendo GameCube,36h
10035,Main + Extras,Nintendo 64,36h 35m
10035,Main + Extras,Nintendo 64,37h
10035,Main + Extras,Wii U,37h
10035,Main + Extras,Nintendo 64,38h
10035,Main + Extras,Nintendo 64,38h
10035,Main + Extras,Nintendo GameCube,39h
10035,Main + Extras,Nintendo 64,40h
10035,Main + Extras,Nintendo 64,40h
10035,Main + Extras,Nintendo 64,40h
10035,Main + Extras,Nintendo 64,40h
10035,Main + Extras,Nintendo 64,40h
10035,Main + Extras,Nintendo 64,40h
10035,Main + Extras,Nintendo GameCube,40h
10035,Main + Extras,Nintendo 64,40h 09m
10035,Main + Extras,NA,40h 38m
10035,Main + Extras,Nintendo 64,42h
10035,Main + Extras,Wii,42h 07m
10035,Main + Extras,Emulated,43h
10035,Main + Extras,Nintendo 64,45h
10035,Main + Extras,Wii U,47h 17m
10035,Main + Extras,Super Nintendo,50h
10035,Main + Extras,Nintendo GameCube,50h
10035,Main + Extras,Nintendo 3DS,50h
10035,Main + Extras,Wii,50h
10035,Main + Extras,Nintendo GameCube,52h 40m
10035,Main + Extras,NA,54h
10035,Main + Extras,Wii,55h
10035,Main + Extras,Wii U,60h
10035,Main + Extras,Nintendo 64,60h
10035,Main + Extras,Nintendo 64,60h
10035,Main + Extras,Nintendo 64,60h
10035,Main + Extras,Wii,60h 22m
10035,Main + Extras,Nintendo GameCube,80h
10035,Main + Extras,Nintendo 64,80h
10035,Completionists,NA,7h
10035,Completionists,NA,13h
10035,Completionists,Nintendo 64,14h 23m
10035,Completionists,Nintendo 64,16h
10035,Completionists,Nintendo 64,16h
10035,Completionists,Nintendo 64,16h 18m
10035,Completionists,Nintendo 64,17h 38m
10035,Completionists,Nintendo 64,17h 38m
10035,Completionists,Nintendo GameCube,18h 15m
10035,Completionists,Nintendo 64,18h 51m
10035,Completionists,Nintendo 64,18h 56m
10035,Completionists,Nintendo 64,19h
10035,Completionists,Nintendo 64,20h
10035,Completionists,Nintendo 64,20h 14m
10035,Completionists,Nintendo 64,21h 07m
10035,Completionists,Nintendo 64,23h
10035,Completionists,Nintendo GameCube,23h 30m
10035,Completionists,Nintendo 64,23h 36m
10035,Completionists,Nintendo GameCube,24h
10035,Completionists,Nintendo GameCube,25h
10035,Completionists,Nintendo 64,25h 17m
10035,Completionists,Nintendo 64,25h 32m
10035,Completionists,Nintendo 64,26h
10035,Completionists,Nintendo 64,26h 32m
10035,Completionists,Wii U,27h 30m
10035,Completionists,Nintendo 64,28h 30m
10035,Completionists,Nintendo GameCube,28h 30m
10035,Completionists,Nintendo 64,28h 43m
10035,Completionists,PC,30h
10035,Completionists,Nintendo 64,30h
10035,Completionists,Nintendo 64,30h
10035,Completionists,Nintendo 64,30h
10035,Completionists,Nintendo 64,30h 01m
10035,Completionists,Wii U,31h 42m
10035,Completionists,NA,32h
10035,Completionists,Nintendo 64,32h 43m
10035,Completionists,NA,33h
10035,Completionists,Nintendo 64,35h
10035,Completionists,Nintendo GameCube,35h
10035,Completionists,Nintendo 64,35h
10035,Completionists,Nintendo 64,35h
10035,Completionists,Nintendo 64,35h
10035,Completionists,Nintendo 64,35h
10035,Completionists,Nintendo 64,35h 06m
10035,Completionists,Nintendo 64,36h
10035,Completionists,Emulated,38h
10035,Completionists,Nintendo 64,38h
10035,Completionists,Nintendo 64,38h 30m
10035,Completionists,Nintendo 64,38h 41m
10035,Completionists,Nintendo 64,38h 57m
10035,Completionists,Nintendo GameCube,39h
10035,Completionists,Nintendo 3DS,39h
10035,Completionists,Nintendo 3DS,39h 56m
10035,Completionists,NA,40h
10035,Completionists,Nintendo 64,40h
10035,Completionists,Nintendo 64,40h
10035,Completionists,Nintendo 64,40h
10035,Completionists,Nintendo 64,40h
10035,Completionists,Nintendo GameCube,40h
10035,Completionists,Nintendo 64,40h
10035,Completionists,Nintendo 64,40h
10035,Completionists,Nintendo 64,40h
10035,Completionists,Nintendo 64,40h
10035,Completionists,Nintendo 64,40h
10035,Completionists,Nintendo 64,40h
10035,Completionists,Nintendo 64,40h
10035,Completionists,Nintendo 64,40h
10035,Completionists,Nintendo GameCube,40h
10035,Completionists,Nintendo 64,40h
10035,Completionists,Nintendo 64,40h
10035,Completionists,Nintendo 64,40h
10035,Completionists,Nintendo 64,40h
10035,Completionists,Nintendo 64,40h
10035,Completionists,Nintendo 64,40h
10035,Completionists,Nintendo 64,40h 15m
10035,Completionists,Nintendo 64,40h 18m
10035,Completionists,Nintendo 64,40h 29m
10035,Completionists,Nintendo 64,40h 31m
10035,Completionists,Nintendo GameCube,41h
10035,Completionists,Nintendo 64,41h 02m
10035,Completionists,Nintendo 64,41h 50m
10035,Completionists,Wii U,41h 54m
10035,Completionists,Nintendo 64,42h
10035,Completionists,Nintendo 64,42h
10035,Completionists,Nintendo 64,42h
10035,Completionists,Nintendo 64,42h 34m
10035,Completionists,Nintendo 64,43h
10035,Completionists,Nintendo 64,45h
10035,Completionists,Emulated,45h
10035,Completionists,Nintendo 64,45h
10035,Completionists,Nintendo 64,45h
10035,Completionists,Nintendo 64,45h
10035,Completionists,Nintendo 64,45h 55m
10035,Completionists,Nintendo 64,46h
10035,Completionists,Nintendo 64,48h
10035,Completionists,Nintendo 3DS,48h 10m
10035,Completionists,Nintendo GameCube,48h 45m
10035,Completionists,Nintendo 64,50h
10035,Completionists,Nintendo 64,50h
10035,Completionists,Nintendo 64,50h
10035,Completionists,Nintendo 64,50h
10035,Completionists,Nintendo 64,50h
10035,Completionists,Nintendo 64,50h
10035,Completionists,Nintendo 64,50h
10035,Completionists,Nintendo 64,50h
10035,Completionists,Nintendo 64,54h
10035,Completionists,Nintendo 64,56h
10035,Completionists,Nintendo 64,58h
10035,Completionists,Nintendo 3DS,60h
10035,Completionists,Nintendo 64,60h
10035,Completionists,Nintendo 64,60h
10035,Completionists,Nintendo 64,60h
10035,Completionists,Nintendo GameCube,62h
10035,Completionists,Nintendo 64,65h
10035,Completionists,NA,65h 10m
10035,Completionists,NA,66h
10035,Completionists,Nintendo 64,70h
10035,Completionists,Nintendo GameCube,70h
10035,Speed Run - Any%,Wii,18m 47s
10035,Speed Run - Any%,Wii,22m 34s
10035,Speed Run - Any%,Nintendo 64,22m 54s
10035,Speed Run - Any%,Wii,24m 11s
10035,Speed Run - Any%,Wii,24m 19s
10035,Speed Run - Any%,Nintendo 64,24m 29s
10035,Speed Run - Any%,Nintendo 64,24m 32s
10035,Speed Run - Any%,Nintendo 64,25m 38s
10035,Speed Run - Any%,Nintendo 64,27m 19s
10035,Speed Run - Any%,NA,1h 13m
10035,Speed Run - Any%,NA,1h 13m 20s
10035,Speed Run - Any%,Nintendo 64,1h 25m 34s
10035,Speed Run - Any%,Wii,2h 17m 30s
10035,Speed Run - Any%,Nintendo 64,2h 30m
10035,Speed Run - Any%,NA,3h 50s
10035,Speed Run - Any%,Nintendo 64,4h 55m
10035,Speed Run - Any%,NA,4h 56m 40s
10035,Speed Run - Any%,Nintendo 64,5h
10035,Speed Run - Any%,Nintendo 64,5h
10035,Speed Run - Any%,Nintendo 64,14h
10035,Speed Run - Any%,Nintendo 64,15h 16m 58s
10035,Speed Run - Any%,Nintendo 64,15h 20m
10035,Speed Run - 100%,NA,7h 23m
