id,type,platform,time
10038,Main Story,Nintendo 3DS,10h
10038,Main Story,Game Boy Color,10h
10038,Main Story,Game Boy Color,10h
10038,Main Story,Game Boy Color,10h 56m
10038,Main Story,Nintendo 3DS,10h 57m
10038,Main Story,Nintendo 3DS,11h 23m
10038,Main Story,Game Boy Color,12h 03m
10038,Main Story,Game Boy Color,12h 14m
10038,Main Story,Nintendo 3DS,12h 16m
10038,Main Story,Game Boy Color,12h 29m
10038,Main Story,Nintendo 3DS,12h 32m
10038,Main Story,Game Boy Color,13h
10038,Main Story,Nintendo 3DS,13h 42m
10038,Main Story,Nintendo 3DS,13h 59m
10038,Main Story,Game Boy Color,14h 05m
10038,Main Story,Nintendo 3DS,14h 36m
10038,Main Story,Nintendo 3DS,14h 53m
10038,Main Story,Game Boy Color,15h
10038,Main Story,NA,15h
10038,Main Story,Game Boy Color,15h
10038,Main Story,Game Boy Color,15h
10038,Main Story,Nintendo 3DS,15h
10038,Main Story,Game Boy Color,15h
10038,Main Story,Game Boy Color,15h
10038,Main Story,Nintendo 3DS,15h 01m
10038,Main Story,Game Boy Color,15h 15m
10038,Main Story,Nintendo 3DS,15h 35m
10038,Main Story,Nintendo 3DS,16h
10038,Main Story,Nintendo 3DS,16h
10038,Main Story,Game Boy Color,16h
10038,Main Story,Nintendo 3DS,16h 20m
10038,Main Story,Game Boy Color,16h 30m
10038,Main Story,Game Boy Advance,16h 50m
10038,Main Story,Nintendo 3DS,17h
10038,Main Story,Game Boy Color,17h
10038,Main Story,Nintendo 3DS,17h 27m
10038,Main Story,Game Boy Color,18h
10038,Main Story,Game Boy Color,18h
10038,Main Story,Game Boy Color,18h
10038,Main Story,Nintendo 3DS,18h 16m
10038,Main Story,Game Boy Advance,18h 25m
10038,Main Story,Nintendo 3DS,19h 06m
10038,Main Story,Game Boy Color,19h 51m
10038,Main Story,Game Boy Color,20h
10038,Main Story,Nintendo 3DS,20h
10038,Main Story,Game Boy Color,20h
10038,Main Story,Game Boy Color,20h
10038,Main Story,Game Boy Color,20h 32m
10038,Main Story,Game Boy Color,21h
10038,Main Story,Game Boy Color,21h
10038,Main Story,Game Boy Color,21h 31m
10038,Main Story,Nintendo 3DS,22h
10038,Main Story,Game Boy Color,22h 15m
10038,Main Story,Game Boy Color,23h 53m
10038,Main Story,Nintendo 3DS,24h 57m
10038,Main Story,Game Boy Advance,25h
10038,Main Story,Nintendo 3DS,25h 30m
10038,Main Story,Nintendo 3DS,25h 47m
10038,Main Story,Game Boy Color,25h 59m
10038,Main Story,Game Boy Color,30h 44m
10038,Main + Extras,Nintendo 3DS,12h
10038,Main + Extras,Nintendo 3DS,12h 52m
10038,Main + Extras,Game Boy Color,13h 02m
10038,Main + Extras,Nintendo 3DS,13h 26m
10038,Main + Extras,Nintendo 3DS,13h 45m
10038,Main + Extras,Game Boy Color,13h 45m
10038,Main + Extras,Nintendo 3DS,13h 57m
10038,Main + Extras,Game Boy Color,14h 03m
10038,Main + Extras,Nintendo 3DS,14h 05m
10038,Main + Extras,Nintendo 3DS,14h 38m
10038,Main + Extras,Game Boy Color,15h
10038,Main + Extras,Nintendo 3DS,15h 22m
10038,Main + Extras,Game Boy Color,15h 35m
10038,Main + Extras,Game Boy Color,15h 36m
10038,Main + Extras,Nintendo 3DS,15h 44m
10038,Main + Extras,Game Boy Color,15h 48m
10038,Main + Extras,NA,16h
10038,Main + Extras,Nintendo 3DS,16h
10038,Main + Extras,Game Boy Color,16h
10038,Main + Extras,Game Boy Color,16h
10038,Main + Extras,Game Boy Color,16h
10038,Main + Extras,Nintendo 3DS,16h 21m
10038,Main + Extras,Game Boy Color,16h 47m
10038,Main + Extras,Game Boy Color,16h 48m
10038,Main + Extras,Nintendo 3DS,16h 57m
10038,Main + Extras,Game Boy Color,17h 13m
10038,Main + Extras,Nintendo 3DS,17h 20m
10038,Main + Extras,Nintendo 3DS,17h 32m
10038,Main + Extras,Game Boy Color,17h 48m
10038,Main + Extras,Game Boy Color,18h
10038,Main + Extras,Game Boy Color,18h
10038,Main + Extras,Game Boy Color,18h
10038,Main + Extras,Game Boy Color,18h
10038,Main + Extras,Nintendo 3DS,18h 27m
10038,Main + Extras,Nintendo 3DS,18h 31m
10038,Main + Extras,Nintendo 3DS,18h 45m
10038,Main + Extras,Game Boy Color,18h 45m
10038,Main + Extras,Game Boy Color,19h
10038,Main + Extras,Game Boy Color,19h
10038,Main + Extras,Game Boy Color,19h 02m
10038,Main + Extras,Nintendo 3DS,19h 22m
10038,Main + Extras,Nintendo 3DS,19h 31m
10038,Main + Extras,Game Boy Color,20h
10038,Main + Extras,Game Boy Color,20h
10038,Main + Extras,Nintendo 3DS,20h
10038,Main + Extras,Game Boy Color,20h
10038,Main + Extras,Game Boy Color,20h
10038,Main + Extras,Nintendo DS,20h 01m
10038,Main + Extras,Game Boy Color,20h 12m
10038,Main + Extras,Game Boy Color,20h 16m
10038,Main + Extras,Nintendo 3DS,20h 30m
10038,Main + Extras,Nintendo 3DS,20h 31m
10038,Main + Extras,Nintendo 3DS,20h 56m
10038,Main + Extras,Game Boy Color,21h
10038,Main + Extras,Game Boy Color,22h
10038,Main + Extras,Game Boy Advance,22h
10038,Main + Extras,Nintendo 3DS,22h 30m
10038,Main + Extras,Game Boy Color,22h 34m
10038,Main + Extras,Nintendo 3DS,23h 06m
10038,Main + Extras,Nintendo 3DS,23h 26m
10038,Main + Extras,Game Boy Color,24h
10038,Main + Extras,Game Boy Color,24h
10038,Main + Extras,Nintendo 3DS,24h 21m
10038,Main + Extras,Nintendo 3DS,24h 38m
10038,Main + Extras,Game Boy Color,25h
10038,Main + Extras,Game Boy Color,25h 12m
10038,Main + Extras,Game Boy Color,25h 41m
10038,Main + Extras,Game Boy Color,26h
10038,Main + Extras,Game Boy Color,27h
10038,Main + Extras,Game Boy Color,27h 09m
10038,Main + Extras,Game Boy Color,29h 03m
10038,Main + Extras,Game Boy Color,30h
10038,Main + Extras,Game Boy Color,30h
10038,Main + Extras,Game Boy Color,30h 14m
10038,Main + Extras,Nintendo 3DS,34h 41m
10038,Completionists,Nintendo 3DS,16h 16m
10038,Completionists,Nintendo 3DS,16h 25m
10038,Completionists,Nintendo 3DS,16h 44m
10038,Completionists,Nintendo 3DS,17h 07m
10038,Completionists,Nintendo 3DS,18h 05m
10038,Completionists,Nintendo 3DS,18h 42m
10038,Completionists,Game Boy Color,20h
10038,Completionists,Nintendo 3DS,20h
10038,Completionists,NA,21h
10038,Completionists,Game Boy Color,21h 25m
10038,Completionists,Nintendo 3DS,21h 35m
10038,Completionists,Game Boy Color,21h 42m
10038,Completionists,Game Boy Color,22h
10038,Completionists,Nintendo 3DS,23h 41m
10038,Completionists,Game Boy Color,23h 49m
10038,Completionists,Nintendo 3DS,24h
10038,Completionists,Game Boy Color,24h
10038,Completionists,Nintendo 3DS,24h 16m
10038,Completionists,PC,24h 22m
10038,Completionists,Game Boy Color,24h 24m
10038,Completionists,Nintendo 3DS,24h 27m
10038,Completionists,Game Boy Color,25h
10038,Completionists,Game Boy Color,25h
10038,Completionists,Game Boy Color,25h
10038,Completionists,Game Boy Color,25h
10038,Completionists,Game Boy Advance,25h
10038,Completionists,Nintendo 3DS,25h 43m
10038,Completionists,Game Boy Color,27h
10038,Completionists,Game Boy Color,29h 10m
10038,Completionists,Game Boy Color,32h 25m
10038,Completionists,Nintendo 3DS,33h 20m
10038,Completionists,Game Boy Color,40h
10038,Completionists,Nintendo 3DS,45h
