id,type,platform,time
10030,Main Story,Wii,8h 54m
10030,Main Story,Nintendo GameCube,9h 24m
10030,Main Story,Nintendo GameCube,10h 47m
10030,Main Story,Nintendo GameCube,11h
10030,Main Story,Nintendo GameCube,12h
10030,Main Story,Nintendo GameCube,12h 02m
10030,Main Story,Nintendo GameCube,13h
10030,Main Story,Nintendo GameCube,13h 30m
10030,Main Story,Nintendo GameCube,13h 50m
10030,Main Story,Nintendo GameCube,14h
10030,Main Story,Nintendo GameCube,14h
10030,Main Story,Nintendo GameCube,14h
10030,Main Story,Nintendo GameCube,14h
10030,Main Story,Nintendo GameCube,14h 23m
10030,Main Story,Nintendo GameCube,14h 55m
10030,Main Story,Nintendo GameCube,15h
10030,Main Story,Nintendo GameCube,15h
10030,Main Story,Wii,15h
10030,Main Story,Nintendo GameCube,15h
10030,Main Story,Nintendo GameCube,15h
10030,Main Story,Nintendo GameCube,15h
10030,Main Story,Nintendo GameCube,15h
10030,Main Story,Nintendo GameCube,15h
10030,Main Story,Nintendo GameCube,15h 32m
10030,Main Story,Nintendo GameCube,16h
10030,Main Story,Nintendo GameCube,16h
10030,Main Story,Nintendo GameCube,16h
10030,Main Story,Nintendo GameCube,16h 47m
10030,Main Story,Wii,16h 52m
10030,Main Story,Nintendo GameCube,17h 21m
10030,Main Story,Nintendo GameCube,18h
10030,Main Story,Nintendo GameCube,18h
10030,Main Story,Nintendo GameCube,18h
10030,Main Story,Nintendo GameCube,20h
10030,Main Story,Nintendo GameCube,20h
10030,Main Story,Nintendo GameCube,20h
10030,Main Story,Nintendo GameCube,20h
10030,Main + Extras,Wii,12h 52m
10030,Main + Extras,Nintendo GameCube,13h 40m
10030,Main + Extras,Nintendo GameCube,14h
10030,Main + Extras,Nintendo GameCube,15h
10030,Main + Extras,Nintendo GameCube,15h
10030,Main + Extras,Nintendo GameCube,16h
10030,Main + Extras,Nintendo GameCube,17h
10030,Main + Extras,Wii,17h 11m
10030,Main + Extras,Nintendo GameCube,17h 23m
10030,Main + Extras,Nintendo GameCube,18h 38m
10030,Main + Extras,Nintendo GameCube,20h
10030,Completionists,Nintendo GameCube,9h 25m
10030,Completionists,Nintendo GameCube,10h 55m
10030,Completionists,Nintendo GameCube,13h 06m
10030,Completionists,Nintendo GameCube,13h 30m
10030,Completionists,Nintendo GameCube,14h 12m
10030,Completionists,Nintendo GameCube,15h
10030,Completionists,Nintendo GameCube,15h
10030,Completionists,Nintendo GameCube,16h
10030,Completionists,Nintendo GameCube,16h
10030,Completionists,Nintendo GameCube,16h 10m
10030,Completionists,Wii,18h 22m
10030,Co-Op Multiplayer,Nintendo GameCube,12h
10030,Co-Op Multiplayer,Wii,14h
10030,Co-Op Multiplayer,Nintendo GameCube,19h
10030,Co-Op Multiplayer,Nintendo GameCube,20h
