id,type,platform,time
10036,Main Story,Nintendo 3DS,8h
10036,Main Story,Nintendo 3DS,8h 45m
10036,Main Story,Nintendo 3DS,9h
10036,Main Story,Nintendo 3DS,9h 02m
10036,Main Story,Nintendo 3DS,9h 04m
10036,Main Story,Nintendo 3DS,10h
10036,Main Story,Nintendo 3DS,10h
10036,Main Story,Nintendo 3DS,10h 24m
10036,Main Story,Nintendo 3DS,10h 57m
10036,Main Story,Nintendo 3DS,11h 21m
10036,Main Story,Nintendo 3DS,11h 37m
10036,Main Story,Nintendo 3DS,12h
10036,Main Story,Nintendo 3DS,12h
10036,Main Story,Nintendo 3DS,12h 23m
10036,Main Story,Nintendo 3DS,13h 21m
10036,Main Story,Nintendo 3DS,13h 30m
10036,Main Story,Nintendo 3DS,14h
10036,Main Story,Nintendo 3DS,14h 01m
10036,Main Story,Nintendo 3DS,14h 20m
10036,Main Story,Nintendo 3DS,14h 39m
10036,Main Story,Nintendo 3DS,14h 56m
10036,Main Story,Nintendo 3DS,14h 59m
10036,Main Story,Nintendo 3DS,15h
10036,Main Story,Nintendo 3DS,15h
10036,Main Story,Nintendo 3DS,15h
10036,Main Story,Nintendo 3DS,15h 04m
10036,Main Story,Nintendo 3DS,15h 21m
10036,Main Story,Nintendo 3DS,15h 45m
10036,Main Story,Nintendo 3DS,15h 49m
10036,Main Story,Nintendo 3DS,15h 54m
10036,Main Story,Nintendo 3DS,16h
10036,Main Story,Nintendo 3DS,16h 30m
10036,Main Story,Nintendo 3DS,17h
10036,Main Story,Nintendo 3DS,17h
10036,Main Story,Nintendo 3DS,17h 03m
10036,Main Story,Nintendo 3DS,17h 10m
10036,Main Story,Nintendo 3DS,17h 20m
10036,Main Story,Nintendo 3DS,17h 27m
10036,Main Story,Nintendo 3DS,17h 56m
10036,Main Story,Nintendo 3DS,17h 57m
10036,Main Story,Nintendo 3DS,18h
10036,Main Story,Nintendo 3DS,18h
10036,Main Story,Nintendo 3DS,18h
10036,Main Story,Nintendo 3DS,18h 18m
10036,Main Story,Nintendo 3DS,18h 23m
10036,Main Story,Nintendo 3DS,18h 30m
10036,Main Story,Nintendo 3DS,18h 30m
10036,Main Story,Nintendo 3DS,18h 30m
10036,Main Story,Nintendo 3DS,18h 49m
10036,Main Story,Nintendo 3DS,19h
10036,Main Story,Nintendo 3DS,19h
10036,Main Story,Nintendo 3DS,19h
10036,Main Story,Nintendo 3DS,19h
10036,Main Story,NA,19h 08m
10036,Main Story,Nintendo 3DS,19h 09m
10036,Main Story,Nintendo 3DS,19h 09m
10036,Main Story,Nintendo 3DS,19h 46m
10036,Main Story,Nintendo 3DS,19h 48m
10036,Main Story,Nintendo 3DS,19h 58m
10036,Main Story,Nintendo 3DS,19h 58m
10036,Main Story,Nintendo 3DS,20h
10036,Main Story,Nintendo 3DS,20h
10036,Main Story,Nintendo 3DS,20h
10036,Main Story,Nintendo 3DS,20h
10036,Main Story,Nintendo 3DS,20h
10036,Main Story,Nintendo 3DS,20h
10036,Main Story,Nintendo 3DS,20h
10036,Main Story,Nintendo 3DS,20h
10036,Main Story,Nintendo 3DS,20h
10036,Main Story,Nintendo 3DS,20h
10036,Main Story,Nintendo 3DS,20h
10036,Main Story,Nintendo 3DS,20h 11m
10036,Main Story,Nintendo 3DS,20h 11m
10036,Main Story,Nintendo 3DS,20h 23m
10036,Main Story,Nintendo 3DS,20h 30m
10036,Main Story,Nintendo 3DS,20h 32m
10036,Main Story,Nintendo 3DS,20h 36m
10036,Main Story,Nintendo 3DS,20h 41m
10036,Main Story,Nintendo 3DS,20h 41m
10036,Main Story,Nintendo 3DS,21h
10036,Main Story,Nintendo 3DS,21h
10036,Main Story,Nintendo 3DS,21h 04m
10036,Main Story,Nintendo 3DS,21h 07m
10036,Main Story,Nintendo 3DS,21h 07m
10036,Main Story,Nintendo 3DS,21h 18m
10036,Main Story,Nintendo 3DS,21h 23m
10036,Main Story,Nintendo 3DS,21h 32m
10036,Main Story,Nintendo 3DS,21h 33m
10036,Main Story,Nintendo 3DS,21h 34m
10036,Main Story,Nintendo 3DS,21h 38m
10036,Main Story,Nintendo 3DS,21h 40m
10036,Main Story,Nintendo 3DS,21h 40m
10036,Main Story,Nintendo 3DS,21h 47m
10036,Main Story,Nintendo 3DS,21h 50m
10036,Main Story,Nintendo 3DS,21h 51m
10036,Main Story,Nintendo 3DS,21h 56m
10036,Main Story,Nintendo 3DS,22h
10036,Main Story,Nintendo 3DS,22h
10036,Main Story,Nintendo 3DS,22h
10036,Main Story,Nintendo 3DS,22h
10036,Main Story,Nintendo 3DS,22h
10036,Main Story,Nintendo 3DS,22h
10036,Main Story,Nintendo 3DS,22h
10036,Main Story,Nintendo 3DS,22h 13m
10036,Main Story,Nintendo 3DS,22h 16m
10036,Main Story,Nintendo 3DS,22h 20m
10036,Main Story,Nintendo 3DS,22h 20m
10036,Main Story,Nintendo 3DS,22h 30m
10036,Main Story,Nintendo 3DS,22h 32m
10036,Main Story,Nintendo 3DS,22h 38m
10036,Main Story,Nintendo 3DS,22h 43m
10036,Main Story,Nintendo 3DS,22h 45m
10036,Main Story,Nintendo 3DS,22h 53m
10036,Main Story,Nintendo 3DS,22h 54m
10036,Main Story,Nintendo 3DS,22h 57m
10036,Main Story,Nintendo 3DS,22h 59m
10036,Main Story,Nintendo 3DS,22h 59m
10036,Main Story,Nintendo 3DS,23h
10036,Main Story,Nintendo 3DS,23h 10m
10036,Main Story,Nintendo 3DS,23h 11m
10036,Main Story,Nintendo 3DS,23h 17m
10036,Main Story,Nintendo 3DS,23h 43m
10036,Main Story,Nintendo 3DS,23h 45m
10036,Main Story,Nintendo 3DS,23h 47m
10036,Main Story,Nintendo 3DS,23h 53m
10036,Main Story,Nintendo 3DS,23h 58m
10036,Main Story,Nintendo 3DS,24h
10036,Main Story,Nintendo 3DS,24h
10036,Main Story,Nintendo 3DS,24h
10036,Main Story,Nintendo 3DS,24h
10036,Main Story,Nintendo 3DS,24h
10036,Main Story,Nintendo 3DS,24h
10036,Main Story,Nintendo 3DS,24h 06m
10036,Main Story,Nintendo 3DS,24h 21m
10036,Main Story,Nintendo 3DS,24h 26m
10036,Main Story,Nintendo 3DS,24h 27m
10036,Main Story,Nintendo 3DS,24h 32m
10036,Main Story,Nintendo 3DS,24h 32m
10036,Main Story,Nintendo 3DS,24h 32m
10036,Main Story,Nintendo 3DS,24h 45m
10036,Main Story,Nintendo 3DS,24h 46m
10036,Main Story,Nintendo 3DS,25h
10036,Main Story,Nintendo 3DS,25h
10036,Main Story,Nintendo 3DS,25h
10036,Main Story,Nintendo 3DS,25h
10036,Main Story,Nintendo 3DS,25h
10036,Main Story,Nintendo 3DS,25h
10036,Main Story,Emulated,25h
10036,Main Story,Nintendo 3DS,25h
10036,Main Story,Nintendo 3DS,25h
10036,Main Story,Nintendo 3DS,25h
10036,Main Story,Nintendo 3DS,25h
10036,Main Story,Nintendo 3DS,25h
10036,Main Story,Nintendo 3DS,25h
10036,Main Story,Nintendo 3DS,25h
10036,Main Story,Nintendo 3DS,25h
10036,Main Story,Nintendo 3DS,25h
10036,Main Story,Nintendo 3DS,25h
10036,Main Story,Nintendo 3DS,25h
10036,Main Story,Nintendo 3DS,25h
10036,Main Story,Nintendo 3DS,25h
10036,Main Story,Nintendo 3DS,25h
10036,Main Story,Nintendo 3DS,25h
10036,Main Story,Nintendo 3DS,25h
10036,Main Story,Nintendo 3DS,25h
10036,Main Story,Nintendo 3DS,25h
10036,Main Story,Nintendo 3DS,25h
10036,Main Story,Nintendo 3DS,25h
10036,Main Story,Nintendo 3DS,25h
10036,Main Story,Nintendo 3DS,25h
10036,Main Story,Nintendo 3DS,25h
10036,Main Story,Nintendo 3DS,25h
10036,Main Story,Nintendo 3DS,25h 15m
10036,Main Story,Nintendo 3DS,25h 15m
10036,Main Story,Nintendo 3DS,25h 17m
10036,Main Story,Nintendo 3DS,25h 20m
10036,Main Story,Nintendo 3DS,25h 20m
10036,Main Story,Nintendo 3DS,25h 21m
10036,Main Story,Nintendo 3DS,25h 25m
10036,Main Story,Nintendo 3DS,25h 26m
10036,Main Story,Nintendo 3DS,25h 32m
10036,Main Story,Nintendo 3DS,25h 37m
10036,Main Story,Nintendo 3DS,25h 39m
10036,Main Story,Nintendo 3DS,25h 42m
10036,Main Story,Nintendo 3DS,25h 45m
10036,Main Story,Nintendo 3DS,25h 48m
10036,Main Story,Nintendo 3DS,25h 51m
10036,Main Story,Nintendo 3DS,26h
10036,Main Story,Nintendo 3DS,26h
10036,Main Story,Nintendo 3DS,26h
10036,Main Story,Nintendo 3DS,26h
10036,Main Story,Nintendo 3DS,26h
10036,Main Story,Nintendo 3DS,26h 05m
10036,Main Story,Nintendo 3DS,26h 10m
10036,Main Story,Nintendo 3DS,26h 15m
10036,Main Story,Nintendo 3DS,26h 15m
10036,Main Story,Nintendo 3DS,26h 30m
10036,Main Story,Nintendo 3DS,26h 30m
10036,Main Story,Nintendo 2DS,26h 32m
10036,Main Story,Nintendo 3DS,26h 34m
10036,Main Story,Nintendo 3DS,26h 34m
10036,Main Story,Nintendo 3DS,26h 52m
10036,Main Story,Nintendo 3DS,27h
10036,Main Story,Nintendo 3DS,27h
10036,Main Story,Nintendo 3DS,27h
10036,Main Story,Nintendo 3DS,27h
10036,Main Story,Nintendo 3DS,27h
10036,Main Story,Nintendo 3DS,27h 22m
10036,Main Story,Nintendo 3DS,27h 23m
10036,Main Story,Nintendo 3DS,27h 33m
10036,Main Story,Nintendo 3DS,27h 38m
10036,Main Story,Nintendo 3DS,27h 40m
10036,Main Story,Nintendo 3DS,27h 55m
10036,Main Story,Nintendo 3DS,27h 58m
10036,Main Story,Nintendo 3DS,27h 58m
10036,Main Story,Nintendo 3DS,27h 59m
10036,Main Story,Nintendo 3DS,28h
10036,Main Story,Nintendo 3DS,28h
10036,Main Story,Nintendo 3DS,28h
10036,Main Story,Nintendo 3DS,28h
10036,Main Story,Nintendo 3DS,28h 11m
10036,Main Story,Nintendo 3DS,28h 13m
10036,Main Story,Nintendo 3DS,28h 14m
10036,Main Story,Nintendo 3DS,28h 15m
10036,Main Story,Nintendo 3DS,28h 19m
10036,Main Story,Nintendo 3DS,28h 23m
10036,Main Story,Nintendo 3DS,28h 30m
10036,Main Story,Nintendo 3DS,28h 57m
10036,Main Story,Nintendo 3DS,28h 59m
10036,Main Story,Nintendo 3DS,29h
10036,Main Story,Nintendo 3DS,29h 35m
10036,Main Story,Nintendo 3DS,29h 35m
10036,Main Story,Nintendo 3DS,29h 42m
10036,Main Story,Nintendo 3DS,29h 53m
10036,Main Story,Nintendo 3DS,29h 54m
10036,Main Story,Nintendo 3DS,29h 58m
10036,Main Story,Nintendo 3DS,30h
10036,Main Story,Nintendo 3DS,30h
10036,Main Story,Nintendo 3DS,30h
10036,Main Story,Nintendo 3DS,30h
10036,Main Story,Nintendo 3DS,30h
10036,Main Story,Nintendo 3DS,30h
10036,Main Story,Nintendo 3DS,30h
10036,Main Story,Nintendo 3DS,30h
10036,Main Story,Nintendo 3DS,30h
10036,Main Story,Nintendo 3DS,30h
10036,Main Story,Nintendo 3DS,30h
10036,Main Story,Nintendo 3DS,30h
10036,Main Story,Nintendo 3DS,30h
10036,Main Story,Nintendo 3DS,30h
10036,Main Story,Nintendo 3DS,30h 04m
10036,Main Story,Nintendo 3DS,30h 12m
10036,Main Story,Nintendo 3DS,30h 31m
10036,Main Story,Nintendo 3DS,30h 31m
10036,Main Story,Nintendo 3DS,30h 36m
10036,Main Story,Nintendo 3DS,30h 50m
10036,Main Story,Nintendo 2DS,30h 54m
10036,Main Story,Nintendo 3DS,31h
10036,Main Story,Nintendo 3DS,31h
10036,Main Story,Nintendo 3DS,31h 13m
10036,Main Story,Nintendo 3DS,31h 15m
10036,Main Story,Nintendo 3DS,31h 17m
10036,Main Story,Nintendo 3DS,31h 40m
10036,Main Story,Nintendo 3DS,32h
10036,Main Story,Nintendo 3DS,32h
10036,Main Story,Nintendo 3DS,32h
10036,Main Story,Nintendo 3DS,32h 08m
10036,Main Story,Nintendo 3DS,32h 38m
10036,Main Story,Nintendo 3DS,33h
10036,Main Story,Nintendo 3DS,33h 15m
10036,Main Story,Nintendo 3DS,33h 45m
10036,Main Story,Nintendo 3DS,34h
10036,Main Story,Nintendo 3DS,34h 26m
10036,Main Story,Nintendo 3DS,34h 30m
10036,Main Story,Nintendo 3DS,34h 34m
10036,Main Story,Nintendo 3DS,34h 41m
10036,Main Story,Nintendo 3DS,34h 44m
10036,Main Story,Nintendo 3DS,34h 48m
10036,Main Story,Nintendo 3DS,34h 50m
10036,Main Story,Nintendo 3DS,35h
10036,Main Story,Nintendo 3DS,35h
10036,Main Story,Nintendo 3DS,35h
10036,Main Story,Nintendo 3DS,35h
10036,Main Story,Nintendo 3DS,35h
10036,Main Story,Nintendo 3DS,35h
10036,Main Story,Nintendo 3DS,35h
10036,Main Story,Nintendo 3DS,35h
10036,Main Story,Nintendo 3DS,35h 54m
10036,Main Story,Nintendo 3DS,36h
10036,Main Story,NA,36h
10036,Main Story,Nintendo 3DS,36h 11m
10036,Main Story,Nintendo 3DS,37h 36m
10036,Main Story,Nintendo 3DS,37h 59m
10036,Main Story,Nintendo 3DS,38h
10036,Main Story,Nintendo 3DS,39h
10036,Main Story,Nintendo 3DS,39h 22m
10036,Main Story,Nintendo 3DS,40h
10036,Main Story,Nintendo 3DS,40h
10036,Main Story,Nintendo 3DS,40h
10036,Main Story,Nintendo 3DS,40h 08m
10036,Main Story,Nintendo 3DS,40h 26m
10036,Main Story,Nintendo 3DS,42h 25m
10036,Main + Extras,Nintendo 3DS,9h
10036,Main + Extras,Nintendo 3DS,9h 52m
10036,Main + Extras,Nintendo 3DS,12h 13m
10036,Main + Extras,Nintendo 3DS,12h 15m
10036,Main + Extras,Nintendo 3DS,13h 30m
10036,Main + Extras,Nintendo 3DS,13h 50m
10036,Main + Extras,Nintendo 3DS,14h 10m
10036,Main + Extras,Nintendo 3DS,14h 16m
10036,Main + Extras,Nintendo 3DS,15h
10036,Main + Extras,Nintendo 3DS,15h 14m
10036,Main + Extras,Nintendo 3DS,15h 27m
10036,Main + Extras,Nintendo 3DS,16h
10036,Main + Extras,Nintendo 3DS,16h 26m
10036,Main + Extras,Nintendo 3DS,16h 32m
10036,Main + Extras,Nintendo 3DS,16h 35m
10036,Main + Extras,Nintendo 3DS,16h 53m
10036,Main + Extras,Nintendo 3DS,17h 02m
10036,Main + Extras,Nintendo 3DS,17h 06m
10036,Main + Extras,Nintendo 3DS,17h 31m
10036,Main + Extras,Nintendo 3DS,17h 58m
10036,Main + Extras,Nintendo 3DS,18h 01m
10036,Main + Extras,Nintendo 3DS,18h 16m
10036,Main + Extras,Nintendo 3DS,18h 35m
10036,Main + Extras,Nintendo 3DS,19h 01m
10036,Main + Extras,Nintendo 3DS,19h 04m
10036,Main + Extras,Nintendo 3DS,19h 17m
10036,Main + Extras,Nintendo 3DS,19h 20m
10036,Main + Extras,Nintendo 3DS,19h 20m
10036,Main + Extras,Nintendo 3DS,19h 22m
10036,Main + Extras,Nintendo 3DS,19h 36m
10036,Main + Extras,NA,19h 40m
10036,Main + Extras,Nintendo 3DS,19h 43m
10036,Main + Extras,Nintendo 3DS,19h 53m
10036,Main + Extras,Nintendo 3DS,19h 59m
10036,Main + Extras,Nintendo 3DS,20h
10036,Main + Extras,Nintendo 3DS,20h
10036,Main + Extras,Nintendo 3DS,20h
10036,Main + Extras,Nintendo 3DS,20h
10036,Main + Extras,Nintendo 3DS,20h 01m
10036,Main + Extras,Nintendo 3DS,20h 02m
10036,Main + Extras,Nintendo 3DS,20h 04m
10036,Main + Extras,Nintendo 3DS,20h 05m
10036,Main + Extras,Nintendo 3DS,20h 08m
10036,Main + Extras,Nintendo 3DS,20h 30m
10036,Main + Extras,Nintendo 3DS,20h 35m
10036,Main + Extras,Nintendo 3DS,20h 52m
10036,Main + Extras,Nintendo 3DS,20h 57m
10036,Main + Extras,Nintendo 3DS,21h 05m
10036,Main + Extras,Nintendo 3DS,21h 07m
10036,Main + Extras,Nintendo 3DS,21h 13m
10036,Main + Extras,Nintendo 3DS,21h 20m
10036,Main + Extras,Nintendo 3DS,21h 22m
10036,Main + Extras,Nintendo 3DS,21h 27m
10036,Main + Extras,Nintendo 3DS,21h 29m
10036,Main + Extras,Nintendo 3DS,21h 49m
10036,Main + Extras,Nintendo 3DS,22h
10036,Main + Extras,Nintendo 3DS,22h 12m
10036,Main + Extras,Nintendo 3DS,22h 13m
10036,Main + Extras,Nintendo 3DS,22h 16m
10036,Main + Extras,Nintendo 3DS,22h 20m
10036,Main + Extras,Nintendo 3DS,22h 22m
10036,Main + Extras,Nintendo 3DS,22h 31m
10036,Main + Extras,Nintendo 3DS,22h 32m
10036,Main + Extras,Nintendo 3DS,22h 33m
10036,Main + Extras,Nintendo 3DS,22h 38m
10036,Main + Extras,Nintendo 3DS,22h 40m
10036,Main + Extras,Nintendo 3DS,22h 59m
10036,Main + Extras,Nintendo 3DS,23h
10036,Main + Extras,Nintendo 3DS,23h 04m
10036,Main + Extras,Nintendo 3DS,23h 13m
10036,Main + Extras,Nintendo 3DS,23h 22m
10036,Main + Extras,Nintendo 3DS,23h 22m
10036,Main + Extras,Nintendo 3DS,23h 27m
10036,Main + Extras,Nintendo 3DS,23h 30m
10036,Main + Extras,Nintendo 3DS,23h 48m
10036,Main + Extras,Nintendo 3DS,23h 50m
10036,Main + Extras,Nintendo 3DS,24h
10036,Main + Extras,Nintendo 3DS,24h
10036,Main + Extras,Nintendo 3DS,24h
10036,Main + Extras,Nintendo 3DS,24h
10036,Main + Extras,Nintendo 3DS,24h 14m
10036,Main + Extras,Nintendo 3DS,24h 20m
10036,Main + Extras,Nintendo 3DS,24h 29m
10036,Main + Extras,Nintendo 3DS,24h 30m
10036,Main + Extras,Nintendo 3DS,24h 31m
10036,Main + Extras,Nintendo 3DS,24h 32m
10036,Main + Extras,Nintendo 3DS,24h 40m
10036,Main + Extras,Nintendo 3DS,24h 45m
10036,Main + Extras,Nintendo 3DS,24h 46m
10036,Main + Extras,Nintendo 3DS,25h
10036,Main + Extras,Nintendo 3DS,25h
10036,Main + Extras,Nintendo 3DS,25h
10036,Main + Extras,Nintendo 3DS,25h
10036,Main + Extras,Nintendo 3DS,25h
10036,Main + Extras,Nintendo 3DS,25h
10036,Main + Extras,Nintendo 3DS,25h
10036,Main + Extras,Nintendo 3DS,25h
10036,Main + Extras,Nintendo 3DS,25h
10036,Main + Extras,Nintendo 3DS,25h 24m
10036,Main + Extras,Nintendo 2DS,25h 35m
10036,Main + Extras,Nintendo 3DS,25h 37m
10036,Main + Extras,Nintendo 3DS,25h 44m
10036,Main + Extras,Nintendo 3DS,25h 45m
10036,Main + Extras,Nintendo 3DS,26h
10036,Main + Extras,Nintendo 3DS,26h 05m
10036,Main + Extras,Nintendo 3DS,26h 07m
10036,Main + Extras,Nintendo 3DS,26h 18m
10036,Main + Extras,Nintendo 3DS,26h 20m
10036,Main + Extras,Nintendo 3DS,26h 20m
10036,Main + Extras,Nintendo 3DS,26h 21m
10036,Main + Extras,Nintendo 3DS,26h 34m
10036,Main + Extras,Nintendo 3DS,26h 38m
10036,Main + Extras,Nintendo 3DS,26h 43m
10036,Main + Extras,Nintendo 3DS,26h 48m
10036,Main + Extras,Nintendo 3DS,27h
10036,Main + Extras,Nintendo 3DS,27h
10036,Main + Extras,Nintendo 3DS,27h
10036,Main + Extras,Nintendo 3DS,27h
10036,Main + Extras,Nintendo 3DS,27h
10036,Main + Extras,Nintendo 3DS,27h 09m
10036,Main + Extras,Nintendo 3DS,27h 15m
10036,Main + Extras,Nintendo 3DS,27h 15m
10036,Main + Extras,Nintendo 3DS,27h 16m
10036,Main + Extras,Nintendo 3DS,27h 29m
10036,Main + Extras,Nintendo 3DS,27h 34m
10036,Main + Extras,Nintendo 3DS,27h 38m
10036,Main + Extras,Nintendo 3DS,27h 39m
10036,Main + Extras,Nintendo 3DS,27h 41m
10036,Main + Extras,Nintendo 3DS,27h 45m
10036,Main + Extras,Nintendo 3DS,27h 48m
10036,Main + Extras,Nintendo 3DS,27h 49m
10036,Main + Extras,Nintendo 3DS,27h 55m
10036,Main + Extras,Nintendo 3DS,28h
10036,Main + Extras,Nintendo 3DS,28h
10036,Main + Extras,Nintendo 3DS,28h
10036,Main + Extras,Nintendo 3DS,28h
10036,Main + Extras,Nintendo 3DS,28h
10036,Main + Extras,Nintendo 3DS,28h
10036,Main + Extras,Nintendo 3DS,28h 02m
10036,Main + Extras,Nintendo 3DS,28h 20m
10036,Main + Extras,Nintendo 3DS,28h 25m
10036,Main + Extras,Nintendo 3DS,28h 26m
10036,Main + Extras,Nintendo 3DS,28h 28m
10036,Main + Extras,Nintendo 2DS,28h 29m
10036,Main + Extras,Nintendo 3DS,28h 31m
10036,Main + Extras,Nintendo 3DS,28h 36m
10036,Main + Extras,Nintendo 3DS,28h 37m
10036,Main + Extras,Nintendo 3DS,28h 45m
10036,Main + Extras,Nintendo 3DS,28h 49m
10036,Main + Extras,Nintendo 3DS,28h 50m
10036,Main + Extras,Nintendo 3DS,28h 54m
10036,Main + Extras,Nintendo 3DS,28h 54m
10036,Main + Extras,Nintendo 3DS,29h
10036,Main + Extras,Nintendo 3DS,29h
10036,Main + Extras,Nintendo 3DS,29h
10036,Main + Extras,Nintendo 3DS,29h 02m
10036,Main + Extras,Nintendo 3DS,29h 08m
10036,Main + Extras,Nintendo 3DS,29h 10m
10036,Main + Extras,Nintendo 3DS,29h 11m
10036,Main + Extras,Nintendo 3DS,29h 12m
10036,Main + Extras,Nintendo 3DS,29h 12m
10036,Main + Extras,Nintendo 3DS,29h 15m
10036,Main + Extras,Nintendo 3DS,29h 16m
10036,Main + Extras,Nintendo 3DS,29h 20m
10036,Main + Extras,Nintendo 3DS,29h 23m
10036,Main + Extras,Nintendo 3DS,29h 25m
10036,Main + Extras,Nintendo 3DS,29h 26m
10036,Main + Extras,Nintendo 3DS,29h 30m
10036,Main + Extras,Nintendo 3DS,29h 30m
10036,Main + Extras,Nintendo 3DS,29h 32m
10036,Main + Extras,Nintendo 3DS,29h 33m
10036,Main + Extras,Nintendo 3DS,29h 34m
10036,Main + Extras,Nintendo 3DS,29h 46m
10036,Main + Extras,Nintendo 3DS,29h 48m
10036,Main + Extras,Nintendo 3DS,29h 50m
10036,Main + Extras,Nintendo 3DS,29h 54m
10036,Main + Extras,Nintendo 3DS,29h 55m
10036,Main + Extras,Nintendo 3DS,29h 56m
10036,Main + Extras,Nintendo 3DS,29h 57m
10036,Main + Extras,Nintendo 3DS,29h 58m
10036,Main + Extras,Nintendo 3DS,30h
10036,Main + Extras,Nintendo 3DS,30h
10036,Main + Extras,Nintendo 3DS,30h
10036,Main + Extras,Nintendo 3DS,30h
10036,Main + Extras,Nintendo 3DS,30h
10036,Main + Extras,Nintendo 3DS,30h
10036,Main + Extras,Nintendo 3DS,30h
10036,Main + Extras,Nintendo 3DS,30h
10036,Main + Extras,Nintendo 3DS,30h
10036,Main + Extras,Nintendo 3DS,30h
10036,Main + Extras,Nintendo 3DS,30h
10036,Main + Extras,Nintendo 3DS,30h
10036,Main + Extras,Nintendo 3DS,30h
10036,Main + Extras,Nintendo 3DS,30h
10036,Main + Extras,Nintendo 3DS,30h
10036,Main + Extras,Nintendo 3DS,30h
10036,Main + Extras,Nintendo 3DS,30h
10036,Main + Extras,Nintendo 3DS,30h
10036,Main + Extras,Nintendo 3DS,30h
10036,Main + Extras,Nintendo 3DS,30h
10036,Main + Extras,Nintendo 3DS,30h
10036,Main + Extras,Nintendo 3DS,30h
10036,Main + Extras,Nintendo 3DS,30h
10036,Main + Extras,Nintendo 3DS,30h
10036,Main + Extras,Nintendo 3DS,30h 01m
10036,Main + Extras,Nintendo 3DS,30h 07m
10036,Main + Extras,Nintendo 3DS,30h 13m
10036,Main + Extras,Nintendo 3DS,30h 15m
10036,Main + Extras,Nintendo 3DS,30h 18m
10036,Main + Extras,Nintendo 3DS,30h 18m
10036,Main + Extras,Nintendo 3DS,30h 20m
10036,Main + Extras,Nintendo 3DS,30h 20m
10036,Main + Extras,Nintendo 3DS,30h 21m
10036,Main + Extras,Nintendo 3DS,30h 21m
10036,Main + Extras,Nintendo 3DS,30h 25m
10036,Main + Extras,Nintendo 3DS,30h 26m
10036,Main + Extras,Nintendo 3DS,30h 30m
10036,Main + Extras,Nintendo 3DS,30h 34m
10036,Main + Extras,Nintendo 3DS,30h 34m
10036,Main + Extras,Nintendo 3DS,30h 36m
10036,Main + Extras,Nintendo 3DS,30h 40m
10036,Main + Extras,Nintendo 3DS,30h 45m
10036,Main + Extras,Nintendo 3DS,30h 46m
10036,Main + Extras,Nintendo 3DS,30h 47m
10036,Main + Extras,Nintendo 3DS,30h 55m
10036,Main + Extras,Nintendo 3DS,31h
10036,Main + Extras,Nintendo 3DS,31h
10036,Main + Extras,Nintendo 3DS,31h
10036,Main + Extras,Nintendo 3DS,31h
10036,Main + Extras,Nintendo 3DS,31h
10036,Main + Extras,Nintendo 3DS,31h
10036,Main + Extras,Nintendo 3DS,31h 01m
10036,Main + Extras,Nintendo 3DS,31h 01m
10036,Main + Extras,Nintendo 3DS,31h 14m
10036,Main + Extras,Nintendo 3DS,31h 20m
10036,Main + Extras,Nintendo 3DS,31h 22m
10036,Main + Extras,Nintendo 3DS,31h 23m
10036,Main + Extras,Nintendo 3DS,31h 23m
10036,Main + Extras,Nintendo 3DS,31h 32m
10036,Main + Extras,Nintendo 3DS,31h 32m
10036,Main + Extras,Nintendo 3DS,31h 36m
10036,Main + Extras,Nintendo 3DS,31h 46m
10036,Main + Extras,Nintendo 3DS,32h
10036,Main + Extras,Nintendo 3DS,32h
10036,Main + Extras,Nintendo 3DS,32h
10036,Main + Extras,Nintendo 3DS,32h
10036,Main + Extras,Nintendo 3DS,32h
10036,Main + Extras,Nintendo 3DS,32h
10036,Main + Extras,Nintendo 3DS,32h 01m
10036,Main + Extras,Nintendo 3DS,32h 03m
10036,Main + Extras,Nintendo 3DS,32h 05m
10036,Main + Extras,Nintendo 3DS,32h 14m
10036,Main + Extras,Nintendo 3DS,32h 14m
10036,Main + Extras,Nintendo 3DS,32h 22m
10036,Main + Extras,Nintendo 3DS,32h 27m
10036,Main + Extras,Nintendo 3DS,32h 30m
10036,Main + Extras,Nintendo 3DS,32h 31m
10036,Main + Extras,Nintendo 2DS,32h 36m
10036,Main + Extras,Nintendo 3DS,32h 42m
10036,Main + Extras,Nintendo 3DS,32h 45m
10036,Main + Extras,Nintendo 3DS,32h 45m
10036,Main + Extras,Nintendo 3DS,32h 48m
10036,Main + Extras,Nintendo 3DS,32h 51m
10036,Main + Extras,Nintendo 3DS,32h 51m
10036,Main + Extras,Nintendo 3DS,32h 59m
10036,Main + Extras,Nintendo 3DS,33h
10036,Main + Extras,Nintendo 3DS,33h
10036,Main + Extras,Nintendo 3DS,33h
10036,Main + Extras,Nintendo 3DS,33h
10036,Main + Extras,Nintendo 3DS,33h
10036,Main + Extras,Nintendo 3DS,33h
10036,Main + Extras,Nintendo 3DS,33h
10036,Main + Extras,Nintendo 3DS,33h
10036,Main + Extras,Nintendo 3DS,33h
10036,Main + Extras,Nintendo 3DS,33h 14m
10036,Main + Extras,Nintendo 3DS,33h 34m
10036,Main + Extras,Nintendo 3DS,33h 38m
10036,Main + Extras,Nintendo 3DS,33h 47m
10036,Main + Extras,NA,33h 48m
10036,Main + Extras,Nintendo 3DS,34h
10036,Main + Extras,Nintendo 3DS,34h 11m
10036,Main + Extras,Nintendo 3DS,34h 14m
10036,Main + Extras,Nintendo 3DS,34h 19m
10036,Main + Extras,Nintendo 3DS,34h 20m
10036,Main + Extras,Nintendo 3DS,34h 31m
10036,Main + Extras,Nintendo 3DS,34h 32m
10036,Main + Extras,Nintendo 3DS,34h 45m
10036,Main + Extras,Nintendo 3DS,34h 45m
10036,Main + Extras,Nintendo 3DS,34h 46m
10036,Main + Extras,Nintendo 3DS,34h 47m
10036,Main + Extras,Nintendo 3DS,35h
10036,Main + Extras,Nintendo 3DS,35h
10036,Main + Extras,Nintendo 3DS,35h
10036,Main + Extras,Nintendo 3DS,35h
10036,Main + Extras,Emulated,35h
10036,Main + Extras,Nintendo 3DS,35h
10036,Main + Extras,Nintendo 3DS,35h
10036,Main + Extras,Nintendo 3DS,35h
10036,Main + Extras,Nintendo 3DS,35h
10036,Main + Extras,Nintendo 3DS,35h 11m
10036,Main + Extras,Nintendo 3DS,35h 13m
10036,Main + Extras,Nintendo 3DS,35h 21m
10036,Main + Extras,Nintendo 3DS,35h 22m
10036,Main + Extras,Nintendo 3DS,35h 28m
10036,Main + Extras,Nintendo 3DS,35h 51m
10036,Main + Extras,Nintendo 3DS,35h 58m
10036,Main + Extras,Nintendo 3DS,35h 59m
10036,Main + Extras,Nintendo 3DS,36h
10036,Main + Extras,Nintendo 3DS,36h
10036,Main + Extras,Nintendo 3DS,36h
10036,Main + Extras,Nintendo 3DS,36h
10036,Main + Extras,Nintendo 3DS,36h 12m
10036,Main + Extras,Nintendo 3DS,36h 23m
10036,Main + Extras,Nintendo 3DS,36h 26m
10036,Main + Extras,Nintendo 3DS,36h 34m
10036,Main + Extras,Nintendo 3DS,36h 39m
10036,Main + Extras,Nintendo 3DS,36h 49m
10036,Main + Extras,Nintendo 3DS,37h
10036,Main + Extras,Nintendo 3DS,37h
10036,Main + Extras,Nintendo 3DS,37h
10036,Main + Extras,Nintendo 3DS,37h
10036,Main + Extras,Nintendo 3DS,37h
10036,Main + Extras,Nintendo 3DS,37h
10036,Main + Extras,Nintendo 3DS,37h
10036,Main + Extras,Nintendo 3DS,37h 09m
10036,Main + Extras,Nintendo 3DS,37h 21m
10036,Main + Extras,Nintendo 3DS,37h 30m
10036,Main + Extras,Nintendo 3DS,37h 34m
10036,Main + Extras,NA,37h 57m
10036,Main + Extras,Nintendo 3DS,38h
10036,Main + Extras,Nintendo 3DS,38h
10036,Main + Extras,Nintendo 3DS,38h
10036,Main + Extras,Nintendo 3DS,38h
10036,Main + Extras,Nintendo 3DS,38h 58m
10036,Main + Extras,Nintendo 3DS,39h
10036,Main + Extras,Nintendo 3DS,39h 21m
10036,Main + Extras,Nintendo 3DS,39h 31m
10036,Main + Extras,Nintendo 3DS,39h 37m
10036,Main + Extras,Nintendo 3DS,39h 49m
10036,Main + Extras,Nintendo 3DS,40h
10036,Main + Extras,Nintendo 3DS,40h
10036,Main + Extras,Nintendo 3DS,40h 10m
10036,Main + Extras,Nintendo 3DS,40h 21m
10036,Main + Extras,Nintendo 3DS,40h 58m
10036,Main + Extras,Nintendo 3DS,41h 27m
10036,Main + Extras,Nintendo 3DS,41h 28m
10036,Main + Extras,Nintendo 3DS,42h
10036,Main + Extras,Nintendo 3DS,42h
10036,Main + Extras,Nintendo 3DS,42h
10036,Main + Extras,Nintendo 3DS,42h 02m
10036,Main + Extras,Nintendo 3DS,42h 03m
10036,Main + Extras,Nintendo 3DS,42h 30m
10036,Main + Extras,Nintendo 3DS,42h 36m
10036,Main + Extras,Nintendo 3DS,42h 44m
10036,Main + Extras,Nintendo 3DS,43h 15m
10036,Main + Extras,Nintendo 3DS,43h 37m
10036,Main + Extras,Nintendo 3DS,43h 53m
10036,Main + Extras,Nintendo 3DS,44h 10m
10036,Main + Extras,Nintendo 3DS,44h 33m
10036,Main + Extras,Nintendo 3DS,44h 42m
10036,Main + Extras,Nintendo 3DS,44h 53m
10036,Main + Extras,Nintendo 3DS,45h
10036,Main + Extras,Nintendo 3DS,45h
10036,Main + Extras,Nintendo 3DS,45h
10036,Main + Extras,Nintendo 3DS,45h 24m
10036,Main + Extras,Nintendo 2DS,45h 42m
10036,Main + Extras,Nintendo 3DS,46h 47m
10036,Main + Extras,Nintendo 3DS,46h 55m
10036,Main + Extras,Nintendo 3DS,47h 08m
10036,Main + Extras,Nintendo 3DS,47h 11m
10036,Main + Extras,Nintendo 3DS,47h 14m
10036,Main + Extras,Nintendo 3DS,47h 18m
10036,Main + Extras,Nintendo 3DS,47h 55m
10036,Main + Extras,Nintendo 3DS,48h 36m
10036,Main + Extras,Nintendo 3DS,49h 16m
10036,Main + Extras,Nintendo 3DS,50h
10036,Main + Extras,Nintendo 3DS,50h
10036,Main + Extras,Nintendo 3DS,50h
10036,Main + Extras,Nintendo 3DS,51h
10036,Main + Extras,Nintendo 3DS,51h 04m
10036,Main + Extras,Nintendo 3DS,52h 04m
10036,Main + Extras,Nintendo 3DS,52h 05m
10036,Main + Extras,Nintendo 3DS,52h 27m
10036,Main + Extras,Nintendo 3DS,52h 48m
10036,Main + Extras,Nintendo 3DS,54h
10036,Main + Extras,Nintendo 3DS,55h
10036,Main + Extras,Nintendo 3DS,55h
10036,Main + Extras,Nintendo 3DS,56h 40m
10036,Main + Extras,Nintendo 3DS,58h
10036,Main + Extras,Nintendo 3DS,58h
10036,Main + Extras,Nintendo 3DS,60h
10036,Main + Extras,Nintendo 3DS,60h 41m
10036,Main + Extras,Nintendo 3DS,61h 20m
10036,Main + Extras,Nintendo 3DS,63h 09m
10036,Main + Extras,Nintendo 3DS,63h 48m
10036,Main + Extras,Nintendo 3DS,65h
10036,Main + Extras,Nintendo 3DS,65h 30m
10036,Main + Extras,Nintendo 3DS,68h 31m
10036,Main + Extras,Nintendo 3DS,73h 42m
10036,Main + Extras,Nintendo 3DS,74h 55m
10036,Main + Extras,Nintendo 3DS,80h
10036,Main + Extras,Nintendo 3DS,83h 30m
10036,Main + Extras,Nintendo 3DS,94h 21m
10036,Main + Extras,Nintendo 3DS,95h 25m
10036,Completionists,Nintendo 3DS,18h
10036,Completionists,Nintendo 3DS,22h 11m
10036,Completionists,Nintendo 3DS,22h 32m
10036,Completionists,Nintendo 3DS,23h 36m
10036,Completionists,NA,23h 55m
10036,Completionists,Nintendo 3DS,24h
10036,Completionists,Nintendo 3DS,24h 11m
10036,Completionists,Nintendo 3DS,24h 30m
10036,Completionists,Nintendo 3DS,24h 35m
10036,Completionists,Nintendo 3DS,24h 48m
10036,Completionists,Nintendo 3DS,25h 11m
10036,Completionists,NA,25h 18m
10036,Completionists,Nintendo 3DS,25h 44m
10036,Completionists,Nintendo 3DS,26h
10036,Completionists,Nintendo 3DS,26h 22m
10036,Completionists,Nintendo 3DS,26h 24m
10036,Completionists,Nintendo 3DS,26h 25m
10036,Completionists,Nintendo 3DS,26h 48m
10036,Completionists,Nintendo 3DS,26h 52m
10036,Completionists,Nintendo 3DS,27h
10036,Completionists,Nintendo 3DS,27h 17m
10036,Completionists,Nintendo 3DS,27h 27m
10036,Completionists,Nintendo 3DS,28h
10036,Completionists,Nintendo 3DS,28h 21m
10036,Completionists,Nintendo 3DS,28h 33m
10036,Completionists,Nintendo 3DS,28h 50m
10036,Completionists,Nintendo 3DS,29h
10036,Completionists,Nintendo 3DS,29h 17m
10036,Completionists,Nintendo 2DS,29h 31m
10036,Completionists,Nintendo 3DS,29h 56m
10036,Completionists,Nintendo 3DS,30h
10036,Completionists,Nintendo 3DS,30h
10036,Completionists,Nintendo 3DS,30h
10036,Completionists,Nintendo 3DS,30h
10036,Completionists,NA,30h
10036,Completionists,Nintendo 3DS,30h
10036,Completionists,Nintendo 3DS,30h 18m
10036,Completionists,Nintendo 3DS,31h 15m
10036,Completionists,Nintendo 3DS,31h 25m
10036,Completionists,Nintendo 3DS,31h 43m
10036,Completionists,Nintendo 3DS,32h
10036,Completionists,Nintendo 3DS,32h
10036,Completionists,Nintendo 3DS,32h
10036,Completionists,Nintendo 3DS,32h 03m
10036,Completionists,Nintendo 3DS,32h 20m
10036,Completionists,Nintendo 3DS,32h 30m
10036,Completionists,Nintendo 3DS,32h 36m
10036,Completionists,Nintendo 3DS,33h
10036,Completionists,Nintendo 3DS,33h
10036,Completionists,Nintendo 3DS,33h 03m
10036,Completionists,Nintendo 3DS,33h 10m
10036,Completionists,Nintendo 3DS,33h 26m
10036,Completionists,Nintendo 3DS,33h 30m
10036,Completionists,Nintendo 3DS,33h 34m
10036,Completionists,Nintendo 3DS,34h
10036,Completionists,Nintendo 3DS,34h
10036,Completionists,Nintendo 3DS,34h 13m
10036,Completionists,Nintendo 3DS,34h 26m
10036,Completionists,Nintendo 3DS,34h 36m
10036,Completionists,Nintendo 3DS,34h 43m
10036,Completionists,Nintendo 3DS,34h 46m
10036,Completionists,Nintendo 3DS,35h
10036,Completionists,Nintendo 3DS,35h
10036,Completionists,Nintendo 3DS,35h
10036,Completionists,Nintendo 3DS,35h
10036,Completionists,Nintendo 3DS,35h
10036,Completionists,Nintendo 3DS,35h
10036,Completionists,Nintendo 3DS,35h
10036,Completionists,Nintendo 3DS,35h 15m
10036,Completionists,Nintendo 3DS,35h 23m
10036,Completionists,Nintendo 3DS,35h 37m
10036,Completionists,Nintendo 3DS,35h 52m
10036,Completionists,Nintendo 3DS,36h
10036,Completionists,Nintendo 3DS,36h 02m
10036,Completionists,Nintendo 3DS,36h 20m
10036,Completionists,Nintendo 3DS,36h 42m
10036,Completionists,Nintendo 3DS,36h 50m
10036,Completionists,Nintendo 3DS,37h
10036,Completionists,Nintendo 3DS,37h 13m
10036,Completionists,Nintendo 3DS,37h 55m
10036,Completionists,Nintendo 3DS,38h
10036,Completionists,Nintendo 3DS,38h
10036,Completionists,Nintendo 3DS,38h 23m
10036,Completionists,Nintendo 3DS,38h 25m
10036,Completionists,Nintendo 3DS,38h 41m
10036,Completionists,Nintendo 3DS,39h 04m
10036,Completionists,Nintendo 3DS,39h 05m
10036,Completionists,Nintendo 3DS,39h 25m
10036,Completionists,Nintendo 3DS,39h 27m
10036,Completionists,Nintendo 3DS,39h 54m
10036,Completionists,Nintendo 3DS,40h
10036,Completionists,Nintendo 3DS,40h
10036,Completionists,Nintendo 3DS,40h
10036,Completionists,Nintendo 3DS,40h
10036,Completionists,Nintendo 3DS,40h
10036,Completionists,Nintendo 3DS,40h
10036,Completionists,Nintendo 3DS,40h
10036,Completionists,Nintendo 3DS,40h
10036,Completionists,Nintendo 3DS,40h
10036,Completionists,Nintendo 3DS,40h 20m
10036,Completionists,Nintendo 3DS,40h 35m
10036,Completionists,Nintendo 3DS,40h 47m
10036,Completionists,Nintendo 3DS,41h 09m
10036,Completionists,Nintendo 3DS,41h 35m
10036,Completionists,Nintendo 3DS,42h 37m
10036,Completionists,Nintendo 3DS,42h 43m
10036,Completionists,Nintendo 3DS,43h 26m
10036,Completionists,Nintendo 3DS,44h 04m
10036,Completionists,Nintendo 3DS,44h 20m
10036,Completionists,Nintendo 3DS,44h 46m
10036,Completionists,Nintendo 3DS,45h
10036,Completionists,Nintendo 3DS,45h
10036,Completionists,Nintendo 3DS,45h 25m
10036,Completionists,Nintendo 3DS,46h
10036,Completionists,Nintendo 3DS,46h 07m
10036,Completionists,Nintendo 3DS,46h 45m
10036,Completionists,Nintendo 3DS,47h
10036,Completionists,Nintendo 3DS,47h 30m
10036,Completionists,Nintendo 3DS,48h 09m
10036,Completionists,Nintendo 3DS,48h 54m
10036,Completionists,Nintendo 3DS,48h 55m
10036,Completionists,Nintendo 3DS,49h 21m
10036,Completionists,Nintendo 3DS,51h
10036,Completionists,Nintendo 3DS,51h 06m
10036,Completionists,Nintendo 3DS,51h 15m
10036,Completionists,Nintendo 3DS,55h 30m
10036,Completionists,Nintendo 3DS,56h
10036,Completionists,Nintendo 3DS,56h 01m
10036,Completionists,Nintendo 3DS,60h 15m
10036,Completionists,Nintendo 3DS,61h 46m
10036,Completionists,Nintendo 3DS,62h 55m
10036,Completionists,Nintendo 3DS,63h 57m
10036,Completionists,Nintendo 3DS,72h
10036,Completionists,Nintendo 3DS,84h
10036,Completionists,Nintendo 3DS,87h 03m
10036,Completionists,Nintendo 3DS,98h 49m
10036,Completionists,Nintendo 3DS,107h 52m
10036,Speed Run - Any%,Nintendo 3DS,2h 06m 47s
10036,Speed Run - Any%,Nintendo 3DS,2h 38m
10036,Speed Run - Any%,Nintendo 3DS,6h 18m
10036,Speed Run - Any%,Nintendo 3DS,8h
10036,Speed Run - Any%,Nintendo 3DS,8h 20m
10036,Speed Run - Any%,Nintendo 3DS,8h 50m
10036,Speed Run - Any%,Nintendo 3DS,10h
10036,Speed Run - 100%,NA,19h 01m 32s
