id,type,platform,time
10039,Main Story,NA,9h 34m
10039,Main Story,NA,10h
10039,Main Story,Nintendo 3DS,10h
10039,Main Story,Game Boy Color,10h 24m
10039,Main Story,Nintendo 3DS,10h 30m
10039,Main Story,Nintendo 3DS,10h 37m
10039,Main Story,Nintendo 3DS,10h 38m
10039,Main Story,Game Boy Color,11h 27m
10039,Main Story,Game Boy Color,11h 29m
10039,Main Story,Game Boy Color,11h 30m
10039,Main Story,Nintendo 3DS,11h 41m
10039,Main Story,Nintendo 3DS,12h 07m
10039,Main Story,Nintendo 3DS,12h 16m
10039,Main Story,Nintendo 3DS,12h 20m
10039,Main Story,Game Boy Color,12h 50m
10039,Main Story,Game Boy Color,13h
10039,Main Story,Nintendo 3DS,13h 33m
10039,Main Story,Nintendo 3DS,14h
10039,Main Story,Game Boy Color,14h
10039,Main Story,Game Boy Color,14h
10039,Main Story,Nintendo 3DS,14h 15m
10039,Main Story,Nintendo 3DS,14h 16m
10039,Main Story,Nintendo 3DS,14h 28m
10039,Main Story,Game Boy Color,14h 30m
10039,Main Story,Nintendo 3DS,14h 36m
10039,Main Story,Game Boy Color,14h 45m
10039,Main Story,Nintendo 3DS,14h 56m
10039,Main Story,Game Boy Color,15h
10039,Main Story,Game Boy Color,15h
10039,Main Story,Game Boy Color,15h 02m
10039,Main Story,Game Boy Color,15h 14m
10039,Main Story,Game Boy Color,15h 24m
10039,Main Story,Nintendo 3DS,15h 30m
10039,Main Story,Nintendo 3DS,15h 30m
10039,Main Story,Game Boy Color,15h 31m
10039,Main Story,Nintendo 3DS,15h 59m
10039,Main Story,Nintendo 3DS,16h
10039,Main Story,Game Boy Color,16h
10039,Main Story,Game Boy Color,16h
10039,Main Story,Game Boy Color,16h
10039,Main Story,Game Boy Color,16h
10039,Main Story,Nintendo 3DS,16h
10039,Main Story,Nintendo 3DS,16h
10039,Main Story,Game Boy Color,16h
10039,Main Story,Game Boy Color,16h 30m
10039,Main Story,Game Boy Color,17h
10039,Main Story,Game Boy Color,17h
10039,Main Story,Game Boy Color,17h 25m
10039,Main Story,Game Boy Color,18h
10039,Main Story,Game Boy Color,18h
10039,Main Story,Nintendo 3DS,18h 20m
10039,Main Story,Game Boy Color,20h
10039,Main Story,Game Boy Color,20h
10039,Main Story,Game Boy Color,20h
10039,Main Story,Game Boy Color,20h
10039,Main Story,Nintendo 3DS,20h
10039,Main Story,Game Boy Color,20h
10039,Main Story,Game Boy Color,20h 18m
10039,Main Story,Game Boy Color,20h 50m
10039,Main Story,Nintendo 3DS,21h 20m
10039,Main Story,Nintendo 3DS,22h
10039,Main Story,Game Boy Color,22h 52m
10039,Main Story,Nintendo DS,24h 20m
10039,Main Story,Nintendo 3DS,25h
10039,Main + Extras,Nintendo 3DS,6h 25m
10039,Main + Extras,Game Boy Color,9h 48m
10039,Main + Extras,Game Boy Color,11h
10039,Main + Extras,Game Boy Color,11h 25m
10039,Main + Extras,Nintendo 3DS,11h 36m
10039,Main + Extras,Game Boy Color,11h 37m
10039,Main + Extras,Nintendo 3DS,12h 36m
10039,Main + Extras,Nintendo 3DS,12h 36m
10039,Main + Extras,Nintendo 3DS,13h
10039,Main + Extras,Game Boy Color,13h
10039,Main + Extras,Nintendo 3DS,13h 28m
10039,Main + Extras,Nintendo 3DS,13h 29m
10039,Main + Extras,Nintendo 3DS,13h 33m
10039,Main + Extras,Game Boy Color,13h 37m
10039,Main + Extras,Nintendo 3DS,14h 29m
10039,Main + Extras,Game Boy Color,14h 30m
10039,Main + Extras,Game Boy Color,14h 40m
10039,Main + Extras,Game Boy Color,14h 40m
10039,Main + Extras,Emulated,14h 41m
10039,Main + Extras,Game Boy Advance,15h
10039,Main + Extras,Game Boy Color,15h
10039,Main + Extras,Nintendo 3DS,15h 12m
10039,Main + Extras,Nintendo 3DS,15h 29m
10039,Main + Extras,Nintendo 3DS,15h 32m
10039,Main + Extras,Nintendo 3DS,15h 39m
10039,Main + Extras,Game Boy Color,15h 42m
10039,Main + Extras,Nintendo 3DS,15h 47m
10039,Main + Extras,Game Boy Color,15h 52m
10039,Main + Extras,NA,16h
10039,Main + Extras,Nintendo 3DS,16h
10039,Main + Extras,Game Boy Color,16h
10039,Main + Extras,Game Boy Color,16h
10039,Main + Extras,Game Boy Advance,16h
10039,Main + Extras,Nintendo 3DS,16h 23m
10039,Main + Extras,Game Boy Color,16h 28m
10039,Main + Extras,Game Boy Color,16h 47m
10039,Main + Extras,Nintendo 3DS,16h 55m
10039,Main + Extras,Nintendo 3DS,17h 01m
10039,Main + Extras,Nintendo 3DS,17h 20m
10039,Main + Extras,Nintendo 3DS,17h 24m
10039,Main + Extras,Game Boy Color,17h 35m
10039,Main + Extras,Nintendo 3DS,17h 37m
10039,Main + Extras,Game Boy Color,18h
10039,Main + Extras,Game Boy Color,18h
10039,Main + Extras,Game Boy Color,18h
10039,Main + Extras,Game Boy Color,18h
10039,Main + Extras,Game Boy Color,18h
10039,Main + Extras,Game Boy Color,18h
10039,Main + Extras,Nintendo 3DS,18h
10039,Main + Extras,Game Boy Color,18h
10039,Main + Extras,Game Boy Color,18h
10039,Main + Extras,Game Boy Color,18h
10039,Main + Extras,Nintendo 3DS,18h 16m
10039,Main + Extras,Nintendo 3DS,18h 20m
10039,Main + Extras,Nintendo 3DS,18h 45m
10039,Main + Extras,Nintendo 3DS,18h 56m
10039,Main + Extras,Nintendo 3DS,18h 59m
10039,Main + Extras,Nintendo 3DS,19h
10039,Main + Extras,Game Boy Color,19h
10039,Main + Extras,Nintendo 3DS,19h
10039,Main + Extras,Game Boy Color,19h 10m
10039,Main + Extras,Game Boy Color,19h 10m
10039,Main + Extras,Nintendo 3DS,19h 19m
10039,Main + Extras,Nintendo 3DS,19h 27m
10039,Main + Extras,Game Boy Color,19h 33m
10039,Main + Extras,Nintendo 3DS,19h 39m
10039,Main + Extras,Nintendo 3DS,19h 41m
10039,Main + Extras,Game Boy Color,20h
10039,Main + Extras,Nintendo 3DS,20h
10039,Main + Extras,Nintendo 3DS,20h 01m
10039,Main + Extras,Nintendo 3DS,20h 55m
10039,Main + Extras,Nintendo 3DS,22h
10039,Main + Extras,Nintendo 3DS,22h 10m
10039,Main + Extras,Game Boy Color,22h 15m
10039,Main + Extras,Nintendo 3DS,22h 33m
10039,Main + Extras,Game Boy Color,23h 27m
10039,Main + Extras,Game Boy Color,24h
10039,Main + Extras,Game Boy Color,24h
10039,Main + Extras,Nintendo 3DS,24h 55m
10039,Main + Extras,Nintendo 3DS,25h
10039,Main + Extras,Game Boy Color,25h 18m
10039,Main + Extras,Game Boy Color,30h
10039,Main + Extras,Game Boy Color,30h
10039,Main + Extras,Game Boy Color,31h
10039,Completionists,Nintendo 3DS,12h 38m
10039,Completionists,Nintendo 3DS,12h 48m
10039,Completionists,Nintendo 3DS,13h 30m
10039,Completionists,Nintendo 3DS,13h 48m
10039,Completionists,Nintendo 3DS,15h 32m
10039,Completionists,PC,15h 34m
10039,Completionists,Game Boy Advance,16h 30m
10039,Completionists,Game Boy Color,16h 48m
10039,Completionists,Game Boy Color,17h
10039,Completionists,Nintendo 3DS,17h 57m
10039,Completionists,Game Boy Color,18h 37m
10039,Completionists,Nintendo 3DS,18h 59m
10039,Completionists,Game Boy Color,19h
10039,Completionists,Nintendo 3DS,19h 26m
10039,Completionists,Nintendo 3DS,20h
10039,Completionists,Nintendo 3DS,20h
10039,Completionists,Game Boy Color,20h
10039,Completionists,Nintendo 3DS,20h
10039,Completionists,Game Boy,20h
10039,Completionists,Nintendo 3DS,21h 01m
10039,Completionists,Nintendo 3DS,21h 16m
10039,Completionists,Game Boy Color,22h 02m
10039,Completionists,Game Boy Color,22h 05m
10039,Completionists,Game Boy Advance,22h 34m
10039,Completionists,Nintendo 3DS,22h 34m
10039,Completionists,Game Boy Color,24h
10039,Completionists,Game Boy Color,25h
10039,Completionists,Game Boy Color,25h
10039,Completionists,Game Boy Color,25h 52m
10039,Completionists,Game Boy Color,26h
10039,Completionists,Game Boy Color,27h 09m
10039,Completionists,Nintendo 3DS,36h 03m
10039,Completionists,Nintendo 3DS,45h 04m
10039,Completionists,Game Boy Color,50h
10039,Completionists,Nintendo 3DS,58h
