id,type,platform,time
10034,Main Story,Nintendo 64,12h
10034,Main Story,Nintendo 64,12h
10034,Main Story,Nintendo 64,13h
10034,Main Story,NA,13h 30m
10034,Main Story,NA,14h
10034,Main Story,Nintendo 64,14h
10034,Main Story,Nintendo 64,14h
10034,Main Story,Nintendo 64,14h
10034,Main Story,Nintendo 64,15h
10034,Main Story,Nintendo 64,15h
10034,Main Story,Nintendo 64,15h 15m
10034,Main Story,Emulated,15h 21m
10034,Main Story,Nintendo 64,16h 10m
10034,Main Story,Nintendo 64,17h
10034,Main Story,Wii,17h 01m
10034,Main Story,Nintendo 64,17h 31m
10034,Main Story,Nintendo 64,17h 58m
10034,Main Story,Nintendo 64,18h
10034,Main Story,Nintendo 64,18h 20m
10034,Main Story,Wii U,19h 57m
10034,Main Story,Nintendo 64,20h
10034,Main Story,Nintendo 64,20h
10034,Main Story,Nintendo 64,20h
10034,Main Story,Emulated,20h
10034,Main Story,Nintendo GameCube,20h
10034,Main Story,Nintendo 64,20h
10034,Main Story,Nintendo 64,20h
10034,Main Story,Emulated,20h
10034,Main Story,Nintendo 64,20h
10034,Main Story,Nintendo 64,20h
10034,Main Story,Emulated,20h
10034,Main Story,Nintendo 64,20h
10034,Main Story,Emulated,20h
10034,Main Story,Nintendo 64,20h
10034,Main Story,Nintendo 64,20h
10034,Main Story,Emulated,20h
10034,Main Story,Emulated,20h
10034,Main Story,NA,20h
10034,Main Story,Nintendo 64,20h 02m
10034,Main Story,Nintendo 3DS,20h 06m
10034,Main Story,Nintendo 64,20h 30m
10034,Main Story,Nintendo 3DS,20h 49m
10034,Main Story,Nintendo GameCube,21h
10034,Main Story,Nintendo 64,21h 25m
10034,Main Story,Nintendo 64,21h 43m
10034,Main Story,NA,22h
10034,Main Story,Nintendo 64,22h
10034,Main Story,Nintendo 64,22h
10034,Main Story,Nintendo 64,22h
10034,Main Story,Nintendo 64,22h
10034,Main Story,Wii,22h
10034,Main Story,Nintendo 64,22h
10034,Main Story,Nintendo 64,22h
10034,Main Story,Nintendo 64,22h 27m
10034,Main Story,Nintendo GameCube,23h 47m
10034,Main Story,Nintendo 64,24h 23m
10034,Main Story,Nintendo 64,24h 30m
10034,Main Story,Nintendo 64,25h
10034,Main Story,Nintendo 64,25h
10034,Main Story,Nintendo 3DS,25h
10034,Main Story,Nintendo 64,25h
10034,Main Story,Nintendo 64,25h
10034,Main Story,Nintendo 64,25h
10034,Main Story,Nintendo 64,28h
10034,Main Story,Wii,28h 34m
10034,Main Story,Nintendo 64,30h
10034,Main Story,Nintendo 64,30h
10034,Main Story,Nintendo 64,32h 38m
10034,Main Story,Nintendo 64,35h
10034,Main Story,Nintendo 64,40h
10034,Main + Extras,Nintendo 64,14h
10034,Main + Extras,Nintendo GameCube,14h
10034,Main + Extras,Nintendo 64,14h 30m
10034,Main + Extras,Nintendo 64,18h
10034,Main + Extras,Nintendo 64,18h
10034,Main + Extras,Nintendo 64,18h
10034,Main + Extras,Nintendo 64,19h 29m
10034,Main + Extras,Nintendo 64,20h
10034,Main + Extras,Nintendo 64,20h
10034,Main + Extras,Emulated,20h
10034,Main + Extras,Nintendo 64,20h 44m
10034,Main + Extras,Nintendo 64,21h 33m
10034,Main + Extras,Nintendo 64,21h 41m
10034,Main + Extras,Nintendo 64,22h
10034,Main + Extras,Nintendo GameCube,22h
10034,Main + Extras,Nintendo 64,22h
10034,Main + Extras,Nintendo 64,23h
10034,Main + Extras,Nintendo 64,23h
10034,Main + Extras,Nintendo 64,23h 12m
10034,Main + Extras,Nintendo 64,23h 56m
10034,Main + Extras,Nintendo 64,24h
10034,Main + Extras,Nintendo 64,24h
10034,Main + Extras,Nintendo 64,24h
10034,Main + Extras,Emulated,24h 11m
10034,Main + Extras,Nintendo 64,24h 30m
10034,Main + Extras,Nintendo 64,25h
10034,Main + Extras,Wii,25h
10034,Main + Extras,Nintendo 64,25h
10034,Main + Extras,Nintendo 64,25h
10034,Main + Extras,Nintendo 64,25h
10034,Main + Extras,Nintendo 64,25h
10034,Main + Extras,Nintendo 64,25h
10034,Main + Extras,Nintendo 64,25h
10034,Main + Extras,Nintendo 3DS,25h
10034,Main + Extras,Nintendo 64,25h 15m
10034,Main + Extras,Nintendo 3DS,25h 57m
10034,Main + Extras,Nintendo 64,26h
10034,Main + Extras,Nintendo GameCube,26h
10034,Main + Extras,Nintendo 64,26h
10034,Main + Extras,Nintendo 64,26h 06m
10034,Main + Extras,Nintendo GameCube,27h
10034,Main + Extras,Nintendo 64,27h
10034,Main + Extras,Nintendo 64,27h
10034,Main + Extras,Nintendo 64,27h
10034,Main + Extras,Nintendo 64,27h 57m
10034,Main + Extras,Nintendo 64,28h
10034,Main + Extras,Nintendo 64,28h
10034,Main + Extras,Nintendo 64,28h 10m
10034,Main + Extras,Nintendo 3DS,28h 13m
10034,Main + Extras,Nintendo GameCube,29h
10034,Main + Extras,Emulated,29h 10m
10034,Main + Extras,Nintendo 64,29h 23m
10034,Main + Extras,Nintendo 64,30h
10034,Main + Extras,Nintendo 64,30h
10034,Main + Extras,Nintendo 64,30h
10034,Main + Extras,Nintendo 64,30h
10034,Main + Extras,Nintendo 64,30h
10034,Main + Extras,Nintendo GameCube,30h 25m
10034,Main + Extras,Emulated,30h 40m
10034,Main + Extras,Nintendo 64,31h 40m
10034,Main + Extras,Nintendo 64,32h
10034,Main + Extras,Wii U,32h 20m
10034,Main + Extras,Nintendo 64,33h
10034,Main + Extras,NA,39h 26m
10034,Main + Extras,Nintendo 3DS,40h
10034,Main + Extras,Nintendo GameCube,40h
10034,Main + Extras,Nintendo 64,40h
10034,Main + Extras,Nintendo 64,40h
10034,Main + Extras,Nintendo 64,40h
10034,Main + Extras,Wii U,49h
10034,Main + Extras,Nintendo 64,50h
10034,Main + Extras,Nintendo 64,50h
10034,Main + Extras,Emulated,50h
10034,Main + Extras,Nintendo 64,50h
10034,Main + Extras,Nintendo 64,50h
10034,Main + Extras,Nintendo 64,50h
10034,Main + Extras,Nintendo 64,50h
10034,Main + Extras,Nintendo 64,55h
10034,Main + Extras,Nintendo 3DS,60h
10034,Main + Extras,Nintendo 64,60h
10034,Main + Extras,Nintendo 64,60h
10034,Main + Extras,Wii,68h
10034,Completionists,Nintendo 64,14h 32m
10034,Completionists,Nintendo 64,17h 43m
10034,Completionists,Nintendo 64,18h
10034,Completionists,Nintendo 64,18h
10034,Completionists,Nintendo 64,19h 59m
10034,Completionists,Nintendo 64,20h
10034,Completionists,Wii,20h
10034,Completionists,Nintendo 64,20h
10034,Completionists,Nintendo 64,20h
10034,Completionists,Nintendo 64,22h
10034,Completionists,Nintendo 3DS,22h 03m
10034,Completionists,Nintendo 64,23h
10034,Completionists,Nintendo 64,23h
10034,Completionists,Nintendo 64,23h 30m
10034,Completionists,Nintendo 64,24h
10034,Completionists,Nintendo 64,24h
10034,Completionists,NA,24h
10034,Completionists,Nintendo 64,24h 56m
10034,Completionists,Nintendo 64,25h
10034,Completionists,Wii,25h 34m
10034,Completionists,Nintendo 64,26h
10034,Completionists,Nintendo 64,26h 41m
10034,Completionists,Nintendo 64,26h 46m
10034,Completionists,Nintendo 64,27h
10034,Completionists,Nintendo 64,27h 32m
10034,Completionists,Nintendo 64,28h
10034,Completionists,Nintendo GameCube,28h
10034,Completionists,Nintendo GameCube,28h
10034,Completionists,Nintendo GameCube,28h
10034,Completionists,Nintendo 64,28h 10m
10034,Completionists,Nintendo 3DS,28h 20m
10034,Completionists,Emulated,29h 14m
10034,Completionists,Nintendo 3DS,29h 40m
10034,Completionists,Nintendo 3DS,29h 40m
10034,Completionists,Nintendo 3DS,30h
10034,Completionists,Nintendo 64,30h
10034,Completionists,Nintendo 64,30h
10034,Completionists,Emulated,30h
10034,Completionists,Nintendo 64,30h
10034,Completionists,Nintendo 64,30h
10034,Completionists,Nintendo 64,30h
10034,Completionists,Wii,30h
10034,Completionists,Nintendo 64,30h
10034,Completionists,Wii U,30h 13m
10034,Completionists,Nintendo 64,30h 22m
10034,Completionists,Nintendo GameCube,31h
10034,Completionists,Emulated,31h 05m
10034,Completionists,Nintendo 64,32h
10034,Completionists,Nintendo 64,35h
10034,Completionists,Nintendo GameCube,35h
10034,Completionists,Nintendo GameCube,35h 14m
10034,Completionists,Nintendo 64,35h 17m
10034,Completionists,Nintendo 64,35h 52m
10034,Completionists,Nintendo 64,36h
10034,Completionists,Nintendo 64,36h 18m
10034,Completionists,Nintendo 64,39h
10034,Completionists,Nintendo 64,40h
10034,Completionists,Wii U,40h
10034,Completionists,Nintendo 64,40h
10034,Completionists,Nintendo 64,40h
10034,Completionists,Nintendo 64,45h
10034,Completionists,Wii,46h 08m
10034,Completionists,Nintendo 3DS,50h
10034,Completionists,Nintendo 64,50h
10034,Completionists,Nintendo 64,50h
10034,Completionists,Nintendo 64,53h 29m
10034,Completionists,Nintendo 64,60h
10034,Completionists,Nintendo 64,72h
10034,Speed Run - Any%,Wii,1h 15m 29s
10034,Speed Run - Any%,Wii,1h 28m 36s
10034,Speed Run - Any%,Emulated,1h 50m 23s
10034,Speed Run - Any%,Emulated,2h 48m 56s
10034,Speed Run - Any%,Wii,3h 47m 56s
10034,Speed Run - Any%,Nintendo 64,5h 54m 33s
10034,Speed Run - Any%,Nintendo 64,9h 13m 32s
10034,Speed Run - Any%,NA,10h
10034,Speed Run - Any%,Nintendo 64,14h 17m 35s
10034,Speed Run - 100%,Wii,4h 35m 30s
10034,Speed Run - 100%,Nintendo 64,12h 34m 23s
10034,Speed Run - 100%,Wii,15h
10034,Speed Run - 100%,NA,15h
