id,type,platform,time
10033,Main Story,Game Boy Color,6h 25m
10033,Main Story,Game Boy Color,8h 30m
10033,Main Story,Nintendo 3DS,8h 56m
10033,Main Story,Nintendo 3DS,9h 02m
10033,Main Story,Nintendo 3DS,9h 16m
10033,Main Story,Nintendo 3DS,9h 36m
10033,Main Story,Nintendo 3DS,9h 55m
10033,Main Story,Nintendo 3DS,10h
10033,Main Story,Game Boy Color,10h
10033,Main Story,Nintendo 3DS,10h
10033,Main Story,Nintendo 3DS,10h 03m
10033,Main Story,Nintendo 3DS,10h 16m
10033,Main Story,Nintendo 3DS,10h 44m
10033,Main Story,Nintendo 3DS,11h
10033,Main Story,Game Boy Color,11h
10033,Main Story,Nintendo 3DS,11h 08m
10033,Main Story,Game Boy Color,11h 18m
10033,Main Story,Nintendo 3DS,11h 34m
10033,Main Story,Nintendo 3DS,11h 37m
10033,Main Story,Game Boy Color,11h 39m
10033,Main Story,Game Boy Color,11h 41m
10033,Main Story,Nintendo 3DS,11h 42m
10033,Main Story,NA,11h 44m
10033,Main Story,Game Boy Color,12h
10033,Main Story,Game Boy Color,12h
10033,Main Story,Nintendo 3DS,12h
10033,Main Story,Nintendo 3DS,12h 46m
10033,Main Story,Nintendo 3DS,12h 50m
10033,Main Story,Nintendo 3DS,13h
10033,Main Story,Game Boy Color,13h 08m
10033,Main Story,Nintendo 3DS,13h 35m
10033,Main Story,Game Boy Color,13h 40m
10033,Main Story,Nintendo 3DS,13h 45m
10033,Main Story,Nintendo 3DS,13h 50m
10033,Main Story,Nintendo 3DS,13h 57m
10033,Main Story,Game Boy Color,13h 58m
10033,Main Story,Game Boy,14h
10033,Main Story,Game Boy,14h
10033,Main Story,Nintendo 3DS,14h
10033,Main Story,Nintendo 3DS,14h
10033,Main Story,Game Boy Color,14h
10033,Main Story,Game Boy Color,14h 08m
10033,Main Story,Game Boy Color,14h 30m
10033,Main Story,PC,14h 33m
10033,Main Story,NA,14h 38m
10033,Main Story,Game Boy Color,14h 44m
10033,Main Story,Nintendo 3DS,14h 46m
10033,Main Story,Game Boy Color,14h 50m
10033,Main Story,Game Boy Color,14h 56m
10033,Main Story,Game Boy Color,15h
10033,Main Story,Nintendo 3DS,15h
10033,Main Story,Game Boy Color,15h
10033,Main Story,Nintendo 3DS,15h
10033,Main Story,Game Boy Color,15h
10033,Main Story,Nintendo 3DS,15h
10033,Main Story,Nintendo 3DS,15h
10033,Main Story,Nintendo 3DS,15h
10033,Main Story,Nintendo 3DS,15h
10033,Main Story,Game Boy Color,15h
10033,Main Story,Game Boy Color,15h
10033,Main Story,Nintendo 3DS,15h
10033,Main Story,Nintendo 3DS,15h
10033,Main Story,Game Boy Color,15h
10033,Main Story,Nintendo 3DS,15h
10033,Main Story,Nintendo 3DS,15h 28m
10033,Main Story,Nintendo 3DS,15h 44m
10033,Main Story,Nintendo 3DS,15h 58m
10033,Main Story,Game Boy Color,16h
10033,Main Story,Game Boy Color,16h
10033,Main Story,Game Boy Color,16h
10033,Main Story,Nintendo 3DS,16h 08m
10033,Main Story,NA,16h 09m
10033,Main Story,Game Boy Color,16h 30m
10033,Main Story,Game Boy Color,17h
10033,Main Story,Game Boy Color,17h
10033,Main Story,Game Boy Color,17h 20m
10033,Main Story,Nintendo 3DS,17h 32m
10033,Main Story,Nintendo 3DS,18h
10033,Main Story,Nintendo 3DS,18h 02m
10033,Main Story,Game Boy Color,18h 10m
10033,Main Story,Game Boy Color,18h 30m
10033,Main Story,Nintendo 3DS,18h 30m
10033,Main Story,Nintendo 3DS,19h 15m
10033,Main Story,Nintendo 3DS,19h 18m
10033,Main Story,Game Boy Color,20h
10033,Main Story,Nintendo 3DS,20h
10033,Main Story,Game Boy Color,20h
10033,Main Story,Nintendo 3DS,20h
10033,Main Story,Nintendo 3DS,20h 20m
10033,Main Story,Nintendo 3DS,21h 41m
10033,Main Story,Nintendo 3DS,21h 43m
10033,Main + Extras,Game Boy Color,5h 02m
10033,Main + Extras,Nintendo 3DS,6h
10033,Main + Extras,Game Boy Color,7h 45m
10033,Main + Extras,Game Boy Color,7h 50m
10033,Main + Extras,Game Boy Color,9h 17m
10033,Main + Extras,Nintendo 3DS,10h 08m
10033,Main + Extras,Nintendo 3DS,10h 12m
10033,Main + Extras,Nintendo 3DS,10h 27m
10033,Main + Extras,NA,10h 30m
10033,Main + Extras,Game Boy Color,10h 41m
10033,Main + Extras,Game Boy Color,10h 43m
10033,Main + Extras,Emulated,10h 46m
10033,Main + Extras,Game Boy Color,10h 47m
10033,Main + Extras,Nintendo 3DS,11h 04m
10033,Main + Extras,Nintendo 3DS,11h 15m
10033,Main + Extras,Nintendo 3DS,11h 25m
10033,Main + Extras,Game Boy Color,11h 43m
10033,Main + Extras,Nintendo 3DS,11h 45m
10033,Main + Extras,Game Boy Color,11h 49m
10033,Main + Extras,Game Boy Color,11h 55m
10033,Main + Extras,Nintendo 3DS,11h 56m
10033,Main + Extras,Game Boy Color,12h
10033,Main + Extras,Nintendo 2DS,12h 12m
10033,Main + Extras,Emulated,12h 38m
10033,Main + Extras,Emulated,12h 49m
10033,Main + Extras,Nintendo 3DS,13h 23m
10033,Main + Extras,Game Boy Color,13h 35m
10033,Main + Extras,Game Boy Color,14h
10033,Main + Extras,Game Boy Color,14h
10033,Main + Extras,Nintendo 3DS,14h
10033,Main + Extras,Game Boy Color,14h
10033,Main + Extras,Nintendo 3DS,14h 27m
10033,Main + Extras,NA,14h 38m
10033,Main + Extras,Nintendo 3DS,14h 40m
10033,Main + Extras,Game Boy Color,14h 44m
10033,Main + Extras,Emulated,14h 45m
10033,Main + Extras,Nintendo 3DS,14h 45m
10033,Main + Extras,Nintendo 3DS,14h 57m
10033,Main + Extras,Game Boy Advance,15h
10033,Main + Extras,Game Boy,15h
10033,Main + Extras,Game Boy Color,15h
10033,Main + Extras,Game Boy Color,15h
10033,Main + Extras,Game Boy Color,15h
10033,Main + Extras,Game Boy Color,15h
10033,Main + Extras,Game Boy Color,15h
10033,Main + Extras,Game Boy Color,15h
10033,Main + Extras,Game Boy Color,15h 13m
10033,Main + Extras,Nintendo 3DS,15h 15m
10033,Main + Extras,Game Boy,15h 22m
10033,Main + Extras,Game Boy Color,15h 31m
10033,Main + Extras,Nintendo 3DS,15h 40m
10033,Main + Extras,Nintendo 3DS,15h 48m
10033,Main + Extras,Nintendo 3DS,15h 51m
10033,Main + Extras,Nintendo 3DS,15h 56m
10033,Main + Extras,Game Boy,16h
10033,Main + Extras,Game Boy Color,16h
10033,Main + Extras,Nintendo 3DS,16h
10033,Main + Extras,Nintendo 3DS,16h 15m
10033,Main + Extras,Nintendo 3DS,16h 20m
10033,Main + Extras,Nintendo 3DS,16h 21m
10033,Main + Extras,Nintendo 3DS,16h 26m
10033,Main + Extras,Nintendo 3DS,16h 31m
10033,Main + Extras,Nintendo 3DS,16h 58m
10033,Main + Extras,Game Boy Color,17h
10033,Main + Extras,Game Boy Color,17h
10033,Main + Extras,Game Boy Color,17h
10033,Main + Extras,Game Boy Advance,17h
10033,Main + Extras,Nintendo 3DS,17h 28m
10033,Main + Extras,Nintendo 3DS,17h 32m
10033,Main + Extras,Nintendo 3DS,17h 33m
10033,Main + Extras,Game Boy Color,17h 45m
10033,Main + Extras,Game Boy Color,18h
10033,Main + Extras,Game Boy,18h
10033,Main + Extras,Game Boy Color,18h
10033,Main + Extras,Nintendo 3DS,18h 11m
10033,Main + Extras,Game Boy Color,18h 30m
10033,Main + Extras,Nintendo 3DS,18h 40m
10033,Main + Extras,Nintendo 3DS,20h
10033,Main + Extras,Game Boy Color,20h
10033,Main + Extras,Game Boy Color,20h
10033,Main + Extras,Nintendo 3DS,20h
10033,Main + Extras,Nintendo 3DS,20h
10033,Main + Extras,Nintendo 3DS,20h 52m
10033,Main + Extras,Nintendo 3DS,21h 03m
10033,Main + Extras,Game Boy Color,21h 48m
10033,Main + Extras,Nintendo 3DS,21h 55m
10033,Main + Extras,Nintendo 3DS,21h 59m
10033,Main + Extras,Nintendo 3DS,22h
10033,Main + Extras,Game Boy Color,22h
10033,Main + Extras,Nintendo 3DS,22h 10m
10033,Main + Extras,Game Boy Color,23h 37m
10033,Main + Extras,Emulated,24h
10033,Main + Extras,Nintendo 3DS,24h 57m
10033,Main + Extras,Nintendo 3DS,25h 11m
10033,Main + Extras,Nintendo 3DS,25h 20m
10033,Main + Extras,Game Boy Color,25h 43m
10033,Main + Extras,Nintendo 3DS,25h 44m
10033,Main + Extras,Nintendo 3DS,26h 06m
10033,Main + Extras,Nintendo 3DS,26h 14m
10033,Main + Extras,Nintendo 3DS,26h 18m
10033,Main + Extras,Nintendo DS,29h 18m
10033,Main + Extras,Nintendo 3DS,30h 05m
10033,Main + Extras,Nintendo 3DS,31h 34m
10033,Completionists,Nintendo 3DS,7h 37m
10033,Completionists,Game Boy Color,8h
10033,Completionists,Game Boy Color,8h 15m
10033,Completionists,Nintendo 3DS,9h 10m
10033,Completionists,Nintendo 3DS,9h 12m
10033,Completionists,Nintendo 3DS,9h 20m
10033,Completionists,Nintendo 3DS,10h
10033,Completionists,Nintendo 3DS,10h 04m
10033,Completionists,Game Boy Color,10h 24m
10033,Completionists,Nintendo 3DS,11h 29m
10033,Completionists,Nintendo 3DS,11h 33m
10033,Completionists,Nintendo 3DS,11h 41m
10033,Completionists,Nintendo 3DS,11h 58m
10033,Completionists,NA,12h 05m
10033,Completionists,Nintendo 3DS,12h 11m
10033,Completionists,Nintendo 3DS,12h 16m
10033,Completionists,Game Boy Color,12h 41m
10033,Completionists,Nintendo 3DS,12h 45m
10033,Completionists,Emulated,12h 57m
10033,Completionists,Game Boy Color,13h
10033,Completionists,Nintendo 3DS,13h
10033,Completionists,Nintendo 3DS,13h 07m
10033,Completionists,Nintendo 3DS,13h 26m
10033,Completionists,Game Boy Color,13h 30m
10033,Completionists,Nintendo 3DS,13h 49m
10033,Completionists,Nintendo 3DS,14h 27m
10033,Completionists,NA,14h 32m
10033,Completionists,Nintendo 3DS,14h 33m
10033,Completionists,NA,14h 38m
10033,Completionists,Nintendo 3DS,14h 53m
10033,Completionists,Nintendo 3DS,15h
10033,Completionists,Nintendo 3DS,15h
10033,Completionists,Game Boy Color,15h
10033,Completionists,Game Boy Color,15h
10033,Completionists,Game Boy Color,15h
10033,Completionists,Nintendo 3DS,15h 05m
10033,Completionists,Nintendo 3DS,15h 08m
10033,Completionists,Game Boy Color,15h 40m
10033,Completionists,Nintendo 3DS,15h 58m
10033,Completionists,Game Boy Advance,16h
10033,Completionists,Nintendo 3DS,16h
10033,Completionists,Game Boy,16h
10033,Completionists,Game Boy Color,16h
10033,Completionists,PC,16h
10033,Completionists,Game Boy Color,16h
10033,Completionists,Nintendo 3DS,16h
10033,Completionists,Nintendo 3DS,16h 11m
10033,Completionists,Nintendo 3DS,16h 15m
10033,Completionists,Nintendo 3DS,16h 22m
10033,Completionists,Nintendo 3DS,16h 30m
10033,Completionists,Nintendo 3DS,17h
10033,Completionists,Nintendo 3DS,17h
10033,Completionists,Game Boy Color,17h 04m
10033,Completionists,Game Boy Color,17h 07m
10033,Completionists,Game Boy Color,17h 55m
10033,Completionists,Nintendo 3DS,17h 56m
10033,Completionists,Game Boy Color,18h
10033,Completionists,Game Boy Color,18h 20m
10033,Completionists,Game Boy Color,18h 55m
10033,Completionists,NA,19h 14m
10033,Completionists,Game Boy Color,20h
10033,Completionists,Nintendo 3DS,20h 57m
10033,Completionists,Game Boy Color,21h
10033,Completionists,Nintendo 3DS,22h 53m
10033,Completionists,Nintendo 3DS,24h
10033,Completionists,Nintendo 3DS,24h 51m
10033,Completionists,Nintendo 3DS,25h 43m
10033,Completionists,Nintendo 3DS,27h 57m
10033,Completionists,Game Boy Color,30h
