id,type,platform,time
10037,Main Story,Nintendo GameCube,13h 45m
10037,Main Story,Nintendo GameCube,15h
10037,Main Story,Nintendo 3DS,17h
10037,Main Story,Nintendo GameCube,17h
10037,Main Story,Nintendo GameCube,17h 21m
10037,Main Story,Nintendo GameCube,19h
10037,Main Story,Nintendo GameCube,19h
10037,Main Story,Nintendo GameCube,20h
10037,Main Story,Nintendo GameCube,20h
10037,Main Story,Nintendo GameCube,20h
10037,Main Story,Nintendo GameCube,20h
10037,Main Story,Nintendo GameCube,21h
10037,Main Story,Nintendo 3DS,21h 30m
10037,Main Story,Nintendo GameCube,23h
10037,Main Story,Nintendo 64,30h 15m
10037,Main + Extras,Nintendo 3DS,20h
10037,Main + Extras,Nintendo GameCube,24h
10037,Main + Extras,Nintendo 3DS,24h
10037,Main + Extras,Nintendo 3DS,25h
10037,Main + Extras,Nintendo 3DS,25h 04m
10037,Main + Extras,Nintendo 3DS,28h
10037,Main + Extras,Nintendo GameCube,28h 26m
10037,Main + Extras,Nintendo GameCube,29h
10037,Main + Extras,Nintendo 3DS,30h
10037,Main + Extras,Nintendo GameCube,30h
10037,Main + Extras,Nintendo 3DS,31h 26m
10037,Main + Extras,Nintendo 3DS,37h
10037,Completionists,Nintendo GameCube,26h
10037,Completionists,Nintendo 64,26h
10037,Completionists,Nintendo GameCube,27h
10037,Completionists,Nintendo GameCube,28h
10037,Completionists,Nintendo GameCube,30h
10037,Completionists,Nintendo GameCube,31h
10037,Completionists,Nintendo GameCube,33h 33m
10037,Completionists,Nintendo 3DS,33h 57m
10037,Completionists,Nintendo GameCube,34h 20m
10037,Completionists,Nintendo GameCube,40h
10037,Completionists,Nintendo 3DS,40h 34m
10037,Completionists,Nintendo 3DS,43h 52m
10037,Speed Run - 100%,Nintendo GameCube,18h 08m
