id,type,platform,time
10031,Main Story,Nintendo 3DS,1h 36m
10031,Main Story,Nintendo 3DS,1h 39m
10031,Main Story,Nintendo 3DS,1h 44m
10031,Main Story,Nintendo 3DS,1h 52m
10031,Main Story,Nintendo 3DS,2h
10031,Main Story,Nintendo 3DS,2h
10031,Main Story,Nintendo DS,2h
10031,Main Story,Nintendo 3DS,2h
10031,Main Story,Nintendo DS,2h 04m
10031,Main Story,Nintendo 3DS,2h 05m
10031,Main Story,Nintendo 3DS,2h 05m
10031,Main Story,Nintendo 3DS,2h 14m
10031,Main Story,Nintendo 3DS,2h 23m
10031,Main Story,Nintendo 3DS,2h 27m
10031,Main Story,Nintendo 3DS,2h 33m
10031,Main Story,Nintendo 3DS,2h 35m
10031,Main Story,Nintendo DS,2h 36m
10031,Main Story,Nintendo 3DS,2h 47m
10031,Main Story,Nintendo 3DS,2h 50m
10031,Main Story,Nintendo 3DS,2h 54m
10031,Main Story,Nintendo 3DS,3h
10031,Main Story,Nintendo DS,3h
10031,Main Story,Nintendo DS,3h
10031,Main Story,Nintendo 3DS,3h
10031,Main Story,Nintendo DS,3h
10031,Main Story,Nintendo DS,3h
10031,Main Story,Nintendo 3DS,3h 04m
10031,Main Story,Nintendo 3DS,3h 06m
10031,Main Story,Nintendo 3DS,3h 10m
10031,Main Story,Nintendo 3DS,3h 24m
10031,Main Story,Nintendo DS,3h 30m
10031,Main Story,Nintendo 3DS,3h 33m
10031,Main Story,Nintendo 3DS,3h 38m
10031,Main Story,Nintendo 3DS,3h 56m
10031,Main Story,Nintendo 3DS,4h
10031,Main Story,Nintendo 3DS,4h
10031,Main Story,Nintendo DS,4h
10031,Main Story,Nintendo DS,4h
10031,Main Story,Nintendo DS,4h
10031,Main Story,Nintendo 3DS,4h
10031,Main Story,Nintendo 3DS,4h
10031,Main Story,Nintendo DS,4h 19m
10031,Main Story,Nintendo 3DS,4h 21m
10031,Main Story,Nintendo DS,4h 30m
10031,Main Story,Nintendo DS,4h 30m
10031,Main Story,Nintendo 3DS,4h 40m
10031,Main Story,Nintendo 3DS,4h 43m
10031,Main Story,Nintendo 3DS,5h 15m
10031,Main Story,Nintendo DS,5h 32m
10031,Main Story,Nintendo 3DS,6h
10031,Main Story,Nintendo DS,6h 05m
10031,Main Story,Nintendo 3DS,6h 19m
10031,Main + Extras,Nintendo DS,2h
10031,Main + Extras,Nintendo 3DS,2h 42m
10031,Main + Extras,Nintendo 3DS,2h 43m
10031,Main + Extras,Nintendo 3DS,3h 22m
10031,Main + Extras,Nintendo DS,3h 34m
10031,Main + Extras,Nintendo DS,3h 51m
10031,Main + Extras,Nintendo 3DS,4h
10031,Main + Extras,Nintendo 3DS,4h 07m
10031,Main + Extras,Nintendo 3DS,5h 28m
10031,Main + Extras,Nintendo 3DS,5h 32m
10031,Main + Extras,Nintendo 3DS,5h 33m
10031,Main + Extras,Nintendo 3DS,5h 42m
10031,Main + Extras,Nintendo 3DS,6h
10031,Main + Extras,Nintendo DS,6h
10031,Main + Extras,Nintendo DS,6h
10031,Main + Extras,Nintendo DS,6h
10031,Main + Extras,Nintendo DS,6h 16m
10031,Main + Extras,Nintendo DS,6h 30m
10031,Main + Extras,Nintendo 3DS,7h 10m
10031,Main + Extras,Nintendo 3DS,7h 23m
10031,Main + Extras,Nintendo 3DS,8h 29m
10031,Main + Extras,Nintendo DS,8h 29m
10031,Main + Extras,Nintendo 3DS,9h 01m
10031,Main + Extras,Nintendo 3DS,9h 40m
10031,Main + Extras,Nintendo DS,10h
10031,Main + Extras,Nintendo 3DS,10h 04m
10031,Main + Extras,Nintendo 3DS,10h 30m
10031,Main + Extras,Nintendo 3DS,14h 01m
10031,Main + Extras,Nintendo 3DS,20h
10031,Completionists,Nintendo 3DS,5h 23m
10031,Completionists,Nintendo DS,8h
10031,Completionists,Nintendo 3DS,10h
10031,Completionists,Nintendo DS,12h
10031,Completionists,Nintendo 3DS,14h 28m
10031,Completionists,Nintendo 3DS,17h
10031,Completionists,Nintendo 3DS,17h 40m
10031,Completionists,Nintendo 3DS,20h 16m
10031,Completionists,Nintendo DS,20h 16m
10031,Completionists,Nintendo 3DS,21h 43m
10031,Completionists,Nintendo DS,30h
10031,Co-Op Multiplayer,Nintendo 3DS,3h
10031,Co-Op Multiplayer,Nintendo DS,3h
10031,Co-Op Multiplayer,Nintendo DS,3h
10031,Co-Op Multiplayer,Nintendo DS,3h
10031,Co-Op Multiplayer,Nintendo 3DS,4h
