id,type,platform,time
10032,Main Story,Game Boy,9h 31m
10032,Main Story,Game Boy,9h 49m
10032,Main Story,Game Boy,10h 30m
10032,Main Story,Game Boy,11h
10032,Main Story,Game Boy,12h
10032,Main Story,Game Boy,12h 50m
10032,Main Story,Game Boy Color,13h
10032,Main Story,Game Boy,13h 27m
10032,Main Story,NA,14h 38m
10032,Main Story,Game Boy,14h 52m
10032,Main Story,Game Boy,15h
10032,Main Story,Game Boy,15h
10032,Main Story,Nintendo 3DS,15h
10032,Main Story,Game Boy Color,15h
10032,Main Story,Nintendo 3DS,15h 02m
10032,Main Story,Game Boy,16h
10032,Main Story,Game Boy,16h
10032,Main Story,Game Boy,16h
10032,Main Story,Game Boy,16h
10032,Main Story,Game Boy,20h
10032,Main Story,Game Boy,20h
10032,Main Story,Game Boy,22h
10032,Main + Extras,Game Boy,10h 35m
10032,Main + Extras,Game Boy,12h 12m
10032,Main + Extras,Game Boy,14h 05m
10032,Main + Extras,NA,14h 38m
10032,Main + Extras,Emulated,16h 30m
10032,Main + Extras,Game Boy,17h
10032,Main + Extras,Nintendo 3DS,17h 18m
10032,Main + Extras,Game Boy,17h 20m
10032,Main + Extras,Game Boy,18h
10032,Main + Extras,Game Boy,19h
10032,Main + Extras,Game Boy,19h
10032,Main + Extras,Game Boy,19h 10m
10032,Main + Extras,Game Boy,19h 15m
10032,Main + Extras,Game Boy,19h 27m
10032,Main + Extras,Game Boy,19h 57m
10032,Main + Extras,Game Boy,20h
10032,Main + Extras,Game Boy,20h
10032,Main + Extras,Game Boy,20h
10032,Main + Extras,Nintendo 3DS,20h 30m
10032,Main + Extras,Game Boy,21h
10032,Main + Extras,Game Boy,22h
10032,Main + Extras,Game Boy,23h 22m
10032,Main + Extras,Game Boy,24h 53m
10032,Main + Extras,Game Boy,25h
10032,Completionists,Game Boy Color,6h 47m
10032,Completionists,Game Boy,7h 17m
10032,Completionists,Game Boy,8h
10032,Completionists,Nintendo 3DS,10h
10032,Completionists,Game Boy,11h 46m
10032,Completionists,Game Boy Color,12h 12m
10032,Completionists,NA,14h 38m
10032,Completionists,Game Boy,15h
10032,Completionists,Game Boy Color,15h 32m
10032,Completionists,Game Boy Color,17h
10032,Completionists,Game Boy,17h
10032,Completionists,Game Boy Color,18h
10032,Completionists,Game Boy,20h
10032,Completionists,Game Boy,20h
10032,Completionists,Game Boy,20h
10032,Completionists,Game Boy,21h
10032,Completionists,Game Boy,21h 37m
10032,Completionists,Game Boy,24h 05m
10032,Completionists,Game Boy,25h
10032,Completionists,Game Boy,25h
10032,Completionists,Game Boy,25h
10032,Completionists,Game Boy,30h
