id,type,platform,time
10041,Main Story,Nintendo DS,9h 24m
10041,Main Story,Nintendo DS,9h 30m
10041,Main Story,Nintendo DS,9h 32m
10041,Main Story,Nintendo DS,10h
10041,Main Story,Nintendo DS,10h
10041,Main Story,Wii U,11h 05m
10041,Main Story,Nintendo DS,11h 27m
10041,Main Story,NA,11h 35m
10041,Main Story,Nintendo 3DS,11h 44m
10041,Main Story,NA,12h
10041,Main Story,Nintendo 3DS,12h
10041,Main Story,Nintendo DS,12h
10041,Main Story,Nintendo DS,12h
10041,Main Story,Nintendo DS,12h
10041,Main Story,Nintendo 3DS,12h 13m
10041,Main Story,Nintendo DS,12h 52m
10041,Main Story,Nintendo DS,13h
10041,Main Story,Nintendo 3DS,13h 27m
10041,Main Story,Nintendo DS,14h
10041,Main Story,Nintendo DS,14h
10041,Main Story,Nintendo DS,14h
10041,Main Story,Nintendo DS,14h
10041,Main Story,Nintendo DS,14h 17m
10041,Main Story,Nintendo DS,14h 17m
10041,Main Story,Nintendo 3DS,14h 25m
10041,Main Story,Nintendo 3DS,14h 30m
10041,Main Story,Nintendo DS,14h 36m
10041,Main Story,Nintendo DS,15h
10041,Main Story,Nintendo DS,15h
10041,Main Story,Nintendo DS,15h
10041,Main Story,Nintendo DS,15h
10041,Main Story,Nintendo DS,15h
10041,Main Story,Nintendo DS,15h
10041,Main Story,Nintendo DS,15h
10041,Main Story,Nintendo DS,15h
10041,Main Story,Nintendo DS,15h
10041,Main Story,Nintendo DS,15h 08m
10041,Main Story,Nintendo DS,15h 20m
10041,Main Story,Nintendo DS,15h 31m
10041,Main Story,Nintendo DS,15h 38m
10041,Main Story,Nintendo DS,15h 40m
10041,Main Story,Nintendo DS,15h 43m
10041,Main Story,Nintendo DS,15h 59m
10041,Main Story,Nintendo DS,16h
10041,Main Story,Nintendo DS,16h
10041,Main Story,Nintendo DS,16h
10041,Main Story,Nintendo DS,16h
10041,Main Story,Nintendo DS,16h
10041,Main Story,Nintendo DS,16h
10041,Main Story,Nintendo DS,16h
10041,Main Story,Nintendo DS,16h
10041,Main Story,Nintendo DS,16h
10041,Main Story,Emulated,16h
10041,Main Story,Nintendo DS,16h
10041,Main Story,Nintendo 3DS,16h
10041,Main Story,Nintendo DS,16h
10041,Main Story,Nintendo DS,17h
10041,Main Story,Nintendo DS,17h
10041,Main Story,Nintendo DS,17h
10041,Main Story,Nintendo DS,17h
10041,Main Story,Nintendo DS,17h 05m
10041,Main Story,Nintendo DS,17h 05m
10041,Main Story,Nintendo DS,17h 11m
10041,Main Story,Nintendo DS,17h 45m
10041,Main Story,Nintendo 2DS,17h 55m
10041,Main Story,Nintendo DS,18h
10041,Main Story,Nintendo DS,18h
10041,Main Story,Nintendo DS,18h
10041,Main Story,Nintendo DS,18h
10041,Main Story,Nintendo DS,18h
10041,Main Story,Wii U,18h 04m
10041,Main Story,Nintendo DS,18h 21m
10041,Main Story,Nintendo DS,19h 13m
10041,Main Story,Nintendo DS,19h 53m
10041,Main Story,Nintendo DS,20h
10041,Main Story,Nintendo DS,20h
10041,Main Story,Nintendo DS,20h
10041,Main Story,Nintendo DS,20h
10041,Main Story,Nintendo DS,20h
10041,Main Story,Nintendo DS,20h
10041,Main Story,Nintendo DS,20h
10041,Main Story,NA,20h
10041,Main Story,Nintendo DS,20h 07m
10041,Main Story,Nintendo DS,20h 45m
10041,Main Story,Nintendo 3DS,20h 54m
10041,Main Story,Nintendo DS,21h 19m
10041,Main Story,Nintendo 3DS,22h
10041,Main Story,Nintendo DS,22h 05m
10041,Main Story,Nintendo DS,22h 51m
10041,Main Story,Nintendo DS,23h
10041,Main Story,Nintendo 3DS,23h 18m
10041,Main Story,Nintendo DS,24h
10041,Main Story,Nintendo DS,25h
10041,Main Story,Nintendo DS,25h
10041,Main Story,Nintendo DS,25h 22m
10041,Main + Extras,Nintendo DS,10h
10041,Main + Extras,Nintendo DS,12h
10041,Main + Extras,Nintendo DS,13h
10041,Main + Extras,Nintendo DS,13h 21m
10041,Main + Extras,Nintendo 3DS,14h
10041,Main + Extras,Nintendo DS,14h 25m
10041,Main + Extras,NA,15h
10041,Main + Extras,Nintendo 3DS,16h
10041,Main + Extras,Nintendo 3DS,16h
10041,Main + Extras,Nintendo DS,16h
10041,Main + Extras,Nintendo DS,16h 58m
10041,Main + Extras,Nintendo DS,17h
10041,Main + Extras,Nintendo DS,17h
10041,Main + Extras,Nintendo DS,17h
10041,Main + Extras,Nintendo DS,17h
10041,Main + Extras,Nintendo DS,17h
10041,Main + Extras,Nintendo DS,17h
10041,Main + Extras,Nintendo 3DS,17h 07m
10041,Main + Extras,Nintendo DS,17h 30m
10041,Main + Extras,Nintendo DS,17h 36m
10041,Main + Extras,Nintendo DS,17h 43m
10041,Main + Extras,Nintendo DS,18h
10041,Main + Extras,Nintendo DS,18h
10041,Main + Extras,Nintendo DS,18h
10041,Main + Extras,Nintendo 3DS,18h 10m
10041,Main + Extras,Nintendo DS,18h 18m
10041,Main + Extras,Nintendo 3DS,18h 20m
10041,Main + Extras,Nintendo DS,18h 30m
10041,Main + Extras,Nintendo DS,18h 30m
10041,Main + Extras,Nintendo DS,18h 30m
10041,Main + Extras,Nintendo DS,18h 34m
10041,Main + Extras,Nintendo DS,18h 36m
10041,Main + Extras,Nintendo DS,18h 57m
10041,Main + Extras,Nintendo DS,18h 57m
10041,Main + Extras,Nintendo DS,19h
10041,Main + Extras,Nintendo DS,19h
10041,Main + Extras,Nintendo DS,19h 15m
10041,Main + Extras,Nintendo DS,19h 21m
10041,Main + Extras,Nintendo DS,19h 24m
10041,Main + Extras,Nintendo DS,19h 37m
10041,Main + Extras,Nintendo DS,19h 55m
10041,Main + Extras,NA,20h
10041,Main + Extras,Nintendo DS,20h
10041,Main + Extras,Nintendo DS,20h
10041,Main + Extras,Nintendo 3DS,20h
10041,Main + Extras,Nintendo DS,20h
10041,Main + Extras,Nintendo DS,20h
10041,Main + Extras,Nintendo DS,20h
10041,Main + Extras,Nintendo DS,20h
10041,Main + Extras,Nintendo DS,20h
10041,Main + Extras,Nintendo DS,20h
10041,Main + Extras,Nintendo DS,20h
10041,Main + Extras,Nintendo DS,20h
10041,Main + Extras,Nintendo DS,20h
10041,Main + Extras,Nintendo DS,20h
10041,Main + Extras,Nintendo DS,20h
10041,Main + Extras,Nintendo 3DS,20h
10041,Main + Extras,Nintendo DS,20h
10041,Main + Extras,Nintendo DS,20h
10041,Main + Extras,Nintendo DS,20h
10041,Main + Extras,Nintendo DS,20h
10041,Main + Extras,Nintendo DS,20h
10041,Main + Extras,Nintendo DS,20h
10041,Main + Extras,Nintendo DS,20h
10041,Main + Extras,Nintendo 3DS,20h 10m
10041,Main + Extras,Nintendo DS,20h 12m
10041,Main + Extras,Nintendo DS,20h 23m
10041,Main + Extras,Nintendo DS,20h 39m
10041,Main + Extras,Nintendo DS,20h 41m
10041,Main + Extras,Nintendo 3DS,20h 56m
10041,Main + Extras,Nintendo DS,21h
10041,Main + Extras,Nintendo DS,21h
10041,Main + Extras,Nintendo DS,21h
10041,Main + Extras,Nintendo DS,21h
10041,Main + Extras,Nintendo DS,21h
10041,Main + Extras,Nintendo DS,21h
10041,Main + Extras,Nintendo 3DS,21h 40m
10041,Main + Extras,Nintendo 3DS,21h 45m
10041,Main + Extras,Nintendo 3DS,22h
10041,Main + Extras,Nintendo 3DS,22h
10041,Main + Extras,Nintendo DS,22h
10041,Main + Extras,Nintendo DS,22h
10041,Main + Extras,Nintendo DS,22h
10041,Main + Extras,Nintendo DS,22h
10041,Main + Extras,Nintendo 3DS,22h 08m
10041,Main + Extras,Nintendo DS,22h 35m
10041,Main + Extras,Nintendo DS,22h 49m
10041,Main + Extras,Nintendo DS,23h
10041,Main + Extras,Nintendo DS,23h
10041,Main + Extras,Nintendo 3DS,23h 27m
10041,Main + Extras,Nintendo DS,24h
10041,Main + Extras,Nintendo DS,24h
10041,Main + Extras,Nintendo 3DS,24h 35m
10041,Main + Extras,Nintendo DS,25h
10041,Main + Extras,Nintendo DS,25h
10041,Main + Extras,Nintendo 2DS,25h 10m
10041,Main + Extras,Nintendo 3DS,25h 15m
10041,Main + Extras,Nintendo 3DS,25h 19m
10041,Main + Extras,Nintendo DS,26h
10041,Main + Extras,Wii U,26h 22m
10041,Main + Extras,Nintendo 3DS,26h 30m
10041,Main + Extras,Nintendo DS,26h 30m
10041,Main + Extras,Nintendo DS,27h
10041,Main + Extras,Nintendo DS,27h 13m
10041,Main + Extras,Nintendo 3DS,27h 19m
10041,Main + Extras,Nintendo 3DS,27h 24m
10041,Main + Extras,Nintendo DS,27h 32m
10041,Main + Extras,Nintendo DS,27h 52m
10041,Main + Extras,Nintendo DS,28h
10041,Main + Extras,Nintendo DS,30h
10041,Main + Extras,Nintendo DS,30h
10041,Main + Extras,Nintendo DS,30h 20m
10041,Main + Extras,Nintendo 3DS,32h 46m
10041,Main + Extras,Nintendo DS,34h 24m
10041,Main + Extras,Nintendo DS,35h
10041,Main + Extras,Nintendo DS,35h 35m
10041,Main + Extras,Nintendo DS,36h
10041,Main + Extras,Nintendo 3DS,43h
10041,Main + Extras,Nintendo DS,44h 46m
10041,Completionists,Nintendo DS,19h 34m
10041,Completionists,Nintendo DS,22h
10041,Completionists,Nintendo DS,22h
10041,Completionists,Nintendo DS,22h 30m
10041,Completionists,Nintendo DS,22h 43m
10041,Completionists,Nintendo DS,23h
10041,Completionists,Nintendo DS,23h 25m
10041,Completionists,Nintendo DS,24h
10041,Completionists,Nintendo DS,24h 03m
10041,Completionists,Nintendo 3DS,24h 52m
10041,Completionists,Nintendo DS,25h
10041,Completionists,Nintendo DS,25h
10041,Completionists,Nintendo DS,26h 29m
10041,Completionists,Nintendo DS,27h 04m
10041,Completionists,Nintendo DS,28h
10041,Completionists,Nintendo DS,29h 20m
10041,Completionists,Nintendo DS,30h
10041,Completionists,Nintendo DS,30h
10041,Completionists,Nintendo DS,30h 01m
10041,Completionists,Nintendo 3DS,31h 24m
10041,Completionists,Nintendo DS,33h
10041,Completionists,Nintendo DS,35h
10041,Completionists,Nintendo DS,35h
10041,Completionists,Nintendo DS,37h
10041,Completionists,Nintendo DS,38h
10041,Completionists,Nintendo DS,40h
10041,Completionists,Nintendo DS,42h 51m
10041,Completionists,Nintendo 3DS,57h 38m
10041,Completionists,Nintendo DS,60h 34m
10041,Speed Run - Any%,Nintendo DS,3h 48m 05s
