id,type,platform,time
10042,Main Story,Wii,15h 35m
10042,Main Story,Wii,15h 43m
10042,Main Story,Wii,16h 53m
10042,Main Story,Wii,17h 30m
10042,Main Story,NA,18h 33m
10042,Main Story,Wii,19h
10042,Main Story,Wii,20h
10042,Main Story,Wii,20h
10042,Main Story,Wii,20h 17m
10042,Main Story,Wii,21h 28m
10042,Main Story,Wii,23h
10042,Main Story,Wii,23h
10042,Main Story,Wii,23h 30m
10042,Main Story,Wii,24h 25m
10042,Main Story,Wii,24h 30m
10042,Main Story,Wii,24h 50m
10042,Main Story,Wii,25h
10042,Main Story,Wii,25h
10042,Main Story,Wii,25h 23m
10042,Main Story,Wii,26h 28m
10042,Main Story,Wii,26h 30m
10042,Main Story,Wii,27h 15m
10042,Main Story,Wii,27h 30m
10042,Main Story,Wii,27h 59m
10042,Main Story,Emulated,28h
10042,Main Story,Wii,28h
10042,Main Story,Wii,28h
10042,Main Story,Wii,28h 20m
10042,Main Story,Wii,28h 54m
10042,Main Story,Wii U,29h
10042,Main Story,Wii,29h 26m
10042,Main Story,Wii,29h 54m
10042,Main Story,Wii,30h
10042,Main Story,Wii,30h
10042,Main Story,Wii,30h
10042,Main Story,Wii,30h
10042,Main Story,Wii,30h
10042,Main Story,Wii,30h 24m
10042,Main Story,Wii,30h 31m
10042,Main Story,Wii,31h
10042,Main Story,Wii,31h
10042,Main Story,Wii,31h 04m
10042,Main Story,Wii,31h 10m
10042,Main Story,Wii,31h 29m
10042,Main Story,Wii,32h
10042,Main Story,Wii,32h
10042,Main Story,NA,32h
10042,Main Story,Wii,32h
10042,Main Story,Wii,32h 55m
10042,Main Story,Wii,33h
10042,Main Story,Wii,33h
10042,Main Story,Wii U,33h
10042,Main Story,Wii,33h 12m
10042,Main Story,Wii,33h 30m
10042,Main Story,Wii,33h 41m
10042,Main Story,Wii,34h
10042,Main Story,Wii,34h
10042,Main Story,Wii,34h
10042,Main Story,Wii,34h
10042,Main Story,Wii,34h
10042,Main Story,Wii,34h 12m
10042,Main Story,Wii,34h 12m
10042,Main Story,Wii,34h 15m
10042,Main Story,Wii,34h 18m
10042,Main Story,Wii,34h 55m
10042,Main Story,Wii,35h
10042,Main Story,Wii,35h
10042,Main Story,Wii,35h
10042,Main Story,Wii,35h
10042,Main Story,Wii,35h
10042,Main Story,Wii,35h
10042,Main Story,Wii,35h
10042,Main Story,Wii,35h
10042,Main Story,Wii,35h
10042,Main Story,Wii,35h
10042,Main Story,Wii,35h
10042,Main Story,Wii,35h
10042,Main Story,Wii,35h 10m
10042,Main Story,Wii,35h 16m
10042,Main Story,Wii,35h 17m
10042,Main Story,Wii,35h 30m
10042,Main Story,Wii U,35h 30m
10042,Main Story,Wii,35h 50m
10042,Main Story,Wii,35h 52m
10042,Main Story,Wii,35h 55m
10042,Main Story,Wii,36h
10042,Main Story,Wii,36h
10042,Main Story,NA,36h
10042,Main Story,Wii,36h
10042,Main Story,Wii U,36h
10042,Main Story,NA,36h
10042,Main Story,Wii,36h
10042,Main Story,Wii,36h 10m
10042,Main Story,Wii,36h 14m
10042,Main Story,Wii,36h 15m
10042,Main Story,Wii,36h 15m
10042,Main Story,Wii U,36h 21m
10042,Main Story,Wii U,36h 37m
10042,Main Story,Wii,36h 58m
10042,Main Story,Wii,37h
10042,Main Story,Wii,37h 04m
10042,Main Story,Wii,37h 22m
10042,Main Story,Wii,37h 23m
10042,Main Story,Wii,37h 45m
10042,Main Story,Wii,38h
10042,Main Story,Wii,38h
10042,Main Story,Wii,38h
10042,Main Story,Wii,38h
10042,Main Story,Wii,38h
10042,Main Story,Wii,38h
10042,Main Story,Wii,38h
10042,Main Story,Wii,38h
10042,Main Story,Wii,38h
10042,Main Story,Wii,38h 11m
10042,Main Story,Wii,38h 53m
10042,Main Story,Wii,38h 59m
10042,Main Story,Wii,39h
10042,Main Story,Wii,39h
10042,Main Story,Wii,39h
10042,Main Story,Wii,39h
10042,Main Story,Wii,39h
10042,Main Story,Wii,39h
10042,Main Story,Wii,39h
10042,Main Story,Wii,39h
10042,Main Story,Wii U,39h 05m
10042,Main Story,Wii,39h 10m
10042,Main Story,Wii,39h 15m
10042,Main Story,Wii,39h 18m
10042,Main Story,Wii,39h 20m
10042,Main Story,Wii,39h 30m
10042,Main Story,Wii,39h 30m
10042,Main Story,Wii,39h 42m
10042,Main Story,Wii,39h 46m
10042,Main Story,NA,40h
10042,Main Story,Wii,40h
10042,Main Story,Wii,40h
10042,Main Story,Wii,40h
10042,Main Story,Wii,40h
10042,Main Story,Wii,40h
10042,Main Story,Wii,40h
10042,Main Story,Wii,40h
10042,Main Story,Wii,40h
10042,Main Story,Wii,40h
10042,Main Story,Wii,40h
10042,Main Story,Wii,40h
10042,Main Story,Wii,40h
10042,Main Story,Wii,40h
10042,Main Story,Wii,40h
10042,Main Story,Wii,40h
10042,Main Story,NA,40h
10042,Main Story,Wii,40h
10042,Main Story,Wii,40h
10042,Main Story,Wii,40h
10042,Main Story,Wii,40h
10042,Main Story,Wii,40h
10042,Main Story,Wii,40h
10042,Main Story,Wii,40h
10042,Main Story,Wii,40h
10042,Main Story,Wii U,40h
10042,Main Story,Wii,40h
10042,Main Story,Wii,40h
10042,Main Story,Wii,40h
10042,Main Story,Wii,40h 32m
10042,Main Story,Wii U,40h 54m
10042,Main Story,Wii,41h
10042,Main Story,Wii,41h
10042,Main Story,Wii,41h 07m
10042,Main Story,Wii,41h 15m
10042,Main Story,Wii,42h
10042,Main Story,Wii,42h
10042,Main Story,Wii,42h
10042,Main Story,Wii,42h 02m
10042,Main Story,Wii,42h 21m
10042,Main Story,Wii,42h 23m
10042,Main Story,Wii,43h
10042,Main Story,Wii,43h
10042,Main Story,Wii,43h
10042,Main Story,Wii,43h 35m
10042,Main Story,Wii,44h
10042,Main Story,Wii,44h
10042,Main Story,Wii U,44h
10042,Main Story,Wii,44h
10042,Main Story,Wii,44h 52m
10042,Main Story,NA,45h
10042,Main Story,Wii U,45h
10042,Main Story,Wii,45h
10042,Main Story,Wii,45h
10042,Main Story,Wii,45h
10042,Main Story,Wii,45h
10042,Main Story,Wii,45h
10042,Main Story,Wii,45h
10042,Main Story,Wii,45h
10042,Main Story,Wii,45h
10042,Main Story,Wii,45h 04m
10042,Main Story,Wii,45h 09m
10042,Main Story,Wii,47h
10042,Main Story,Wii,47h
10042,Main Story,Wii,47h
10042,Main Story,Wii,47h 04m
10042,Main Story,Wii,48h
10042,Main Story,Wii,48h
10042,Main Story,Wii U,49h 01m
10042,Main Story,Wii,49h 10m
10042,Main Story,Wii,49h 30m
10042,Main Story,Wii,49h 32m
10042,Main Story,NA,50h
10042,Main Story,Wii,50h
10042,Main Story,Wii,50h
10042,Main Story,Wii,50h
10042,Main Story,Wii,50h
10042,Main Story,Wii,50h 17m
10042,Main Story,Wii,51h 48m
10042,Main Story,Wii U,52h
10042,Main Story,Wii,52h 44m
10042,Main Story,Wii,53h
10042,Main Story,Wii,53h 15m
10042,Main Story,Wii,53h 44m
10042,Main Story,Wii,54h
10042,Main Story,NA,54h
10042,Main Story,Wii,55h
10042,Main Story,Wii,55h
10042,Main Story,Wii,55h
10042,Main Story,Wii,55h 59m
10042,Main Story,Wii,56h 23m
10042,Main Story,Wii,60h
10042,Main Story,Wii,62h
10042,Main Story,Wii,66h
10042,Main Story,Wii,70h
10042,Main Story,Wii,80h
10042,Main + Extras,Wii,23h 30m
10042,Main + Extras,Wii,24h
10042,Main + Extras,Wii,26h
10042,Main + Extras,Wii,26h 10m
10042,Main + Extras,PC,27h 35m
10042,Main + Extras,Wii,27h 56m
10042,Main + Extras,Wii,29h 01m
10042,Main + Extras,Wii,29h 43m
10042,Main + Extras,Wii,30h
10042,Main + Extras,Wii,32h 43m
10042,Main + Extras,Wii,32h 49m
10042,Main + Extras,PC,33h 01m
10042,Main + Extras,Wii,33h 56m
10042,Main + Extras,Wii U,34h
10042,Main + Extras,Wii,34h
10042,Main + Extras,Wii U,34h 14m
10042,Main + Extras,Wii U,34h 35m
10042,Main + Extras,Wii,34h 50m
10042,Main + Extras,Wii,34h 57m
10042,Main + Extras,Wii,35h
10042,Main + Extras,NA,35h
10042,Main + Extras,Wii,35h
10042,Main + Extras,Wii,35h
10042,Main + Extras,Wii,35h
10042,Main + Extras,Wii,35h
10042,Main + Extras,Wii,35h
10042,Main + Extras,Wii,35h 37m
10042,Main + Extras,Wii U,35h 37m
10042,Main + Extras,Wii,35h 41m
10042,Main + Extras,Wii,36h
10042,Main + Extras,Wii,36h 15m
10042,Main + Extras,Wii,36h 23m
10042,Main + Extras,Wii,36h 30m
10042,Main + Extras,Wii,36h 43m
10042,Main + Extras,Wii,36h 43m
10042,Main + Extras,Wii,37h
10042,Main + Extras,Wii,37h
10042,Main + Extras,Wii,37h 30m
10042,Main + Extras,Wii,37h 30m
10042,Main + Extras,Wii,37h 30m
10042,Main + Extras,Wii,38h
10042,Main + Extras,Wii,38h
10042,Main + Extras,Wii,38h
10042,Main + Extras,Wii,38h
10042,Main + Extras,Wii,38h
10042,Main + Extras,Wii,38h
10042,Main + Extras,Wii,38h
10042,Main + Extras,Wii,38h 17m
10042,Main + Extras,Wii,38h 25m
10042,Main + Extras,Wii,38h 33m
10042,Main + Extras,Wii,38h 43m
10042,Main + Extras,Wii,39h
10042,Main + Extras,Wii,39h
10042,Main + Extras,Wii,39h
10042,Main + Extras,Wii,39h
10042,Main + Extras,Wii,39h 10m
10042,Main + Extras,Wii,39h 11m
10042,Main + Extras,Wii,39h 48m
10042,Main + Extras,Wii,39h 58m
10042,Main + Extras,Wii,40h
10042,Main + Extras,Wii,40h
10042,Main + Extras,Wii,40h
10042,Main + Extras,Wii,40h
10042,Main + Extras,Wii,40h
10042,Main + Extras,Wii,40h
10042,Main + Extras,Wii,40h
10042,Main + Extras,Wii U,40h
10042,Main + Extras,Wii,40h
10042,Main + Extras,Wii,40h
10042,Main + Extras,Wii,40h
10042,Main + Extras,Wii,40h
10042,Main + Extras,Wii,40h
10042,Main + Extras,Wii,40h 10m
10042,Main + Extras,Wii,40h 30m
10042,Main + Extras,Wii,40h 30m
10042,Main + Extras,Wii,40h 30m
10042,Main + Extras,Wii,40h 31m
10042,Main + Extras,Wii,40h 50m
10042,Main + Extras,Wii,40h 52m
10042,Main + Extras,Wii,40h 53m
10042,Main + Extras,Wii,41h
10042,Main + Extras,Wii,41h
10042,Main + Extras,Wii,41h
10042,Main + Extras,Wii,41h 19m
10042,Main + Extras,Wii,41h 26m
10042,Main + Extras,Wii,41h 35m
10042,Main + Extras,Wii,42h
10042,Main + Extras,Wii,42h
10042,Main + Extras,Wii,42h
10042,Main + Extras,Wii,42h
10042,Main + Extras,NA,42h
10042,Main + Extras,Wii,42h
10042,Main + Extras,Wii,42h 12m
10042,Main + Extras,Wii,42h 13m
10042,Main + Extras,Wii,42h 17m
10042,Main + Extras,Wii,42h 20m
10042,Main + Extras,Wii U,42h 24m
10042,Main + Extras,Wii,42h 30m
10042,Main + Extras,Wii,42h 31m
10042,Main + Extras,Wii,42h 38m
10042,Main + Extras,Wii,43h
10042,Main + Extras,Wii U,43h
10042,Main + Extras,Wii,43h
10042,Main + Extras,Wii,43h
10042,Main + Extras,Wii,43h
10042,Main + Extras,Wii,43h
10042,Main + Extras,Wii,43h
10042,Main + Extras,Wii,43h
10042,Main + Extras,Wii,43h
10042,Main + Extras,Wii,43h 13m
10042,Main + Extras,Wii,43h 16m
10042,Main + Extras,Wii,43h 21m
10042,Main + Extras,Wii,43h 28m
10042,Main + Extras,Wii,43h 28m
10042,Main + Extras,Wii,43h 30m
10042,Main + Extras,Wii,43h 44m
10042,Main + Extras,Wii,43h 46m
10042,Main + Extras,Wii,43h 58m
10042,Main + Extras,Wii,44h
10042,Main + Extras,Wii,44h
10042,Main + Extras,Wii,44h 29m
10042,Main + Extras,Wii,44h 30m
10042,Main + Extras,Wii,45h
10042,Main + Extras,NA,45h
10042,Main + Extras,Wii,45h
10042,Main + Extras,Wii,45h
10042,Main + Extras,Wii,45h
10042,Main + Extras,Wii,45h
10042,Main + Extras,Wii,45h
10042,Main + Extras,Wii,45h
10042,Main + Extras,Wii,45h
10042,Main + Extras,Wii,45h
10042,Main + Extras,Wii,45h
10042,Main + Extras,Wii,45h
10042,Main + Extras,Wii,45h
10042,Main + Extras,Wii,45h
10042,Main + Extras,Wii,45h
10042,Main + Extras,Wii,45h
10042,Main + Extras,Wii,45h
10042,Main + Extras,Wii,45h
10042,Main + Extras,Wii,45h
10042,Main + Extras,Wii,45h
10042,Main + Extras,Wii,45h
10042,Main + Extras,Wii,45h
10042,Main + Extras,Wii,45h
10042,Main + Extras,Wii,45h
10042,Main + Extras,Wii,45h
10042,Main + Extras,Wii,45h
10042,Main + Extras,Wii,45h 02m
10042,Main + Extras,Wii,45h 05m
10042,Main + Extras,Wii,45h 09m
10042,Main + Extras,Wii,45h 22m
10042,Main + Extras,Wii,45h 24m
10042,Main + Extras,Wii,45h 30m
10042,Main + Extras,Wii,45h 35m
10042,Main + Extras,Wii,45h 40m
10042,Main + Extras,Wii,45h 52m
10042,Main + Extras,Wii,46h
10042,Main + Extras,Wii,46h
10042,Main + Extras,Wii U,46h
10042,Main + Extras,Wii,46h
10042,Main + Extras,Wii,46h
10042,Main + Extras,Wii,46h
10042,Main + Extras,Wii,46h
10042,Main + Extras,Wii,46h
10042,Main + Extras,Wii,46h
10042,Main + Extras,Wii,46h
10042,Main + Extras,Wii,46h
10042,Main + Extras,Wii,46h 01m
10042,Main + Extras,Wii,46h 12m
10042,Main + Extras,Wii,46h 16m
10042,Main + Extras,Wii,46h 20m
10042,Main + Extras,Wii,46h 26m
10042,Main + Extras,Wii,46h 31m
10042,Main + Extras,Wii,46h 32m
10042,Main + Extras,Wii,46h 45m
10042,Main + Extras,Wii,47h
10042,Main + Extras,Wii,47h
10042,Main + Extras,Wii,47h
10042,Main + Extras,Wii,47h
10042,Main + Extras,Wii,47h 07m
10042,Main + Extras,Wii,47h 09m
10042,Main + Extras,Wii,47h 48m
10042,Main + Extras,Wii,48h
10042,Main + Extras,Wii,48h
10042,Main + Extras,Wii,48h
10042,Main + Extras,NA,48h
10042,Main + Extras,Wii,48h
10042,Main + Extras,NA,48h 15m
10042,Main + Extras,Wii,48h 17m
10042,Main + Extras,Wii,48h 20m
10042,Main + Extras,NA,48h 30m
10042,Main + Extras,Wii,48h 30m
10042,Main + Extras,Wii,48h 30m
10042,Main + Extras,Wii,48h 30m
10042,Main + Extras,Wii U,48h 31m
10042,Main + Extras,NA,48h 47m
10042,Main + Extras,Wii,49h
10042,Main + Extras,Wii,49h
10042,Main + Extras,Wii,49h 04m
10042,Main + Extras,Wii,49h 08m
10042,Main + Extras,Wii,49h 19m
10042,Main + Extras,Wii U,49h 33m
10042,Main + Extras,Wii,49h 58m
10042,Main + Extras,Wii,50h
10042,Main + Extras,Wii,50h
10042,Main + Extras,PC,50h
10042,Main + Extras,Wii,50h
10042,Main + Extras,Wii,50h
10042,Main + Extras,Wii,50h
10042,Main + Extras,Wii,50h
10042,Main + Extras,Wii,50h
10042,Main + Extras,Wii,50h
10042,Main + Extras,Wii,50h
10042,Main + Extras,Wii,50h
10042,Main + Extras,Wii,50h
10042,Main + Extras,Wii,50h
10042,Main + Extras,Wii,50h
10042,Main + Extras,Wii,50h
10042,Main + Extras,Wii,50h 01m
10042,Main + Extras,Wii,50h 24m
10042,Main + Extras,Wii,50h 53m
10042,Main + Extras,Wii,51h
10042,Main + Extras,Wii U,51h
10042,Main + Extras,Wii,51h
10042,Main + Extras,Wii,51h 02m
10042,Main + Extras,Wii,51h 03m
10042,Main + Extras,Wii,51h 15m
10042,Main + Extras,Wii,51h 30m
10042,Main + Extras,Wii,51h 34m
10042,Main + Extras,Wii,52h
10042,Main + Extras,NA,52h
10042,Main + Extras,Wii,52h
10042,Main + Extras,Wii,52h
10042,Main + Extras,NA,52h
10042,Main + Extras,Wii,52h 17m
10042,Main + Extras,Wii,52h 20m
10042,Main + Extras,Wii,52h 55m
10042,Main + Extras,Wii,53h
10042,Main + Extras,Wii,53h
10042,Main + Extras,Wii,53h 20m
10042,Main + Extras,Wii,53h 30m
10042,Main + Extras,Wii,53h 59m
10042,Main + Extras,NA,54h
10042,Main + Extras,Wii,54h 15m
10042,Main + Extras,NA,54h 19m
10042,Main + Extras,Wii,54h 51m
10042,Main + Extras,Wii U,55h
10042,Main + Extras,Wii,55h
10042,Main + Extras,Wii,55h
10042,Main + Extras,Wii,55h
10042,Main + Extras,Wii,55h
10042,Main + Extras,Wii,55h
10042,Main + Extras,Wii,55h 20m
10042,Main + Extras,Wii,55h 20m
10042,Main + Extras,Wii,55h 30m
10042,Main + Extras,Wii,55h 30m
10042,Main + Extras,Wii,56h 06m
10042,Main + Extras,Wii,56h 07m
10042,Main + Extras,Wii,56h 24m
10042,Main + Extras,Wii,57h
10042,Main + Extras,Wii,57h 12m
10042,Main + Extras,Wii,57h 42m
10042,Main + Extras,Wii,58h
10042,Main + Extras,Wii,60h
10042,Main + Extras,Wii,60h
10042,Main + Extras,Wii,60h
10042,Main + Extras,Wii,60h
10042,Main + Extras,Wii,60h
10042,Main + Extras,Wii,60h
10042,Main + Extras,Emulated,60h
10042,Main + Extras,Wii,60h 14m
10042,Main + Extras,Wii,60h 45m
10042,Main + Extras,Wii,61h
10042,Main + Extras,Wii U,61h 27m
10042,Main + Extras,Wii,61h 55m
10042,Main + Extras,Wii U,63h
10042,Main + Extras,Wii U,63h 03m
10042,Main + Extras,Wii,64h
10042,Main + Extras,Wii,64h 40m
10042,Main + Extras,NA,65h
10042,Main + Extras,Wii,65h
10042,Main + Extras,Wii,66h 33m
10042,Main + Extras,Wii,68h
10042,Main + Extras,Wii,69h 14m
10042,Main + Extras,Wii,69h 50m
10042,Main + Extras,Wii,70h
10042,Main + Extras,Wii,70h
10042,Main + Extras,Wii,70h
10042,Main + Extras,Wii,70h
10042,Main + Extras,Wii,70h
10042,Main + Extras,Wii,70h
10042,Main + Extras,NA,70h
10042,Main + Extras,Wii,70h 15m
10042,Main + Extras,Wii,75h
10042,Main + Extras,Wii,78h 20m
10042,Main + Extras,Wii,80h
10042,Main + Extras,Wii,90h
10042,Main + Extras,Wii,90h
10042,Main + Extras,Wii,93h 54m
10042,Main + Extras,Wii,96h
10042,Main + Extras,Wii,98h
10042,Main + Extras,Wii,104h
10042,Completionists,Wii,27h 14m
10042,Completionists,Wii,28h 29m
10042,Completionists,Wii,29h
10042,Completionists,Wii,31h 33m
10042,Completionists,Wii,37h 40m
10042,Completionists,Wii,40h 39m
10042,Completionists,NA,40h 52m
10042,Completionists,Wii,42h
10042,Completionists,Wii,42h 30m
10042,Completionists,Wii,43h
10042,Completionists,Wii,43h
10042,Completionists,Wii,43h 06m
10042,Completionists,Wii,43h 23m
10042,Completionists,Wii,43h 45m
10042,Completionists,Wii,45h
10042,Completionists,Wii,45h
10042,Completionists,Wii,45h
10042,Completionists,Wii,45h
10042,Completionists,Wii,45h 21m
10042,Completionists,Wii,45h 55m
10042,Completionists,Wii,46h 35m
10042,Completionists,Wii,47h 35m
10042,Completionists,Wii,47h 55m
10042,Completionists,Wii,48h 12m
10042,Completionists,Wii,49h
10042,Completionists,Wii,49h 18m
10042,Completionists,Wii,49h 25m
10042,Completionists,Wii,49h 49m
10042,Completionists,Wii U,49h 52m
10042,Completionists,NA,50h
10042,Completionists,Wii,50h
10042,Completionists,Wii,50h
10042,Completionists,Wii,50h
10042,Completionists,Wii,50h
10042,Completionists,Wii,50h
10042,Completionists,Wii,50h
10042,Completionists,Wii,50h 37m
10042,Completionists,Wii,51h
10042,Completionists,Wii,51h
10042,Completionists,Wii,51h 24m
10042,Completionists,Wii,51h 40m
10042,Completionists,Wii,51h 55m
10042,Completionists,Wii,52h
10042,Completionists,Wii,52h
10042,Completionists,Wii,52h
10042,Completionists,Wii,52h 03m
10042,Completionists,Wii,52h 40m
10042,Completionists,Wii,53h 57m
10042,Completionists,Wii,54h
10042,Completionists,Wii,55h
10042,Completionists,Wii,55h
10042,Completionists,Wii,55h
10042,Completionists,Wii,55h
10042,Completionists,Wii,55h 15m
10042,Completionists,Wii,56h 43m
10042,Completionists,Wii,57h 23m
10042,Completionists,Wii,58h
10042,Completionists,Wii,58h
10042,Completionists,Wii,58h
10042,Completionists,Wii,58h 05m
10042,Completionists,Wii,58h 12m
10042,Completionists,Wii,58h 16m
10042,Completionists,Wii,58h 33m
10042,Completionists,Wii,59h
10042,Completionists,Wii,59h 14m
10042,Completionists,Wii,59h 35m
10042,Completionists,Wii,59h 42m
10042,Completionists,Wii,60h
10042,Completionists,Wii,60h
10042,Completionists,Wii,60h
10042,Completionists,Wii,60h
10042,Completionists,Wii,60h
10042,Completionists,Wii,60h
10042,Completionists,Wii,60h
10042,Completionists,Wii,60h
10042,Completionists,Wii,60h
10042,Completionists,Wii U,60h 12m
10042,Completionists,Wii,60h 46m
10042,Completionists,Wii,60h 50m
10042,Completionists,Wii,61h 13m
10042,Completionists,NA,61h 15m
10042,Completionists,Wii,61h 50m
10042,Completionists,Wii,63h
10042,Completionists,Wii U,63h
10042,Completionists,Wii,63h 59m
10042,Completionists,Wii,64h
10042,Completionists,Wii,64h 24m
10042,Completionists,Wii,64h 32m
10042,Completionists,Wii,65h
10042,Completionists,Wii,65h
10042,Completionists,Wii,65h
10042,Completionists,Wii,65h
10042,Completionists,Wii,65h
10042,Completionists,Wii,65h
10042,Completionists,Wii,65h
10042,Completionists,Wii,65h
10042,Completionists,Wii,65h 25m
10042,Completionists,Wii,65h 41m
10042,Completionists,Wii,66h
10042,Completionists,Wii,66h
10042,Completionists,NA,66h
10042,Completionists,Wii,66h 49m
10042,Completionists,Wii,68h 23m
10042,Completionists,Wii,70h
10042,Completionists,Wii,70h
10042,Completionists,Wii U,71h
10042,Completionists,Wii,71h 40m
10042,Completionists,Wii,72h
10042,Completionists,Wii,72h 30m
10042,Completionists,Wii,75h
10042,Completionists,Wii,76h 39m
10042,Completionists,Wii,77h
10042,Completionists,Wii,77h 15m
10042,Completionists,Wii U,77h 57m
10042,Completionists,Wii,78h 05m
10042,Completionists,Wii,80h
10042,Completionists,Wii,82h 02m
10042,Completionists,Wii,89h
10042,Completionists,Wii,93h
10042,Completionists,Wii,94h 55m
10042,Completionists,Wii U,96h 02m
10042,Completionists,Wii,107h
10042,Completionists,Wii,109h 12m
10042,Completionists,Wii,110h
10042,Completionists,Wii,125h
10042,Speed Run - Any%,Wii,4h 13m 02s
10042,Speed Run - Any%,Wii,6h 25m 53s
10042,Speed Run - Any%,Wii,15h
10042,Speed Run - 100%,Wii,4h 59m 54s
