id,type,platform,time
1004,Main Story,NA,51m
1004,Main Story,PC,52m
1004,Main Story,PC,1h
1004,Main Story,PC,1h
1004,Main Story,PC,1h 01m
1004,Main Story,PC,1h 15m
1004,Main Story,PC,1h 20m
1004,Main Story,PC,1h 22m
1004,Main Story,PC,1h 23m
1004,Main Story,NA,1h 25m
1004,Main Story,PC,1h 26m
1004,Main Story,PC,1h 30m
1004,Main Story,PC,1h 30m
1004,Main Story,PC,1h 30m
1004,Main Story,PC,1h 33m
1004,Main Story,PC,1h 33m
1004,Main Story,PC,1h 34m
1004,Main Story,NA,1h 34m
1004,Main Story,PC,1h 35m
1004,Main Story,PC,1h 35m
1004,Main Story,PC,1h 37m
1004,Main Story,PC,1h 37m
1004,Main Story,PC,1h 40m
1004,Main Story,PC,1h 40m
1004,Main Story,PC,1h 40m
1004,Main Story,PC,1h 45m
1004,Main Story,PC,1h 48m
1004,Main Story,PC,1h 49m
1004,Main Story,PC,1h 50m
1004,Main Story,PC,1h 50m
1004,Main Story,PC,1h 51m
1004,Main Story,PC,1h 51m
1004,Main Story,PC,1h 54m
1004,Main Story,NA,2h
1004,Main Story,NA,2h
1004,Main Story,NA,2h
1004,Main Story,PC,2h
1004,Main Story,PC,2h
1004,Main Story,PC,2h
1004,Main Story,PC,2h
1004,Main Story,PC,2h
1004,Main Story,PC,2h
1004,Main Story,PC,2h
1004,Main Story,PC,2h
1004,Main Story,PC,2h
1004,Main Story,PC,2h
1004,Main Story,PC,2h
1004,Main Story,PC,2h
1004,Main Story,PC,2h
1004,Main Story,PC,2h
1004,Main Story,PC,2h
1004,Main Story,PC,2h
1004,Main Story,PC,2h
1004,Main Story,PC,2h
1004,Main Story,PC,2h
1004,Main Story,NA,2h
1004,Main Story,PC,2h
1004,Main Story,NA,2h
1004,Main Story,PC,2h
1004,Main Story,PC,2h
1004,Main Story,PC,2h
1004,Main Story,PC,2h 02m
1004,Main Story,PC,2h 02m
1004,Main Story,PC,2h 05m
1004,Main Story,PC,2h 05m
1004,Main Story,PC,2h 11m
1004,Main Story,PC,2h 12m
1004,Main Story,PC,2h 15m
1004,Main Story,PC,2h 18m
1004,Main Story,PC,2h 19m
1004,Main Story,PC,2h 20m
1004,Main Story,PC,2h 20m
1004,Main Story,PC,2h 20m
1004,Main Story,PC,2h 20m
1004,Main Story,PC,2h 20m
1004,Main Story,PC,2h 24m
1004,Main Story,PC,2h 26m
1004,Main Story,PC,2h 30m
1004,Main Story,PC,2h 30m
1004,Main Story,PC,2h 34m
1004,Main Story,PC,2h 35m
1004,Main Story,PC,2h 36m
1004,Main Story,PC,2h 40m
1004,Main Story,PC,2h 40m
1004,Main Story,PC,2h 45m
1004,Main Story,PC,2h 50m
1004,Main Story,PC,2h 50m
1004,Main Story,NA,2h 50m
1004,Main Story,PC,2h 59m
1004,Main Story,NA,3h
1004,Main Story,PC,3h
1004,Main Story,PC,3h
1004,Main Story,PC,3h
1004,Main Story,PC,3h
1004,Main Story,PC,3h
1004,Main Story,PC,3h
1004,Main Story,PC,3h
1004,Main Story,PC,3h
1004,Main Story,PC,3h
1004,Main Story,PC,3h
1004,Main Story,NA,3h
1004,Main Story,PC,3h
1004,Main Story,PC,3h
1004,Main Story,PC,3h 04m
1004,Main Story,PC,3h 07m
1004,Main Story,PC,3h 08m
1004,Main Story,PC,3h 15m
1004,Main Story,PC,3h 18m
1004,Main Story,PC,3h 20m
1004,Main Story,PC,3h 20m
1004,Main Story,PC,3h 28m
1004,Main Story,PC,3h 36m
1004,Main Story,PC,3h 45m
1004,Main Story,PC,3h 45m
1004,Main Story,PC,3h 45m
1004,Main Story,PC,4h
1004,Main Story,PC,4h
1004,Main Story,PC,4h
1004,Main Story,PC,4h
1004,Main Story,PC,4h 06m
1004,Main Story,PC,4h 30m
1004,Main Story,PC,6h
1004,Main + Extras,NA,2h
1004,Main + Extras,PC,2h
1004,Main + Extras,NA,2h
1004,Main + Extras,PC,2h
1004,Main + Extras,PC,2h 06m
1004,Main + Extras,PC,2h 10m
1004,Main + Extras,PC,2h 17m
1004,Main + Extras,PC,2h 45m
1004,Main + Extras,PC,3h
1004,Main + Extras,PC,3h
1004,Main + Extras,PC,3h
1004,Main + Extras,PC,3h
1004,Main + Extras,PC,3h
1004,Main + Extras,PC,3h
1004,Main + Extras,PC,3h 02m
1004,Main + Extras,PC,3h 06m
1004,Main + Extras,PC,3h 16m
1004,Main + Extras,PC,3h 20m
1004,Main + Extras,PC,3h 27m
1004,Main + Extras,PC,3h 36m
1004,Main + Extras,PC,3h 50m
1004,Main + Extras,PC,4h
1004,Main + Extras,PC,4h
1004,Main + Extras,PC,4h 02m
1004,Main + Extras,NA,4h 12m
1004,Main + Extras,PC,4h 30m
1004,Completionists,PC,50m
1004,Completionists,PC,1h 07m
1004,Completionists,PC,1h 33m
1004,Completionists,PC,1h 38m
1004,Completionists,PC,1h 40m
1004,Completionists,PC,1h 50m
1004,Completionists,PC,1h 55m
1004,Completionists,PC,1h 55m
1004,Completionists,NA,2h
1004,Completionists,PC,2h
1004,Completionists,PC,2h
1004,Completionists,PC,2h
1004,Completionists,PC,2h
1004,Completionists,PC,2h 05m
1004,Completionists,PC,2h 30m
1004,Completionists,PC,2h 42m
1004,Completionists,PC,2h 45m
1004,Completionists,PC,2h 46m
1004,Completionists,PC,3h
1004,Completionists,NA,3h
1004,Completionists,PC,3h
1004,Completionists,PC,3h 10m
1004,Completionists,PC,3h 35m
1004,Completionists,PC,3h 54m
1004,Completionists,PC,4h
1004,Completionists,PC,4h
1004,Completionists,PC,4h 10m
1004,Completionists,PC,4h 14m
1004,Completionists,PC,5h
1004,Completionists,PC,5h 25m
1004,Completionists,PC,5h 25m
1004,Completionists,PC,6h
1004,Completionists,NA,11h
1004,Completionists,NA,13h 36m
1004,Speed Run - Any%,PC,1h 30m
