id,type,platform,time
10045,Main Story,Nintendo GameCube,8h 24m
10045,Main Story,Nintendo GameCube,10h
10045,Main Story,Nintendo GameCube,10h
10045,Main Story,NA,10h
10045,Main Story,Nintendo GameCube,10h 50m
10045,Main Story,Nintendo GameCube,14h 30m
10045,Main Story,Nintendo GameCube,15h
10045,Main Story,Nintendo GameCube,15h
10045,Main Story,Nintendo GameCube,17h
10045,Main Story,Nintendo GameCube,18h
10045,Main Story,Nintendo GameCube,18h 16m
10045,Main Story,Nintendo GameCube,18h 20m
10045,Main Story,Wii U,18h 20m
10045,Main Story,Nintendo GameCube,18h 23m
10045,Main Story,Nintendo GameCube,18h 51m
10045,Main Story,Nintendo GameCube,20h
10045,Main Story,Nintendo GameCube,20h
10045,Main Story,Nintendo GameCube,20h
10045,Main Story,Nintendo GameCube,21h 30m
10045,Main Story,Wii,22h
10045,Main Story,Nintendo GameCube,22h 09m
10045,Main Story,Nintendo GameCube,22h 44m
10045,Main Story,Nintendo GameCube,22h 57m
10045,Main Story,Nintendo GameCube,23h 02m
10045,Main Story,Nintendo GameCube,23h 29m
10045,Main Story,Nintendo GameCube,24h
10045,Main Story,Nintendo GameCube,24h
10045,Main Story,Wii U,24h 36m
10045,Main Story,Nintendo GameCube,25h
10045,Main Story,Nintendo GameCube,25h
10045,Main Story,Nintendo GameCube,25h
10045,Main Story,Nintendo GameCube,25h
10045,Main Story,NA,26h
10045,Main Story,Nintendo GameCube,26h
10045,Main Story,Nintendo GameCube,26h
10045,Main Story,Nintendo GameCube,26h
10045,Main Story,Nintendo GameCube,27h
10045,Main Story,Nintendo GameCube,27h 11m
10045,Main Story,Nintendo GameCube,27h 24m
10045,Main Story,Nintendo GameCube,28h
10045,Main Story,Emulated,28h
10045,Main Story,Nintendo GameCube,28h
10045,Main Story,Nintendo GameCube,28h
10045,Main Story,Nintendo GameCube,28h
10045,Main Story,Nintendo GameCube,28h
10045,Main Story,Nintendo GameCube,29h
10045,Main Story,Nintendo GameCube,29h
10045,Main Story,Nintendo GameCube,29h
10045,Main Story,Wii U,29h 06m
10045,Main Story,Nintendo GameCube,29h 11m
10045,Main Story,Wii U,29h 38m
10045,Main Story,Nintendo GameCube,29h 40m
10045,Main Story,Nintendo GameCube,29h 59m
10045,Main Story,Nintendo GameCube,30h
10045,Main Story,Nintendo GameCube,30h
10045,Main Story,Nintendo GameCube,30h
10045,Main Story,Nintendo GameCube,30h
10045,Main Story,Nintendo GameCube,30h
10045,Main Story,Nintendo GameCube,30h
10045,Main Story,Nintendo GameCube,30h
10045,Main Story,Nintendo GameCube,30h
10045,Main Story,Nintendo GameCube,30h
10045,Main Story,Nintendo GameCube,30h
10045,Main Story,Nintendo GameCube,30h
10045,Main Story,Nintendo GameCube,30h
10045,Main Story,Nintendo GameCube,30h
10045,Main Story,Nintendo GameCube,30h
10045,Main Story,Nintendo GameCube,30h
10045,Main Story,Wii,30h
10045,Main Story,Nintendo GameCube,30h
10045,Main Story,Nintendo GameCube,30h
10045,Main Story,Nintendo GameCube,30h
10045,Main Story,Nintendo GameCube,30h
10045,Main Story,Nintendo GameCube,30h
10045,Main Story,Nintendo GameCube,30h
10045,Main Story,Nintendo GameCube,30h
10045,Main Story,Wii,30h
10045,Main Story,Nintendo GameCube,30h
10045,Main Story,Nintendo GameCube,30h
10045,Main Story,Nintendo GameCube,30h
10045,Main Story,Nintendo GameCube,30h
10045,Main Story,Nintendo GameCube,30h
10045,Main Story,Nintendo GameCube,30h
10045,Main Story,Wii,30h
10045,Main Story,Nintendo GameCube,30h 11m
10045,Main Story,Nintendo GameCube,30h 12m
10045,Main Story,Nintendo GameCube,30h 19m
10045,Main Story,Nintendo GameCube,30h 29m
10045,Main Story,Nintendo GameCube,31h
10045,Main Story,Nintendo GameCube,31h 23m
10045,Main Story,Nintendo GameCube,32h
10045,Main Story,Emulated,32h
10045,Main Story,Nintendo GameCube,32h
10045,Main Story,Nintendo GameCube,32h
10045,Main Story,Nintendo GameCube,32h
10045,Main Story,Wii U,32h 13m
10045,Main Story,Nintendo GameCube,32h 14m
10045,Main Story,Nintendo GameCube,33h
10045,Main Story,Nintendo GameCube,33h 41m
10045,Main Story,Wii,34h
10045,Main Story,Nintendo GameCube,34h
10045,Main Story,Nintendo GameCube,34h
10045,Main Story,Nintendo GameCube,34h 23m
10045,Main Story,Nintendo GameCube,35h
10045,Main Story,Nintendo GameCube,35h
10045,Main Story,Nintendo GameCube,35h
10045,Main Story,Emulated,35h
10045,Main Story,Nintendo GameCube,37h
10045,Main Story,Nintendo GameCube,40h
10045,Main Story,Nintendo GameCube,40h
10045,Main Story,Nintendo GameCube,40h
10045,Main Story,Nintendo GameCube,40h
10045,Main Story,Nintendo GameCube,40h
10045,Main Story,Nintendo GameCube,40h
10045,Main Story,Nintendo GameCube,43h 03m
10045,Main Story,NA,45h
10045,Main Story,Nintendo GameCube,45h 20m
10045,Main Story,NA,45h 22m
10045,Main + Extras,Nintendo GameCube,11h 46m
10045,Main + Extras,NA,14h 43m
10045,Main + Extras,Nintendo GameCube,16h 07m
10045,Main + Extras,Nintendo GameCube,17h 56m
10045,Main + Extras,Nintendo GameCube,18h 41m
10045,Main + Extras,Emulated,19h 18m
10045,Main + Extras,Nintendo GameCube,20h
10045,Main + Extras,Nintendo GameCube,20h 14m
10045,Main + Extras,Wii U,21h
10045,Main + Extras,Nintendo GameCube,22h
10045,Main + Extras,Nintendo GameCube,22h 07m
10045,Main + Extras,Nintendo GameCube,22h 08m
10045,Main + Extras,Nintendo GameCube,22h 11m
10045,Main + Extras,Nintendo GameCube,23h 30m
10045,Main + Extras,Nintendo GameCube,24h
10045,Main + Extras,Nintendo GameCube,24h
10045,Main + Extras,Nintendo GameCube,24h 41m
10045,Main + Extras,Nintendo GameCube,25h
10045,Main + Extras,Nintendo GameCube,25h
10045,Main + Extras,Wii,25h
10045,Main + Extras,Nintendo GameCube,25h
10045,Main + Extras,Nintendo GameCube,25h
10045,Main + Extras,Nintendo GameCube,25h 02m
10045,Main + Extras,Wii U,25h 20m
10045,Main + Extras,Wii U,27h 10m
10045,Main + Extras,Nintendo GameCube,27h 22m
10045,Main + Extras,Nintendo GameCube,27h 30m
10045,Main + Extras,Nintendo GameCube,28h
10045,Main + Extras,Wii,28h
10045,Main + Extras,Wii,28h
10045,Main + Extras,Nintendo GameCube,28h 18m
10045,Main + Extras,Nintendo GameCube,30h
10045,Main + Extras,Nintendo GameCube,30h
10045,Main + Extras,Nintendo GameCube,30h
10045,Main + Extras,Nintendo GameCube,30h
10045,Main + Extras,Nintendo GameCube,30h
10045,Main + Extras,Nintendo GameCube,30h
10045,Main + Extras,Nintendo GameCube,30h
10045,Main + Extras,Nintendo GameCube,30h
10045,Main + Extras,Nintendo GameCube,30h
10045,Main + Extras,Nintendo GameCube,30h
10045,Main + Extras,Nintendo GameCube,30h
10045,Main + Extras,Nintendo GameCube,30h 13m
10045,Main + Extras,Nintendo GameCube,30h 20m
10045,Main + Extras,Nintendo GameCube,30h 45m
10045,Main + Extras,Nintendo GameCube,30h 46m
10045,Main + Extras,Nintendo GameCube,31h
10045,Main + Extras,Nintendo GameCube,31h 46m
10045,Main + Extras,Nintendo GameCube,32h
10045,Main + Extras,Nintendo GameCube,32h
10045,Main + Extras,Nintendo GameCube,32h
10045,Main + Extras,Emulated,32h 15m
10045,Main + Extras,NA,33h
10045,Main + Extras,Nintendo GameCube,33h
10045,Main + Extras,Nintendo GameCube,33h
10045,Main + Extras,Nintendo GameCube,33h 10m
10045,Main + Extras,Nintendo GameCube,33h 25m
10045,Main + Extras,Nintendo GameCube,33h 28m
10045,Main + Extras,Nintendo GameCube,33h 29m
10045,Main + Extras,Nintendo GameCube,34h
10045,Main + Extras,Nintendo GameCube,34h
10045,Main + Extras,Nintendo GameCube,34h
10045,Main + Extras,Nintendo GameCube,34h
10045,Main + Extras,Nintendo GameCube,34h 30m
10045,Main + Extras,Nintendo GameCube,35h
10045,Main + Extras,Nintendo GameCube,35h
10045,Main + Extras,Nintendo GameCube,35h
10045,Main + Extras,Emulated,35h
10045,Main + Extras,Nintendo GameCube,35h
10045,Main + Extras,Nintendo GameCube,35h
10045,Main + Extras,Nintendo GameCube,35h
10045,Main + Extras,Nintendo GameCube,35h
10045,Main + Extras,Emulated,35h
10045,Main + Extras,Nintendo GameCube,35h
10045,Main + Extras,Nintendo GameCube,35h
10045,Main + Extras,Nintendo GameCube,35h
10045,Main + Extras,Nintendo GameCube,35h
10045,Main + Extras,Nintendo GameCube,35h
10045,Main + Extras,Nintendo GameCube,35h
10045,Main + Extras,Nintendo GameCube,35h
10045,Main + Extras,Nintendo GameCube,35h
10045,Main + Extras,Nintendo GameCube,35h
10045,Main + Extras,Wii,35h
10045,Main + Extras,Nintendo GameCube,35h
10045,Main + Extras,Nintendo GameCube,35h
10045,Main + Extras,Wii U,35h
10045,Main + Extras,Nintendo GameCube,35h
10045,Main + Extras,Nintendo GameCube,35h 10m
10045,Main + Extras,Nintendo GameCube,35h 20m
10045,Main + Extras,Nintendo GameCube,35h 34m
10045,Main + Extras,Nintendo GameCube,35h 42m
10045,Main + Extras,Nintendo GameCube,36h 11m
10045,Main + Extras,Nintendo GameCube,36h 37m
10045,Main + Extras,Nintendo GameCube,37h
10045,Main + Extras,Nintendo GameCube,38h
10045,Main + Extras,Nintendo GameCube,38h
10045,Main + Extras,Nintendo GameCube,38h 48m
10045,Main + Extras,Nintendo GameCube,39h 56m
10045,Main + Extras,NA,40h
10045,Main + Extras,Nintendo GameCube,40h
10045,Main + Extras,Nintendo GameCube,40h
10045,Main + Extras,Nintendo GameCube,40h
10045,Main + Extras,Wii,40h
10045,Main + Extras,Nintendo GameCube,40h
10045,Main + Extras,Nintendo GameCube,40h
10045,Main + Extras,Nintendo GameCube,40h
10045,Main + Extras,Nintendo GameCube,40h
10045,Main + Extras,Nintendo GameCube,40h
10045,Main + Extras,Nintendo GameCube,40h
10045,Main + Extras,Nintendo GameCube,40h
10045,Main + Extras,Nintendo GameCube,41h 29m
10045,Main + Extras,Nintendo GameCube,42h
10045,Main + Extras,Nintendo GameCube,42h
10045,Main + Extras,Nintendo GameCube,42h 38m
10045,Main + Extras,Nintendo GameCube,42h 40m
10045,Main + Extras,Nintendo GameCube,45h
10045,Main + Extras,Nintendo GameCube,45h
10045,Main + Extras,Nintendo GameCube,45h
10045,Main + Extras,Nintendo GameCube,46h
10045,Main + Extras,Nintendo GameCube,46h
10045,Main + Extras,Nintendo GameCube,47h
10045,Main + Extras,NA,50h
10045,Main + Extras,Nintendo GameCube,50h
10045,Main + Extras,Nintendo GameCube,50h
10045,Main + Extras,Nintendo GameCube,50h
10045,Main + Extras,Nintendo GameCube,50h
10045,Main + Extras,Nintendo GameCube,51h
10045,Main + Extras,Nintendo GameCube,55h
10045,Main + Extras,Nintendo GameCube,55h
10045,Main + Extras,Nintendo GameCube,55h
10045,Main + Extras,Nintendo GameCube,59h
10045,Completionists,Nintendo GameCube,32h
10045,Completionists,Nintendo GameCube,33h
10045,Completionists,Nintendo GameCube,35h
10045,Completionists,Nintendo GameCube,35h
10045,Completionists,Nintendo GameCube,35h
10045,Completionists,Nintendo GameCube,38h 20m
10045,Completionists,Nintendo GameCube,40h
10045,Completionists,Nintendo GameCube,42h
10045,Completionists,Nintendo GameCube,45h
10045,Completionists,Nintendo GameCube,50h
10045,Completionists,Nintendo GameCube,50h
10045,Completionists,Nintendo GameCube,55h
10045,Completionists,Nintendo GameCube,56h
10045,Completionists,Nintendo GameCube,56h 34m
10045,Completionists,Nintendo GameCube,58h 32m
10045,Completionists,Nintendo GameCube,59h
10045,Completionists,Nintendo GameCube,60h
10045,Completionists,Nintendo GameCube,61h 10m
10045,Completionists,Nintendo GameCube,62h
10045,Completionists,Nintendo GameCube,63h
10045,Completionists,Nintendo GameCube,64h
10045,Completionists,Nintendo GameCube,64h 23m
10045,Completionists,Nintendo GameCube,65h
10045,Completionists,Nintendo GameCube,65h
10045,Completionists,NA,65h
10045,Completionists,Nintendo GameCube,65h
10045,Completionists,Nintendo GameCube,65h
10045,Completionists,Nintendo GameCube,68h 22m
10045,Completionists,Nintendo GameCube,68h 57m
10045,Completionists,Nintendo GameCube,70h
10045,Completionists,Nintendo GameCube,70h
10045,Completionists,Nintendo GameCube,70h
10045,Completionists,Nintendo GameCube,70h
10045,Completionists,Nintendo GameCube,70h
10045,Completionists,Nintendo GameCube,70h 25m
10045,Completionists,Nintendo GameCube,70h 36m
10045,Completionists,Nintendo GameCube,72h
10045,Completionists,Nintendo GameCube,73h
10045,Completionists,Nintendo GameCube,74h
10045,Completionists,Nintendo GameCube,75h
10045,Completionists,Nintendo GameCube,80h
10045,Completionists,Nintendo GameCube,81h
10045,Completionists,Nintendo GameCube,82h
10045,Completionists,Nintendo GameCube,100h
10045,Completionists,Nintendo GameCube,100h 20m
10045,Completionists,Nintendo GameCube,103h 45m
10045,Speed Run - Any%,Nintendo GameCube,4h 32m 41s
10045,Speed Run - Any%,Nintendo GameCube,4h 53m 46s
10045,Speed Run - Any%,Nintendo GameCube,5h 33m 26s
10045,Speed Run - Any%,Nintendo GameCube,9h 01m 12s
10045,Speed Run - Any%,Nintendo GameCube,9h 47m
10045,Speed Run - Any%,NA,20h
10045,Speed Run - 100%,Nintendo GameCube,14h 13m 12s
10045,Speed Run - 100%,NA,35h
