id,type,platform,time
10048,Main Story,Nintendo DS,6h
10048,Main Story,Nintendo DS,6h 06m
10048,Main Story,Nintendo DS,6h 31m
10048,Main Story,NA,8h
10048,Main Story,Nintendo DS,8h
10048,Main Story,Nintendo DS,9h
10048,Main Story,Nintendo DS,9h 35m
10048,Main Story,Nintendo DS,10h
10048,Main Story,Nintendo DS,10h 22m
10048,Main Story,Nintendo DS,12h 32m
10048,Main + Extras,Nintendo DS,7h 25m
10048,Main + Extras,Nintendo DS,9h 54m
10048,Main + Extras,Nintendo DS,12h 06m
10048,Main + Extras,Nintendo DS,15h
10048,Completionists,Nintendo DS,12h 04m
10048,Completionists,Nintendo DS,13h 16m
10048,Completionists,Nintendo 3DS,18h 22m
10048,Completionists,Nintendo DS,19h 18m
10048,Completionists,Nintendo DS,20h 15m
10048,Completionists,Nintendo DS,24h
10048,Completionists,Nintendo DS,25h
10048,Speed Run - Any%,Nintendo 3DS,4h 22m 59s
