id,type,platform,time
10043,Main Story,NA,6h 10m
10043,Main Story,Nintendo DS,7h 30m
10043,Main Story,Nintendo 3DS,8h 47m
10043,Main Story,Nintendo DS,9h 26m
10043,Main Story,Nintendo DS,11h
10043,Main Story,Nintendo DS,11h 13m
10043,Main Story,Nintendo DS,12h
10043,Main Story,Nintendo DS,12h 30m
10043,Main Story,Nintendo DS,13h
10043,Main Story,Nintendo DS,13h 07m
10043,Main Story,Nintendo DS,14h
10043,Main Story,Nintendo 3DS,14h
10043,Main Story,Nintendo DS,14h
10043,Main Story,Nintendo 3DS,14h 22m
10043,Main Story,Nintendo DS,15h
10043,Main Story,Nintendo DS,15h 12m
10043,Main Story,Nintendo 3DS,15h 28m
10043,Main Story,Nintendo DS,15h 36m
10043,Main Story,Nintendo DS,15h 45m
10043,Main Story,Nintendo DS,16h
10043,Main Story,NA,16h
10043,Main Story,NA,16h
10043,Main Story,Nintendo DS,16h
10043,Main Story,Nintendo DS,16h 24m
10043,Main Story,Nintendo 3DS,16h 25m
10043,Main Story,Nintendo DS,16h 35m
10043,Main Story,Nintendo DS,17h
10043,Main Story,Nintendo DS,17h
10043,Main Story,Nintendo DS,17h
10043,Main Story,Nintendo DS,17h 05m
10043,Main Story,Nintendo DS,17h 21m
10043,Main Story,Nintendo DS,17h 30m
10043,Main Story,Nintendo 3DS,17h 31m
10043,Main Story,Nintendo DS,18h
10043,Main Story,Nintendo DS,18h
10043,Main Story,Nintendo DS,18h
10043,Main Story,Nintendo DS,18h 08m
10043,Main Story,Nintendo DS,18h 10m
10043,Main Story,Nintendo DS,18h 21m
10043,Main Story,Nintendo DS,18h 25m
10043,Main Story,Nintendo DS,18h 43m
10043,Main Story,Nintendo DS,19h
10043,Main Story,Nintendo DS,19h
10043,Main Story,Nintendo DS,19h
10043,Main Story,Nintendo DS,19h
10043,Main Story,Nintendo DS,19h 26m
10043,Main Story,Nintendo DS,19h 34m
10043,Main Story,Nintendo DS,19h 36m
10043,Main Story,Nintendo DS,19h 38m
10043,Main Story,Nintendo DS,19h 38m
10043,Main Story,Nintendo DS,19h 44m
10043,Main Story,Nintendo DS,19h 45m
10043,Main Story,Nintendo DS,19h 50m
10043,Main Story,Nintendo DS,20h
10043,Main Story,Nintendo DS,20h
10043,Main Story,Nintendo DS,20h
10043,Main Story,Nintendo DS,20h
10043,Main Story,Nintendo DS,20h
10043,Main Story,Nintendo DS,21h
10043,Main Story,Nintendo 3DS,21h 53m
10043,Main Story,Nintendo 3DS,22h 07m
10043,Main Story,Nintendo DS,22h 58m
10043,Main Story,Nintendo DS,23h
10043,Main Story,Nintendo DS,25h
10043,Main Story,Nintendo DS,25h
10043,Main Story,Nintendo DS,25h
10043,Main Story,Nintendo DS,25h 12m
10043,Main Story,Nintendo DS,26h
10043,Main Story,Nintendo 3DS,27h
10043,Main Story,Nintendo DS,30h
10043,Main Story,Nintendo 3DS,32h
10043,Main Story,Nintendo DS,35h
10043,Main Story,Nintendo DS,35h
10043,Main Story,Nintendo 3DS,37h 18m
10043,Main Story,Wii U,40h
10043,Main Story,Nintendo DS,40h
10043,Main Story,Nintendo DS,41h
10043,Main Story,Nintendo DS,44h 07m
10043,Main + Extras,Nintendo DS,15h 34m
10043,Main + Extras,Nintendo DS,15h 43m
10043,Main + Extras,Nintendo DS,18h
10043,Main + Extras,Nintendo DS,18h 56m
10043,Main + Extras,Nintendo DS,20h
10043,Main + Extras,Nintendo DS,20h
10043,Main + Extras,Nintendo DS,20h 24m
10043,Main + Extras,Nintendo DS,20h 39m
10043,Main + Extras,Nintendo DS,21h
10043,Main + Extras,Nintendo 3DS,21h 33m
10043,Main + Extras,Nintendo DS,21h 34m
10043,Main + Extras,Nintendo DS,21h 44m
10043,Main + Extras,Nintendo DS,22h
10043,Main + Extras,Nintendo DS,22h
10043,Main + Extras,Nintendo DS,22h
10043,Main + Extras,Nintendo DS,22h
10043,Main + Extras,Nintendo DS,22h 01m
10043,Main + Extras,Nintendo 3DS,22h 08m
10043,Main + Extras,Nintendo DS,22h 51m
10043,Main + Extras,Nintendo DS,23h
10043,Main + Extras,Nintendo DS,23h
10043,Main + Extras,Nintendo DS,23h
10043,Main + Extras,Nintendo DS,24h
10043,Main + Extras,Nintendo DS,24h 02m
10043,Main + Extras,Nintendo DS,24h 18m
10043,Main + Extras,Nintendo DS,24h 50m
10043,Main + Extras,Nintendo DS,24h 50m
10043,Main + Extras,Nintendo DS,25h
10043,Main + Extras,Nintendo DS,25h
10043,Main + Extras,Nintendo DS,25h
10043,Main + Extras,Nintendo DS,25h 42m
10043,Main + Extras,Nintendo 3DS,25h 43m
10043,Main + Extras,Nintendo DS,25h 45m
10043,Main + Extras,Nintendo DS,26h
10043,Main + Extras,Nintendo DS,26h
10043,Main + Extras,Nintendo DS,26h
10043,Main + Extras,Nintendo DS,26h 42m
10043,Main + Extras,Nintendo 3DS,26h 47m
10043,Main + Extras,Nintendo DS,27h
10043,Main + Extras,Nintendo DS,27h
10043,Main + Extras,Nintendo DS,27h
10043,Main + Extras,Nintendo DS,27h 12m
10043,Main + Extras,Nintendo 3DS,27h 14m
10043,Main + Extras,Nintendo DS,27h 18m
10043,Main + Extras,Nintendo DS,27h 21m
10043,Main + Extras,Nintendo DS,27h 51m
10043,Main + Extras,Nintendo DS,28h
10043,Main + Extras,Nintendo DS,29h 02m
10043,Main + Extras,Nintendo DS,30h
10043,Main + Extras,Nintendo DS,30h
10043,Main + Extras,Nintendo DS,33h 07m
10043,Main + Extras,Nintendo 3DS,34h 25m
10043,Main + Extras,Nintendo DS,35h
10043,Main + Extras,Nintendo DS,35h 03m
10043,Main + Extras,Nintendo DS,35h 52m
10043,Main + Extras,Nintendo DS,38h
10043,Main + Extras,Nintendo DS,40h
10043,Main + Extras,Nintendo DS,42h 02m
10043,Main + Extras,Nintendo DS,43h 55m
10043,Main + Extras,Nintendo DS,50h 36m
10043,Completionists,Nintendo DS,22h
10043,Completionists,Nintendo DS,22h 43m
10043,Completionists,Nintendo DS,23h
10043,Completionists,Nintendo DS,23h 45m
10043,Completionists,Nintendo DS,24h
10043,Completionists,Nintendo 3DS,25h 32m
10043,Completionists,Nintendo DS,25h 38m
10043,Completionists,Nintendo DS,26h 42m
10043,Completionists,Nintendo DS,27h
10043,Completionists,Nintendo DS,27h 34m
10043,Completionists,Nintendo DS,28h
10043,Completionists,Nintendo DS,28h
10043,Completionists,Nintendo DS,28h 29m
10043,Completionists,Nintendo DS,28h 39m
10043,Completionists,Nintendo DS,30h
10043,Completionists,Nintendo DS,30h 26m
10043,Completionists,Nintendo DS,32h
10043,Completionists,Nintendo DS,32h 10m
10043,Completionists,Nintendo DS,32h 45m
10043,Completionists,Nintendo DS,33h
10043,Completionists,Nintendo DS,33h 49m
10043,Completionists,Nintendo DS,35h
10043,Completionists,Nintendo DS,36h
10043,Completionists,Nintendo DS,36h
10043,Completionists,Nintendo 3DS,36h 22m
10043,Completionists,Nintendo 3DS,40h 30m
10043,Completionists,Nintendo DS,42h
10043,Completionists,Nintendo 3DS,62h 15m
10043,Speed Run - Any%,Nintendo DS,5h 03m
