id,type,platform,time
10044,Main Story,Game Boy Advance,6h 26m
10044,Main Story,Wii U,8h 57m
10044,Main Story,Game Boy Advance,9h
10044,Main Story,Game Boy Advance,9h 01m
10044,Main Story,Game Boy Advance,9h 30m
10044,Main Story,Wii U,9h 37m
10044,Main Story,Game Boy Advance,9h 40m
10044,Main Story,Emulated,10h
10044,Main Story,Emulated,10h
10044,Main Story,Game Boy Advance,10h
10044,Main Story,Game Boy Advance,10h 30m
10044,Main Story,Wii U,10h 34m
10044,Main Story,Game Boy Advance,10h 36m
10044,Main Story,Game Boy Advance,10h 38m
10044,Main Story,Game Boy Advance,11h
10044,Main Story,Wii U,11h
10044,Main Story,Game Boy Advance,11h 10m
10044,Main Story,Game Boy Advance,11h 42m
10044,Main Story,NA,11h 52m
10044,Main Story,Emulated,12h
10044,Main Story,Game Boy Advance,12h
10044,Main Story,Game Boy Advance,12h
10044,Main Story,Game Boy Advance,12h
10044,Main Story,Game Boy Advance,12h
10044,Main Story,Game Boy Advance,12h
10044,Main Story,Game Boy Advance,12h 08m
10044,Main Story,Wii U,12h 18m
10044,Main Story,Game Boy Advance,12h 45m
10044,Main Story,Nintendo 3DS,12h 52m
10044,Main Story,Wii U,13h 15m
10044,Main Story,Wii U,13h 17m
10044,Main Story,Nintendo 3DS,13h 45m
10044,Main Story,Nintendo 3DS,13h 53m
10044,Main Story,Game Boy Advance,13h 53m
10044,Main Story,Game Boy Advance,13h 53m
10044,Main Story,NA,14h
10044,Main Story,Game Boy Advance,14h
10044,Main Story,Emulated,14h
10044,Main Story,Wii U,14h
10044,Main Story,Emulated,14h
10044,Main Story,Emulated,14h
10044,Main Story,Wii U,14h
10044,Main Story,Nintendo 3DS,14h
10044,Main Story,Game Boy Advance,14h 01m
10044,Main Story,Nintendo 3DS,14h 08m
10044,Main Story,Game Boy Advance,14h 18m
10044,Main Story,Wii U,14h 27m
10044,Main Story,Nintendo 3DS,14h 28m
10044,Main Story,Game Boy Advance,14h 43m
10044,Main Story,Game Boy Advance,14h 55m
10044,Main Story,Game Boy Advance,15h
10044,Main Story,Wii U,15h
10044,Main Story,Game Boy Advance,15h
10044,Main Story,Game Boy Advance,15h
10044,Main Story,Nintendo 3DS,15h
10044,Main Story,Wii,15h
10044,Main Story,Game Boy Advance,15h
10044,Main Story,Game Boy Advance,15h
10044,Main Story,Game Boy Advance,15h
10044,Main Story,Game Boy Advance,15h
10044,Main Story,Game Boy Advance,15h
10044,Main Story,Game Boy Advance,15h
10044,Main Story,Game Boy Advance,15h
10044,Main Story,Game Boy Advance,15h
10044,Main Story,Game Boy Advance,15h
10044,Main Story,Game Boy Advance,15h
10044,Main Story,Wii U,15h 03m
10044,Main Story,Game Boy Advance,15h 12m
10044,Main Story,Wii U,15h 16m
10044,Main Story,Wii U,15h 25m
10044,Main Story,Nintendo 3DS,15h 29m
10044,Main Story,Game Boy Advance,16h
10044,Main Story,Game Boy Advance,16h
10044,Main Story,Game Boy Advance,16h
10044,Main Story,Game Boy Advance,16h
10044,Main Story,Wii U,16h
10044,Main Story,Game Boy Advance,16h
10044,Main Story,Game Boy Advance,16h
10044,Main Story,Game Boy Advance,16h
10044,Main Story,Game Boy Advance,16h
10044,Main Story,Nintendo 3DS,16h
10044,Main Story,Game Boy Advance,16h
10044,Main Story,Game Boy Advance,16h 05m
10044,Main Story,Wii U,16h 15m
10044,Main Story,Wii U,16h 47m
10044,Main Story,Wii U,17h
10044,Main Story,Game Boy Advance,17h
10044,Main Story,Game Boy,17h
10044,Main Story,Game Boy Advance,17h
10044,Main Story,Nintendo 3DS,17h 01m
10044,Main Story,Game Boy Advance,17h 32m
10044,Main Story,Game Boy Advance,18h
10044,Main Story,Wii U,18h 05m
10044,Main Story,Nintendo 3DS,18h 21m
10044,Main Story,Game Boy Advance,18h 30m
10044,Main Story,Nintendo 3DS,18h 46m
10044,Main Story,Nintendo 3DS,18h 57m
10044,Main Story,Wii U,19h 01m
10044,Main Story,Game Boy Advance,19h 45m
10044,Main Story,Game Boy Advance,20h
10044,Main Story,Game Boy Advance,20h
10044,Main Story,Game Boy Advance,20h
10044,Main Story,Game Boy Advance,20h
10044,Main Story,Emulated,20h
10044,Main Story,Nintendo 3DS,20h 19m
10044,Main Story,Game Boy Advance,20h 21m
10044,Main Story,Wii U,20h 22m
10044,Main Story,Wii U,21h
10044,Main Story,Game Boy Advance,22h
10044,Main Story,Nintendo 3DS,22h
10044,Main Story,Emulated,22h 30m
10044,Main Story,Game Boy Advance,22h 32m
10044,Main Story,Wii U,24h
10044,Main Story,Emulated,25h
10044,Main Story,Game Boy Advance,25h
10044,Main Story,Game Boy Advance,26h 38m
10044,Main Story,Game Boy Advance,40h
10044,Main + Extras,Game Boy Advance,8h 30m
10044,Main + Extras,Nintendo 3DS,9h 45m
10044,Main + Extras,Game Boy Advance,9h 47m
10044,Main + Extras,Emulated,10h 10m
10044,Main + Extras,Game Boy Advance,11h
10044,Main + Extras,Game Boy Advance,11h
10044,Main + Extras,Wii U,11h 28m
10044,Main + Extras,Nintendo DS,11h 56m
10044,Main + Extras,Game Boy Advance,12h
10044,Main + Extras,Game Boy Advance,13h 06m
10044,Main + Extras,Nintendo 3DS,13h 19m
10044,Main + Extras,Nintendo 3DS,13h 19m
10044,Main + Extras,Game Boy Advance,13h 30m
10044,Main + Extras,Emulated,14h
10044,Main + Extras,Game Boy Advance,14h 08m
10044,Main + Extras,Game Boy Advance,14h 15m
10044,Main + Extras,Wii U,14h 33m
10044,Main + Extras,Game Boy Advance,14h 34m
10044,Main + Extras,Game Boy Advance,14h 35m
10044,Main + Extras,Game Boy Advance,14h 35m
10044,Main + Extras,Wii U,14h 40m
10044,Main + Extras,Game Boy Advance,15h
10044,Main + Extras,Nintendo 3DS,15h
10044,Main + Extras,Wii U,15h
10044,Main + Extras,Game Boy Advance,15h
10044,Main + Extras,Game Boy Advance,15h 04m
10044,Main + Extras,Game Boy Advance,15h 18m
10044,Main + Extras,Game Boy Advance,15h 25m
10044,Main + Extras,Game Boy Advance,15h 30m
10044,Main + Extras,Wii U,15h 51m
10044,Main + Extras,Game Boy Advance,16h
10044,Main + Extras,Game Boy Advance,16h
10044,Main + Extras,Nintendo 3DS,16h 15m
10044,Main + Extras,Nintendo 3DS,16h 15m
10044,Main + Extras,Game Boy Advance,16h 20m
10044,Main + Extras,Game Boy Advance,16h 30m
10044,Main + Extras,Game Boy Advance,16h 34m
10044,Main + Extras,Game Boy Advance,16h 56m
10044,Main + Extras,Game Boy Advance,17h
10044,Main + Extras,Nintendo 3DS,17h
10044,Main + Extras,Game Boy Advance,17h 03m
10044,Main + Extras,Nintendo 3DS,17h 06m
10044,Main + Extras,Nintendo 3DS,17h 09m
10044,Main + Extras,Game Boy Advance,17h 19m
10044,Main + Extras,Game Boy Advance,17h 19m
10044,Main + Extras,Wii U,17h 23m
10044,Main + Extras,Wii U,17h 40m
10044,Main + Extras,Emulated,17h 45m
10044,Main + Extras,Game Boy Advance,18h
10044,Main + Extras,Game Boy Advance,18h
10044,Main + Extras,Game Boy Advance,18h
10044,Main + Extras,Game Boy Advance,18h
10044,Main + Extras,Game Boy Advance,18h
10044,Main + Extras,Wii U,18h
10044,Main + Extras,Wii U,18h
10044,Main + Extras,Game Boy Advance,18h 01m
10044,Main + Extras,Game Boy Advance,18h 10m
10044,Main + Extras,Game Boy Advance,18h 30m
10044,Main + Extras,Wii U,18h 33m
10044,Main + Extras,Game Boy Advance,18h 35m
10044,Main + Extras,Wii U,18h 39m
10044,Main + Extras,Wii U,18h 44m
10044,Main + Extras,Wii U,18h 49m
10044,Main + Extras,Game Boy Advance,18h 55m
10044,Main + Extras,Wii U,18h 58m
10044,Main + Extras,Game Boy Advance,19h
10044,Main + Extras,Nintendo 3DS,19h
10044,Main + Extras,Game Boy Advance,19h
10044,Main + Extras,Game Boy Advance,19h 03m
10044,Main + Extras,Game Boy Advance,19h 11m
10044,Main + Extras,Game Boy Advance,19h 16m
10044,Main + Extras,Wii U,19h 27m
10044,Main + Extras,Game Boy Advance,20h
10044,Main + Extras,Game Boy Advance,20h
10044,Main + Extras,Game Boy Advance,20h
10044,Main + Extras,Game Boy Advance,20h
10044,Main + Extras,Game Boy Advance,20h
10044,Main + Extras,Game Boy Advance,20h
10044,Main + Extras,Game Boy Advance,20h
10044,Main + Extras,Game Boy Advance,20h
10044,Main + Extras,Game Boy Advance,20h
10044,Main + Extras,Game Boy Advance,20h
10044,Main + Extras,Game Boy Advance,20h
10044,Main + Extras,Game Boy Advance,20h
10044,Main + Extras,Game Boy Advance,20h
10044,Main + Extras,Game Boy Advance,20h
10044,Main + Extras,Game Boy Advance,20h
10044,Main + Extras,Game Boy Advance,20h
10044,Main + Extras,Game Boy Advance,20h 13m
10044,Main + Extras,Nintendo 3DS,20h 15m
10044,Main + Extras,Wii U,20h 16m
10044,Main + Extras,Game Boy Advance,20h 35m
10044,Main + Extras,Wii U,20h 38m
10044,Main + Extras,Wii U,20h 40m
10044,Main + Extras,Nintendo 3DS,20h 46m
10044,Main + Extras,Game Boy Advance,20h 52m
10044,Main + Extras,Game Boy Advance,21h
10044,Main + Extras,Wii U,21h 05m
10044,Main + Extras,Wii U,21h 23m
10044,Main + Extras,Wii U,21h 29m
10044,Main + Extras,Game Boy Advance,21h 35m
10044,Main + Extras,Game Boy Advance,22h
10044,Main + Extras,Game Boy Advance,22h
10044,Main + Extras,Game Boy Advance,22h 03m
10044,Main + Extras,Game Boy Advance,22h 14m
10044,Main + Extras,Wii U,22h 14m
10044,Main + Extras,Nintendo 3DS,22h 16m
10044,Main + Extras,Game Boy Advance,22h 56m
10044,Main + Extras,Game Boy Advance,23h
10044,Main + Extras,Game Boy Advance,23h
10044,Main + Extras,Game Boy Advance,23h 05m
10044,Main + Extras,Game Boy Advance,23h 07m
10044,Main + Extras,Game Boy Advance,23h 28m
10044,Main + Extras,Wii U,23h 35m
10044,Main + Extras,Wii U,23h 57m
10044,Main + Extras,Nintendo 3DS,23h 58m
10044,Main + Extras,Game Boy Advance,25h
10044,Main + Extras,Game Boy Advance,25h
10044,Main + Extras,Game Boy Advance,25h
10044,Main + Extras,Emulated,25h
10044,Main + Extras,Emulated,25h
10044,Main + Extras,Nintendo 3DS,25h 06m
10044,Main + Extras,Game Boy Advance,25h 30m
10044,Main + Extras,Wii U,27h 57m
10044,Main + Extras,Nintendo 3DS,28h
10044,Main + Extras,Nintendo 3DS,29h 05m
10044,Main + Extras,Nintendo 3DS,29h 17m
10044,Main + Extras,Game Boy Advance,29h 29m
10044,Main + Extras,Game Boy Advance,30h
10044,Main + Extras,Game Boy Advance,30h
10044,Main + Extras,Nintendo 3DS,30h 20m
10044,Main + Extras,Game Boy Advance,31h
10044,Main + Extras,Wii U,31h 03m
10044,Main + Extras,Emulated,32h 39m
10044,Main + Extras,Game Boy Advance,34h 45m
10044,Main + Extras,Game Boy Advance,35h
10044,Main + Extras,Game Boy Advance,36h
10044,Main + Extras,Game Boy Advance,40h
10044,Completionists,Game Boy Advance,15h
10044,Completionists,Game Boy Advance,15h
10044,Completionists,Wii U,16h 48m
10044,Completionists,Nintendo 3DS,17h 12m
10044,Completionists,Emulated,19h 30m
10044,Completionists,Game Boy Advance,20h
10044,Completionists,Wii U,20h 36m
10044,Completionists,Game Boy Advance,21h
10044,Completionists,Emulated,21h 14m
10044,Completionists,Game Boy Advance,22h
10044,Completionists,PC,22h 45m
10044,Completionists,Game Boy Advance,23h 45m
10044,Completionists,Game Boy Advance,24h 27m
10044,Completionists,Game Boy Advance,24h 27m
10044,Completionists,Game Boy Advance,25h
10044,Completionists,Game Boy Advance,25h
10044,Completionists,Game Boy Advance,25h
10044,Completionists,Game Boy Advance,26h
10044,Completionists,Game Boy Advance,26h
10044,Completionists,Game Boy Advance,26h
10044,Completionists,Wii U,26h 15m
10044,Completionists,Nintendo 3DS,26h 26m
10044,Completionists,Wii U,26h 41m
10044,Completionists,Game Boy Advance,27h 51m
10044,Completionists,Game Boy Advance,28h
10044,Completionists,Game Boy Advance,28h
10044,Completionists,Emulated,28h 22m
10044,Completionists,Game Boy Advance,28h 45m
10044,Completionists,Game Boy Advance,30h
10044,Completionists,Game Boy Advance,30h
10044,Completionists,Game Boy Advance,30h
10044,Completionists,Game Boy Advance,30h
10044,Completionists,Game Boy Advance,30h
10044,Completionists,Nintendo 3DS,30h
10044,Completionists,Nintendo 3DS,31h 49m
10044,Completionists,Wii U,32h 05m
10044,Completionists,Game Boy Advance,32h 48m
10044,Completionists,Game Boy Advance,34h
10044,Completionists,Game Boy Advance,35h
10044,Completionists,Game Boy Advance,39h
10044,Completionists,Game Boy Advance,40h
10044,Completionists,Wii U,48h 04m
10044,Completionists,Game Boy Advance,80h
10044,Speed Run - Any%,Game Boy Advance,2h 06m 29s
10044,Speed Run - Any%,Game Boy Advance,4h 33m 32s
10044,Speed Run - Any%,Game Boy Advance,11h
10044,Speed Run - 100%,Game Boy Advance,24h
