id,type,platform,time
10046,Main Story,Wii,19h 43m
10046,Main Story,NA,20h
10046,Main Story,NA,20h
10046,Main Story,Wii,20h
10046,Main Story,Nintendo GameCube,20h 09m
10046,Main Story,Wii,20h 59m
10046,Main Story,NA,21h
10046,Main Story,Wii,21h
10046,Main Story,Wii,21h 59m
10046,Main Story,Nintendo GameCube,22h
10046,Main Story,Wii,23h 16m
10046,Main Story,Wii,23h 30m
10046,Main Story,NA,24h
10046,Main Story,Wii,24h
10046,Main Story,Nintendo GameCube,24h 50m
10046,Main Story,Emulated,25h 03m
10046,Main Story,Wii,25h 15m
10046,Main Story,Nintendo GameCube,25h 31m
10046,Main Story,Wii,25h 36m
10046,Main Story,Wii,26h
10046,Main Story,Nintendo GameCube,26h
10046,Main Story,Nintendo GameCube,26h
10046,Main Story,Wii,26h 34m
10046,Main Story,Nintendo GameCube,26h 39m
10046,Main Story,Wii U,26h 39m
10046,Main Story,Nintendo GameCube,26h 41m
10046,Main Story,NA,27h
10046,Main Story,Nintendo GameCube,27h
10046,Main Story,Wii,27h
10046,Main Story,Nintendo GameCube,27h 10m
10046,Main Story,Wii,27h 30m
10046,Main Story,Nintendo GameCube,28h
10046,Main Story,Wii,28h
10046,Main Story,PC,28h
10046,Main Story,Nintendo GameCube,28h 30m
10046,Main Story,Wii,28h 50m
10046,Main Story,NA,29h
10046,Main Story,NA,29h
10046,Main Story,Nintendo GameCube,29h
10046,Main Story,Wii,29h
10046,Main Story,Nintendo GameCube,29h 18m
10046,Main Story,Wii,29h 29m
10046,Main Story,Nintendo GameCube,30h
10046,Main Story,Wii,30h
10046,Main Story,Nintendo GameCube,30h
10046,Main Story,Wii,30h
10046,Main Story,Wii,30h
10046,Main Story,Nintendo GameCube,30h
10046,Main Story,Nintendo GameCube,30h
10046,Main Story,Nintendo GameCube,30h
10046,Main Story,Nintendo GameCube,30h
10046,Main Story,Wii,30h
10046,Main Story,Nintendo GameCube,30h 17m
10046,Main Story,Wii,30h 34m
10046,Main Story,Wii U,30h 50m
10046,Main Story,Nintendo GameCube,31h
10046,Main Story,Wii,31h
10046,Main Story,Wii,31h 17m
10046,Main Story,Nintendo GameCube,31h 42m
10046,Main Story,Wii,31h 45m
10046,Main Story,Wii U,31h 50m
10046,Main Story,NA,32h
10046,Main Story,Wii,32h
10046,Main Story,Nintendo GameCube,32h
10046,Main Story,Nintendo GameCube,32h
10046,Main Story,Wii,32h 40m
10046,Main Story,Wii,32h 56m
10046,Main Story,Wii,32h 59m
10046,Main Story,Wii,33h
10046,Main Story,Wii,33h
10046,Main Story,Nintendo GameCube,33h 17m
10046,Main Story,Wii,34h
10046,Main Story,Wii,34h
10046,Main Story,Wii,34h
10046,Main Story,Nintendo GameCube,34h
10046,Main Story,Wii,34h
10046,Main Story,Wii,34h
10046,Main Story,Wii,34h 39m
10046,Main Story,Wii,34h 40m
10046,Main Story,NA,35h
10046,Main Story,NA,35h
10046,Main Story,Wii,35h
10046,Main Story,Wii,35h
10046,Main Story,Wii,35h
10046,Main Story,Nintendo GameCube,35h
10046,Main Story,Wii,35h
10046,Main Story,Wii,35h
10046,Main Story,Wii,35h
10046,Main Story,Nintendo GameCube,35h
10046,Main Story,Wii,35h
10046,Main Story,Nintendo GameCube,35h
10046,Main Story,Nintendo GameCube,35h
10046,Main Story,Wii,35h
10046,Main Story,Wii,35h
10046,Main Story,Wii,35h
10046,Main Story,Wii,35h
10046,Main Story,Wii,35h
10046,Main Story,Wii U,35h
10046,Main Story,Wii,35h
10046,Main Story,Wii U,35h
10046,Main Story,Emulated,35h
10046,Main Story,Wii,35h 30m
10046,Main Story,Wii,36h
10046,Main Story,Wii,36h
10046,Main Story,Wii,36h
10046,Main Story,Wii,36h
10046,Main Story,Wii,36h
10046,Main Story,Wii,36h
10046,Main Story,Nintendo GameCube,36h
10046,Main Story,Wii,36h 15m
10046,Main Story,Nintendo GameCube,36h 15m
10046,Main Story,Wii,36h 25m
10046,Main Story,Wii,36h 30m
10046,Main Story,Wii,36h 39m
10046,Main Story,Wii,36h 47m
10046,Main Story,Wii,36h 53m
10046,Main Story,Nintendo GameCube,36h 59m
10046,Main Story,Wii,37h
10046,Main Story,Nintendo GameCube,37h
10046,Main Story,Nintendo GameCube,37h
10046,Main Story,Wii,37h
10046,Main Story,Wii,37h
10046,Main Story,Wii,37h
10046,Main Story,Wii,37h
10046,Main Story,Wii,37h
10046,Main Story,Wii,37h
10046,Main Story,Wii,37h 12m
10046,Main Story,Wii,37h 14m
10046,Main Story,Wii,37h 21m
10046,Main Story,Wii,37h 46m
10046,Main Story,Wii,37h 56m
10046,Main Story,Nintendo GameCube,38h
10046,Main Story,Wii,38h
10046,Main Story,Wii,38h
10046,Main Story,Wii,38h
10046,Main Story,Wii,38h
10046,Main Story,Wii,38h
10046,Main Story,Wii,38h
10046,Main Story,Wii,38h
10046,Main Story,Wii,38h
10046,Main Story,Wii,38h
10046,Main Story,Wii,38h
10046,Main Story,Wii,38h 05m
10046,Main Story,Wii U,38h 05m
10046,Main Story,Wii,38h 14m
10046,Main Story,Wii,38h 15m
10046,Main Story,Wii U,38h 18m
10046,Main Story,Wii U,38h 23m
10046,Main Story,Wii,38h 31m
10046,Main Story,Wii U,38h 43m
10046,Main Story,NA,39h
10046,Main Story,Wii,39h
10046,Main Story,NA,39h
10046,Main Story,Wii,39h
10046,Main Story,Wii,39h
10046,Main Story,Wii,39h
10046,Main Story,Wii,39h
10046,Main Story,Nintendo GameCube,39h
10046,Main Story,Nintendo GameCube,39h
10046,Main Story,Wii,39h 40m
10046,Main Story,Wii,39h 47m
10046,Main Story,Nintendo GameCube,39h 48m
10046,Main Story,NA,40h
10046,Main Story,Wii,40h
10046,Main Story,Wii U,40h
10046,Main Story,Wii,40h
10046,Main Story,Wii,40h
10046,Main Story,Wii U,40h
10046,Main Story,Wii,40h
10046,Main Story,Wii,40h
10046,Main Story,Wii,40h
10046,Main Story,Wii,40h
10046,Main Story,Wii,40h
10046,Main Story,Wii,40h
10046,Main Story,Wii,40h
10046,Main Story,Wii,40h
10046,Main Story,Wii,40h
10046,Main Story,Nintendo GameCube,40h
10046,Main Story,Wii,40h
10046,Main Story,Wii,40h
10046,Main Story,Wii,40h
10046,Main Story,Wii,40h 11m
10046,Main Story,Wii,40h 12m
10046,Main Story,Nintendo GameCube,40h 13m
10046,Main Story,Wii,40h 20m
10046,Main Story,Wii,40h 29m
10046,Main Story,Wii,40h 30m
10046,Main Story,Nintendo GameCube,41h
10046,Main Story,Nintendo GameCube,41h
10046,Main Story,Emulated,41h 25m
10046,Main Story,Wii,41h 25m
10046,Main Story,Nintendo GameCube,42h
10046,Main Story,Nintendo GameCube,42h
10046,Main Story,Wii,42h
10046,Main Story,Wii,42h
10046,Main Story,Wii,42h 07m
10046,Main Story,Nintendo GameCube,42h 12m
10046,Main Story,Wii,42h 14m
10046,Main Story,Wii,42h 30m
10046,Main Story,Wii,42h 47m
10046,Main Story,Wii,42h 50m
10046,Main Story,Wii,42h 54m
10046,Main Story,Wii,42h 56m
10046,Main Story,Nintendo GameCube,43h
10046,Main Story,Wii,44h 41m
10046,Main Story,NA,44h 52m
10046,Main Story,Wii,45h
10046,Main Story,Nintendo GameCube,45h
10046,Main Story,Wii,45h
10046,Main Story,Wii,45h
10046,Main Story,Nintendo GameCube,45h
10046,Main Story,Wii,45h
10046,Main Story,Nintendo GameCube,45h
10046,Main Story,Wii,45h
10046,Main Story,Nintendo GameCube,45h
10046,Main Story,Wii,45h
10046,Main Story,Nintendo GameCube,45h
10046,Main Story,Wii,45h
10046,Main Story,Wii U,45h 23m
10046,Main Story,Wii,46h
10046,Main Story,Wii,46h
10046,Main Story,Wii,46h 12m
10046,Main Story,Nintendo GameCube,47h
10046,Main Story,Wii,48h
10046,Main Story,Wii,48h 38m
10046,Main Story,Wii,49h
10046,Main Story,Wii,49h 12m
10046,Main Story,Wii,50h
10046,Main Story,Nintendo GameCube,50h
10046,Main Story,Wii,50h
10046,Main Story,Wii,51h
10046,Main Story,NA,52h
10046,Main Story,Wii,52h
10046,Main Story,Wii U,54h
10046,Main Story,Wii,55h 24m
10046,Main Story,Nintendo GameCube,55h 32m
10046,Main Story,Wii,56h
10046,Main Story,Wii,56h 45m
10046,Main Story,Wii,57h 09m
10046,Main Story,Wii U,57h 30m
10046,Main Story,Wii,60h
10046,Main Story,Wii,60h
10046,Main Story,Nintendo GameCube,60h
10046,Main Story,Wii,61h
10046,Main Story,Nintendo GameCube,70h
10046,Main Story,Wii,78h 34m
10046,Main Story,Wii,80h 47m
10046,Main + Extras,NA,20h
10046,Main + Extras,Nintendo GameCube,20h 03m
10046,Main + Extras,Nintendo GameCube,25h
10046,Main + Extras,Nintendo GameCube,26h
10046,Main + Extras,Wii,26h 11m
10046,Main + Extras,Nintendo GameCube,26h 34m
10046,Main + Extras,Nintendo GameCube,27h
10046,Main + Extras,Emulated,28h 55m
10046,Main + Extras,Wii U,29h
10046,Main + Extras,Nintendo GameCube,29h
10046,Main + Extras,Nintendo GameCube,29h 33m
10046,Main + Extras,NA,30h
10046,Main + Extras,Wii,30h
10046,Main + Extras,Nintendo GameCube,30h
10046,Main + Extras,NA,30h
10046,Main + Extras,Wii,30h
10046,Main + Extras,Wii,30h
10046,Main + Extras,Wii,30h
10046,Main + Extras,Wii,30h 15m
10046,Main + Extras,Nintendo GameCube,30h 30m
10046,Main + Extras,Nintendo GameCube,30h 32m
10046,Main + Extras,NA,30h 38m
10046,Main + Extras,Nintendo GameCube,31h
10046,Main + Extras,Nintendo GameCube,31h 12m
10046,Main + Extras,Wii,31h 27m
10046,Main + Extras,Wii U,31h 28m
10046,Main + Extras,Wii,31h 56m
10046,Main + Extras,Wii,32h
10046,Main + Extras,Nintendo GameCube,32h
10046,Main + Extras,Nintendo GameCube,32h 07m
10046,Main + Extras,Wii,32h 13m
10046,Main + Extras,Wii,32h 14m
10046,Main + Extras,Nintendo GameCube,32h 18m
10046,Main + Extras,Wii U,32h 45m
10046,Main + Extras,Nintendo GameCube,33h 02m
10046,Main + Extras,Wii,33h 12m
10046,Main + Extras,Wii,33h 22m
10046,Main + Extras,Nintendo GameCube,33h 26m
10046,Main + Extras,Nintendo GameCube,33h 33m
10046,Main + Extras,Emulated,33h 38m
10046,Main + Extras,Nintendo GameCube,33h 48m
10046,Main + Extras,NA,34h
10046,Main + Extras,Wii,34h
10046,Main + Extras,Wii,34h
10046,Main + Extras,Nintendo GameCube,34h
10046,Main + Extras,Wii,34h
10046,Main + Extras,Wii,34h 22m
10046,Main + Extras,Wii,34h 32m
10046,Main + Extras,Wii,34h 46m
10046,Main + Extras,Wii,35h
10046,Main + Extras,Wii,35h
10046,Main + Extras,Wii,35h
10046,Main + Extras,Nintendo GameCube,35h 07m
10046,Main + Extras,Wii,35h 23m
10046,Main + Extras,Nintendo GameCube,36h
10046,Main + Extras,NA,36h
10046,Main + Extras,Wii,36h 20m
10046,Main + Extras,Wii,36h 30m
10046,Main + Extras,Nintendo GameCube,36h 40m
10046,Main + Extras,Nintendo GameCube,36h 55m
10046,Main + Extras,Wii,37h
10046,Main + Extras,Wii,37h
10046,Main + Extras,Nintendo GameCube,37h
10046,Main + Extras,Wii,37h
10046,Main + Extras,Wii,37h 12m
10046,Main + Extras,Wii,38h
10046,Main + Extras,Wii,38h
10046,Main + Extras,Wii,38h
10046,Main + Extras,Wii U,38h
10046,Main + Extras,Nintendo GameCube,38h
10046,Main + Extras,Nintendo GameCube,38h
10046,Main + Extras,Nintendo GameCube,38h 21m
10046,Main + Extras,Nintendo GameCube,38h 39m
10046,Main + Extras,Emulated,38h 40m
10046,Main + Extras,Nintendo GameCube,38h 48m
10046,Main + Extras,Nintendo GameCube,39h
10046,Main + Extras,Nintendo GameCube,39h
10046,Main + Extras,Wii,39h
10046,Main + Extras,Nintendo GameCube,39h
10046,Main + Extras,Nintendo GameCube,39h 40m
10046,Main + Extras,Wii,39h 43m
10046,Main + Extras,Wii,39h 48m
10046,Main + Extras,Wii,39h 56m
10046,Main + Extras,NA,40h
10046,Main + Extras,Wii,40h
10046,Main + Extras,Emulated,40h
10046,Main + Extras,Wii,40h
10046,Main + Extras,Nintendo GameCube,40h
10046,Main + Extras,Wii,40h
10046,Main + Extras,Wii,40h
10046,Main + Extras,Wii,40h
10046,Main + Extras,Wii,40h
10046,Main + Extras,Wii,40h
10046,Main + Extras,Wii,40h
10046,Main + Extras,Wii,40h
10046,Main + Extras,Wii,40h
10046,Main + Extras,Wii,40h
10046,Main + Extras,Wii,40h
10046,Main + Extras,Wii,40h
10046,Main + Extras,Wii,40h
10046,Main + Extras,Nintendo GameCube,40h
10046,Main + Extras,Wii,40h 08m
10046,Main + Extras,Wii,40h 21m
10046,Main + Extras,Wii,40h 27m
10046,Main + Extras,Nintendo GameCube,40h 30m
10046,Main + Extras,Nintendo GameCube,40h 30m
10046,Main + Extras,Wii,40h 30m
10046,Main + Extras,Wii,40h 31m
10046,Main + Extras,Nintendo GameCube,40h 36m
10046,Main + Extras,Nintendo GameCube,41h
10046,Main + Extras,Nintendo GameCube,41h
10046,Main + Extras,Wii U,41h
10046,Main + Extras,Wii,41h
10046,Main + Extras,Wii,41h 30m
10046,Main + Extras,Wii,41h 32m
10046,Main + Extras,Wii,41h 50m
10046,Main + Extras,Wii,42h
10046,Main + Extras,Wii,42h
10046,Main + Extras,Wii,42h
10046,Main + Extras,Nintendo GameCube,42h
10046,Main + Extras,Wii,42h
10046,Main + Extras,Nintendo GameCube,42h
10046,Main + Extras,Nintendo GameCube,42h
10046,Main + Extras,Wii,42h 14m
10046,Main + Extras,Wii,42h 19m
10046,Main + Extras,Wii,42h 44m
10046,Main + Extras,Wii,43h
10046,Main + Extras,NA,43h
10046,Main + Extras,Wii,43h 29m
10046,Main + Extras,Wii,44h
10046,Main + Extras,Nintendo GameCube,44h
10046,Main + Extras,Wii,44h
10046,Main + Extras,Wii U,44h
10046,Main + Extras,Wii,44h
10046,Main + Extras,Nintendo GameCube,44h 25m
10046,Main + Extras,Wii,44h 29m
10046,Main + Extras,Wii,44h 39m
10046,Main + Extras,NA,45h
10046,Main + Extras,NA,45h
10046,Main + Extras,Nintendo GameCube,45h
10046,Main + Extras,Wii,45h
10046,Main + Extras,Wii,45h
10046,Main + Extras,Wii,45h
10046,Main + Extras,Wii U,45h
10046,Main + Extras,Nintendo GameCube,45h
10046,Main + Extras,Wii,45h
10046,Main + Extras,Wii U,45h
10046,Main + Extras,Wii,45h
10046,Main + Extras,Wii,45h
10046,Main + Extras,Wii,45h
10046,Main + Extras,Nintendo GameCube,45h
10046,Main + Extras,Wii,45h
10046,Main + Extras,Wii,45h
10046,Main + Extras,NA,45h
10046,Main + Extras,Wii,45h
10046,Main + Extras,Wii,45h
10046,Main + Extras,Wii,45h
10046,Main + Extras,Wii,45h
10046,Main + Extras,NA,45h
10046,Main + Extras,Wii,45h
10046,Main + Extras,Nintendo GameCube,45h
10046,Main + Extras,Nintendo GameCube,45h 04m
10046,Main + Extras,Wii,45h 06m
10046,Main + Extras,Wii U,45h 11m
10046,Main + Extras,Wii,45h 23m
10046,Main + Extras,Wii,45h 30m
10046,Main + Extras,Wii,45h 50m
10046,Main + Extras,Wii,45h 54m
10046,Main + Extras,Wii,45h 59m
10046,Main + Extras,Nintendo GameCube,46h
10046,Main + Extras,Wii,46h
10046,Main + Extras,Wii,46h
10046,Main + Extras,Wii,46h 09m
10046,Main + Extras,Wii,46h 14m
10046,Main + Extras,Wii,46h 16m
10046,Main + Extras,Wii,46h 30m
10046,Main + Extras,Wii,47h
10046,Main + Extras,Wii,47h
10046,Main + Extras,Nintendo GameCube,47h
10046,Main + Extras,Wii,47h
10046,Main + Extras,Wii,47h
10046,Main + Extras,Wii,47h 04m
10046,Main + Extras,Wii,47h 30m
10046,Main + Extras,Wii,47h 32m
10046,Main + Extras,Wii,47h 50m
10046,Main + Extras,Wii U,48h
10046,Main + Extras,Wii,48h
10046,Main + Extras,Wii,48h
10046,Main + Extras,Wii,48h
10046,Main + Extras,Nintendo GameCube,48h
10046,Main + Extras,Wii,48h
10046,Main + Extras,Wii,48h
10046,Main + Extras,Wii,48h
10046,Main + Extras,Wii,48h
10046,Main + Extras,NA,48h 31m
10046,Main + Extras,Wii,48h 33m
10046,Main + Extras,Wii,48h 35m
10046,Main + Extras,Wii,48h 35m
10046,Main + Extras,Wii,49h
10046,Main + Extras,Wii,49h
10046,Main + Extras,Nintendo GameCube,49h
10046,Main + Extras,Wii,49h 13m
10046,Main + Extras,Wii,49h 21m
10046,Main + Extras,Wii,49h 35m
10046,Main + Extras,NA,49h 43m
10046,Main + Extras,Wii U,49h 50m
10046,Main + Extras,Wii,49h 52m
10046,Main + Extras,NA,50h
10046,Main + Extras,Wii,50h
10046,Main + Extras,Wii U,50h
10046,Main + Extras,Wii,50h
10046,Main + Extras,Wii,50h
10046,Main + Extras,Nintendo GameCube,50h
10046,Main + Extras,Wii,50h
10046,Main + Extras,Nintendo GameCube,50h
10046,Main + Extras,Wii,50h
10046,Main + Extras,Nintendo GameCube,50h
10046,Main + Extras,Wii,50h
10046,Main + Extras,Nintendo GameCube,50h
10046,Main + Extras,Nintendo GameCube,50h
10046,Main + Extras,Nintendo GameCube,50h
10046,Main + Extras,Nintendo GameCube,50h
10046,Main + Extras,Wii,50h
10046,Main + Extras,Wii,50h 14m
10046,Main + Extras,Nintendo GameCube,50h 15m
10046,Main + Extras,Wii,51h
10046,Main + Extras,Wii,51h
10046,Main + Extras,Wii,51h
10046,Main + Extras,Wii,51h 20m
10046,Main + Extras,Wii,51h 49m
10046,Main + Extras,NA,52h
10046,Main + Extras,Wii,52h
10046,Main + Extras,Nintendo GameCube,52h
10046,Main + Extras,Wii,52h
10046,Main + Extras,Nintendo GameCube,52h
10046,Main + Extras,Wii,52h
10046,Main + Extras,Wii,52h 25m
10046,Main + Extras,Wii,52h 39m
10046,Main + Extras,Wii,52h 57m
10046,Main + Extras,Wii,53h
10046,Main + Extras,Wii,53h
10046,Main + Extras,Wii,53h
10046,Main + Extras,Wii,53h
10046,Main + Extras,Wii,53h
10046,Main + Extras,Wii,53h 16m
10046,Main + Extras,Wii U,53h 25m
10046,Main + Extras,Nintendo GameCube,53h 29m
10046,Main + Extras,Wii,53h 30m
10046,Main + Extras,Wii,53h 49m
10046,Main + Extras,Wii,53h 49m
10046,Main + Extras,Wii,54h
10046,Main + Extras,Nintendo GameCube,54h 02m
10046,Main + Extras,Wii,54h 29m
10046,Main + Extras,Wii,54h 32m
10046,Main + Extras,Wii,54h 47m
10046,Main + Extras,Nintendo GameCube,54h 54m
10046,Main + Extras,NA,55h
10046,Main + Extras,Wii,55h
10046,Main + Extras,Wii,55h
10046,Main + Extras,Wii,55h
10046,Main + Extras,Nintendo GameCube,55h
10046,Main + Extras,Nintendo GameCube,55h
10046,Main + Extras,Nintendo GameCube,55h
10046,Main + Extras,Nintendo GameCube,55h
10046,Main + Extras,Wii,55h 20m
10046,Main + Extras,Wii,55h 30m
10046,Main + Extras,Wii,55h 36m
10046,Main + Extras,Nintendo GameCube,55h 47m
10046,Main + Extras,Wii,56h
10046,Main + Extras,Wii,56h 40m
10046,Main + Extras,Wii,57h
10046,Main + Extras,Wii,57h
10046,Main + Extras,Wii,57h 05m
10046,Main + Extras,Nintendo GameCube,57h 25m
10046,Main + Extras,Wii,58h 21m
10046,Main + Extras,Wii,58h 32m
10046,Main + Extras,Nintendo GameCube,58h 59m
10046,Main + Extras,Wii,59h
10046,Main + Extras,Wii,59h 52m
10046,Main + Extras,Wii U,59h 57m
10046,Main + Extras,NA,60h
10046,Main + Extras,Wii,60h
10046,Main + Extras,Wii,60h
10046,Main + Extras,Wii,60h
10046,Main + Extras,Wii,60h
10046,Main + Extras,Wii,60h
10046,Main + Extras,Nintendo GameCube,60h
10046,Main + Extras,Nintendo GameCube,60h
10046,Main + Extras,Wii,60h
10046,Main + Extras,Wii,60h 57m
10046,Main + Extras,Wii U,61h
10046,Main + Extras,Wii U,63h
10046,Main + Extras,Wii,63h 14m
10046,Main + Extras,Wii,64h
10046,Main + Extras,Wii,64h 30m
10046,Main + Extras,Wii,64h 32m
10046,Main + Extras,NA,65h
10046,Main + Extras,Nintendo GameCube,65h
10046,Main + Extras,Wii,65h
10046,Main + Extras,Wii,65h
10046,Main + Extras,Nintendo GameCube,66h 24m
10046,Main + Extras,Wii,67h
10046,Main + Extras,Nintendo GameCube,68h
10046,Main + Extras,Wii,68h 30m
10046,Main + Extras,Wii,69h 30m
10046,Main + Extras,Wii,69h 45m
10046,Main + Extras,Wii,70h
10046,Main + Extras,Wii,70h 50m
10046,Main + Extras,Wii,72h 40m
10046,Main + Extras,Wii,72h 53m
10046,Main + Extras,NA,73h 55m
10046,Main + Extras,NA,75h
10046,Main + Extras,Wii,77h 02m
10046,Main + Extras,Wii,77h 54m
10046,Main + Extras,Wii U,79h
10046,Main + Extras,Wii U,80h
10046,Main + Extras,Nintendo GameCube,80h
10046,Main + Extras,Wii,84h
10046,Main + Extras,Wii,84h
10046,Main + Extras,Wii,86h
10046,Main + Extras,Wii,91h
10046,Main + Extras,Wii,99h
10046,Main + Extras,Wii,106h 11m
10046,Completionists,Wii,23h
10046,Completionists,Wii,23h 42m
10046,Completionists,Nintendo GameCube,23h 52m
10046,Completionists,Wii,24h
10046,Completionists,Wii,25h 07m
10046,Completionists,Wii,28h
10046,Completionists,Nintendo GameCube,28h
10046,Completionists,Nintendo GameCube,30h 06m
10046,Completionists,Wii,30h 55m
10046,Completionists,Wii,31h 13m
10046,Completionists,Nintendo GameCube,32h
10046,Completionists,Wii,32h 05m
10046,Completionists,Nintendo GameCube,32h 15m
10046,Completionists,Nintendo GameCube,35h
10046,Completionists,Wii,35h 12m
10046,Completionists,NA,37h
10046,Completionists,Wii,37h 25m
10046,Completionists,NA,38h
10046,Completionists,Wii,38h 07m
10046,Completionists,Nintendo GameCube,38h 24m
10046,Completionists,Wii,38h 34m
10046,Completionists,Nintendo GameCube,39h 11m
10046,Completionists,Emulated,40h
10046,Completionists,Nintendo GameCube,40h
10046,Completionists,Nintendo GameCube,40h
10046,Completionists,Wii,41h
10046,Completionists,Wii U,41h 14m
10046,Completionists,NA,42h
10046,Completionists,Nintendo GameCube,42h 24m
10046,Completionists,Wii,44h 28m
10046,Completionists,Wii,45h
10046,Completionists,Wii,45h
10046,Completionists,Wii,45h
10046,Completionists,Wii,45h 06m
10046,Completionists,Wii,45h 15m
10046,Completionists,Wii,45h 37m
10046,Completionists,Wii,45h 50m
10046,Completionists,Wii,47h
10046,Completionists,Wii,47h 18m
10046,Completionists,Wii,49h
10046,Completionists,Wii,49h 08m
10046,Completionists,Nintendo GameCube,49h 24m
10046,Completionists,NA,50h
10046,Completionists,Wii,50h
10046,Completionists,Wii U,50h
10046,Completionists,Wii,50h
10046,Completionists,Wii,50h
10046,Completionists,Wii,50h
10046,Completionists,Wii,50h
10046,Completionists,Wii,50h
10046,Completionists,Wii,50h
10046,Completionists,Wii,50h
10046,Completionists,Wii,50h 14m
10046,Completionists,Nintendo GameCube,50h 45m
10046,Completionists,Wii,51h
10046,Completionists,Wii,51h
10046,Completionists,Nintendo GameCube,51h
10046,Completionists,Nintendo GameCube,51h 05m
10046,Completionists,Wii,52h
10046,Completionists,Nintendo GameCube,52h
10046,Completionists,Wii U,52h 10m
10046,Completionists,Wii,52h 51m
10046,Completionists,Wii,53h
10046,Completionists,Nintendo GameCube,53h 14m
10046,Completionists,Wii,54h 16m
10046,Completionists,Wii,54h 30m
10046,Completionists,Wii,54h 30m
10046,Completionists,Nintendo GameCube,54h 34m
10046,Completionists,Wii,55h
10046,Completionists,Wii,55h
10046,Completionists,Wii,55h
10046,Completionists,Wii,55h
10046,Completionists,Nintendo GameCube,55h
10046,Completionists,Wii,55h
10046,Completionists,Wii,55h
10046,Completionists,Wii,55h 05m
10046,Completionists,Nintendo GameCube,56h
10046,Completionists,Wii U,56h 04m
10046,Completionists,Nintendo GameCube,56h 30m
10046,Completionists,Wii,57h 12m
10046,Completionists,Wii,59h 05m
10046,Completionists,NA,60h
10046,Completionists,NA,60h
10046,Completionists,NA,60h
10046,Completionists,NA,60h
10046,Completionists,NA,60h
10046,Completionists,Wii,60h
10046,Completionists,Wii,60h
10046,Completionists,Nintendo GameCube,60h
10046,Completionists,Wii,60h
10046,Completionists,Nintendo GameCube,60h
10046,Completionists,Wii,60h
10046,Completionists,Nintendo GameCube,60h
10046,Completionists,Nintendo GameCube,60h
10046,Completionists,Wii,60h
10046,Completionists,NA,60h
10046,Completionists,Wii,60h
10046,Completionists,NA,60h
10046,Completionists,Wii,60h
10046,Completionists,Wii,61h 33m
10046,Completionists,Nintendo GameCube,61h 39m
10046,Completionists,Wii,61h 55m
10046,Completionists,Wii,62h 15m
10046,Completionists,Nintendo GameCube,62h 34m
10046,Completionists,NA,65h
10046,Completionists,Nintendo GameCube,65h
10046,Completionists,Nintendo GameCube,65h
10046,Completionists,Nintendo GameCube,67h
10046,Completionists,Wii,67h 25m
10046,Completionists,NA,70h
10046,Completionists,Nintendo GameCube,70h
10046,Completionists,Wii,70h
10046,Completionists,Nintendo GameCube,70h
10046,Completionists,Wii,70h
10046,Completionists,Wii,70h
10046,Completionists,Wii,70h 29m
10046,Completionists,Wii,70h 53m
10046,Completionists,Wii,71h
10046,Completionists,Wii,72h
10046,Completionists,Nintendo GameCube,72h
10046,Completionists,Wii,72h
10046,Completionists,Wii,74h 12m
10046,Completionists,Wii,75h 07m
10046,Completionists,Wii,75h 50m
10046,Completionists,Wii,76h
10046,Completionists,Wii,80h
10046,Completionists,Wii,80h
10046,Completionists,Wii,80h 22m
10046,Completionists,Nintendo GameCube,82h 32m
10046,Completionists,Wii,83h 41m
10046,Completionists,Nintendo GameCube,84h 01m
10046,Completionists,NA,85h
10046,Completionists,Wii,87h 17m
10046,Completionists,NA,89h
10046,Completionists,Nintendo GameCube,99h 22m
10046,Completionists,Wii,100h
10046,Completionists,Wii U,114h
10046,Completionists,Wii,204h 43m
10046,Speed Run - Any%,Nintendo GameCube,4h 10m 06s
10046,Speed Run - Any%,Nintendo GameCube,4h 53m 14s
10046,Speed Run - Any%,Nintendo GameCube,7h 56m 43s
10046,Speed Run - Any%,Nintendo GameCube,11h 56m
10046,Speed Run - Any%,Wii,13h 10m 17s
10046,Speed Run - Any%,Wii,13h 20m 10s
10046,Speed Run - Any%,Wii,15h
10046,Speed Run - Any%,Wii,18h 45m
10046,Speed Run - Any%,Wii,22h 17m
10046,Speed Run - Any%,Wii,33h 30m
10046,Speed Run - 100%,Nintendo GameCube,28h 08m
