id,type,platform,time
1005,Main Story,iOS,2h 18m
1005,Main Story,PC,2h 38m
1005,Main Story,PC,3h
1005,Main Story,PC,3h 13m
1005,Main Story,PC,3h 14m
1005,Main Story,PC,4h 04m
1005,Main Story,PC,4h 06m
1005,Main Story,PC,4h 30m
1005,Main Story,PC,4h 38m
1005,Main Story,PC,5h
1005,Main Story,Mobile,5h
1005,Main Story,PC,5h 10m
1005,Main Story,PC,5h 20m
1005,Main Story,PC,5h 30m
1005,Main Story,PC,5h 30m
1005,Main Story,PC,5h 37m
1005,Main Story,PC,5h 41m
1005,Main Story,PC,5h 52m
1005,Main Story,PC,6h
1005,Main Story,PC,6h
1005,Main Story,PC,6h
1005,Main Story,PC,6h
1005,Main Story,PC,6h
1005,Main Story,Mac,6h
1005,Main Story,PC,6h
1005,Main Story,PC,6h
1005,Main Story,PC,6h 05m
1005,Main Story,PC,6h 15m
1005,Main Story,PC,6h 21m
1005,Main Story,PC,6h 22m
1005,Main Story,PC,6h 25m
1005,Main Story,Amiga,6h 30m
1005,Main Story,PC,6h 49m
1005,Main Story,PC,7h
1005,Main Story,PC,7h
1005,Main Story,PC,7h 30m
1005,Main Story,PC,7h 39m
1005,Main Story,PC,8h
1005,Main Story,PC,8h
1005,Main Story,PC,9h
1005,Main Story,PC,9h 30m
1005,Main + Extras,PC,5h 06m
1005,Main + Extras,PC,6h
1005,Main + Extras,PC,6h 10m
1005,Main + Extras,PC,6h 10m
1005,Main + Extras,PC,6h 12m
1005,Main + Extras,PC,7h
1005,Main + Extras,PC,7h 12m
1005,Main + Extras,PC,8h
1005,Completionists,PC,5h
1005,Completionists,PC,5h 03m
1005,Completionists,PC,6h 11m
1005,Completionists,PC,6h 50m
1005,Completionists,PC,7h 02m
1005,Completionists,PC,8h 34m
1005,Completionists,PC,12h
1005,Completionists,PC,12h
