id,type,platform,time
10052,Main Story,NES,09m
10052,Main Story,NES,15m
10052,Main Story,Game Boy,20m
10052,Main Story,NES,25m
10052,Main Story,NES,27m
10052,Main Story,NES,28m
10052,Main Story,NES,29m
10052,Main Story,NES,30m
10052,Main Story,NES,30m
10052,Main Story,Game Boy,30m
10052,Main Story,NES,33m
10052,Main Story,NES,40m
10052,Main Story,NES,45m
10052,Main Story,NES,49m
10052,Main Story,NES,55m
10052,Main Story,NES,1h
10052,Main Story,NES,1h
10052,Main Story,NES,1h 30m
10052,Main + Extras,NES,45m
10052,Main + Extras,Super Nintendo,4h
10052,Completionists,Game Boy,20m
10052,Completionists,Game Boy,24m
10052,Completionists,NES,30m
