id,type,platform,time
10053,Main Story,PC,8h 45m
10053,Main Story,PC,9h
10053,Main Story,PC,9h 49m
10053,Main Story,PC,10h
10053,Main Story,PC,10h
10053,Main Story,PC,10h
10053,Main Story,PC,10h 18m
10053,Main Story,PC,10h 22m
10053,Main Story,PC,10h 42m
10053,Main Story,PC,11h 30m
10053,Main Story,PC,11h 30m
10053,Main Story,PC,11h 35m
10053,Main Story,PC,12h 02m
10053,Main Story,PC,12h 18m
10053,Main Story,PC,12h 43m
10053,Main Story,PC,12h 52m
10053,Main Story,PC,13h
10053,Main Story,PC,13h
10053,Main Story,NA,13h
10053,Main Story,PC,13h 10m
10053,Main Story,PC,13h 13m
10053,Main Story,PC,13h 24m
10053,Main Story,PC,14h
10053,Main Story,PC,14h
10053,Main Story,PC,14h
10053,Main Story,PC,14h 15m
10053,Main Story,PC,14h 19m
10053,Main Story,PC,14h 36m
10053,Main Story,PC,14h 44m
10053,Main Story,PC,14h 50m
10053,Main Story,PC,15h
10053,Main Story,PC,15h
10053,Main Story,PC,15h
10053,Main Story,PC,15h
10053,Main Story,PC,15h 22m
10053,Main Story,PC,15h 38m
10053,Main Story,PC,15h 45m
10053,Main Story,PC,16h
10053,Main Story,PC,16h
10053,Main Story,PC,16h
10053,Main Story,PC,16h
10053,Main Story,PC,16h
10053,Main Story,PC,16h
10053,Main Story,PC,16h 06m
10053,Main Story,PC,16h 30m
10053,Main Story,PC,16h 33m
10053,Main Story,PC,16h 33m
10053,Main Story,PC,16h 48m
10053,Main Story,PC,16h 51m
10053,Main Story,PC,17h
10053,Main Story,PC,17h
10053,Main Story,PC,17h
10053,Main Story,PC,17h
10053,Main Story,PC,17h
10053,Main Story,PC,17h
10053,Main Story,PC,17h
10053,Main Story,PC,17h
10053,Main Story,PC,17h
10053,Main Story,PC,17h
10053,Main Story,PC,17h
10053,Main Story,PC,17h 28m
10053,Main Story,PC,17h 35m
10053,Main Story,PC,18h
10053,Main Story,PC,18h
10053,Main Story,PC,18h
10053,Main Story,PC,18h
10053,Main Story,PC,18h
10053,Main Story,PC,18h
10053,Main Story,PC,18h
10053,Main Story,PC,18h
10053,Main Story,PC,19h
10053,Main Story,PC,19h
10053,Main Story,PC,19h
10053,Main Story,PC,19h
10053,Main Story,PC,19h 16m
10053,Main Story,PC,19h 30m
10053,Main Story,PC,19h 35m
10053,Main Story,PC,19h 40m
10053,Main Story,PC,20h
10053,Main Story,PC,20h
10053,Main Story,PC,20h
10053,Main Story,PC,20h 04m
10053,Main Story,PC,20h 18m
10053,Main Story,PC,21h
10053,Main Story,PC,21h
10053,Main Story,PC,21h
10053,Main Story,PC,21h 30m
10053,Main Story,PC,21h 40m
10053,Main Story,PC,21h 47m
10053,Main Story,PC,21h 54m
10053,Main Story,PC,22h
10053,Main Story,PC,22h
10053,Main Story,PC,22h
10053,Main Story,PC,22h 18m
10053,Main Story,PC,23h
10053,Main Story,PC,23h 42m
10053,Main Story,PC,23h 54m
10053,Main Story,PC,24h
10053,Main Story,PC,24h
10053,Main Story,PC,24h
10053,Main Story,PC,25h
10053,Main Story,PC,32h
10053,Main Story,PC,35h 20m
10053,Main Story,PC,38h 40m
10053,Main + Extras,PC,11h
10053,Main + Extras,PC,13h
10053,Main + Extras,PC,15h
10053,Main + Extras,PC,15h 11m
10053,Main + Extras,PC,15h 30m
10053,Main + Extras,PC,16h
10053,Main + Extras,PC,16h 55m
10053,Main + Extras,PC,18h
10053,Main + Extras,PC,18h 42m
10053,Main + Extras,PC,19h
10053,Main + Extras,PC,19h 30m
10053,Main + Extras,PC,19h 42m
10053,Main + Extras,PC,20h
10053,Main + Extras,PC,20h
10053,Main + Extras,PC,20h
10053,Main + Extras,PC,20h
10053,Main + Extras,PC,21h
10053,Main + Extras,PC,21h
10053,Main + Extras,PC,21h
10053,Main + Extras,PC,22h
10053,Main + Extras,PC,22h
10053,Main + Extras,PC,22h 14m
10053,Main + Extras,PC,22h 32m
10053,Main + Extras,PC,23h
10053,Main + Extras,PC,23h
10053,Main + Extras,PC,23h
10053,Main + Extras,PC,23h 34m
10053,Main + Extras,PC,24h
10053,Main + Extras,PC,25h
10053,Main + Extras,PC,25h
10053,Main + Extras,PC,25h
10053,Main + Extras,PC,26h 50m
10053,Main + Extras,PC,31h 17m
10053,Completionists,PC,13h
10053,Completionists,PC,15h
10053,Completionists,PC,15h
10053,Completionists,PC,15h 24m
10053,Completionists,PC,16h
10053,Completionists,PC,16h 30m
10053,Completionists,PC,17h 02m
10053,Completionists,PC,18h 38m
10053,Completionists,PC,18h 41m
10053,Completionists,PC,19h
10053,Completionists,PC,19h 30m
10053,Completionists,PC,19h 57m
10053,Completionists,PC,20h
10053,Completionists,PC,20h
10053,Completionists,PC,20h
10053,Completionists,PC,20h
10053,Completionists,PC,20h 15m
10053,Completionists,PC,20h 19m
10053,Completionists,PC,21h
10053,Completionists,PC,21h
10053,Completionists,PC,21h
10053,Completionists,PC,21h
10053,Completionists,PC,21h 10m
10053,Completionists,PC,21h 47m
10053,Completionists,PC,22h
10053,Completionists,PC,22h 15m
10053,Completionists,PC,22h 35m
10053,Completionists,PC,23h
10053,Completionists,PC,23h
10053,Completionists,PC,23h 50m
10053,Completionists,PC,24h
10053,Completionists,PC,25h 42m
10053,Completionists,PC,26h
10053,Completionists,PC,26h
10053,Completionists,PC,27h
10053,Completionists,PC,28h
10053,Completionists,PC,28h 50m
10053,Completionists,PC,30h
10053,Completionists,PC,40h
10053,Completionists,PC,40h 11m
