id,type,platform,time
10051,Main Story,Super Nintendo,25m
10051,Main Story,Sega Master System,31m
10051,Main Story,Sega Mega Drive/Genesis,1h
10051,Main Story,Sega Mega Drive/Genesis,1h 20m
10051,Main Story,Sega Mega Drive/Genesis,1h 34m
10051,Main Story,Super Nintendo,1h 45m
10051,Main Story,Super Nintendo,1h 49m
10051,Main Story,Super Nintendo,1h 50m
10051,Main Story,Super Nintendo,1h 54m
10051,Main Story,Sega Mega Drive/Genesis,1h 54m
10051,Main Story,Super Nintendo,1h 58m
10051,Main Story,Super Nintendo,2h
10051,Main Story,Super Nintendo,2h
10051,Main Story,Sega Mega Drive/Genesis,2h
10051,Main Story,Sega Mega Drive/Genesis,2h
10051,Main Story,Sega Mega Drive/Genesis,2h
10051,Main Story,Super Nintendo,2h
10051,Main Story,Sega Mega Drive/Genesis,2h
10051,Main Story,Super Nintendo,2h
10051,Main Story,Super Nintendo,2h
10051,Main Story,Sega Mega Drive/Genesis,2h 07m
10051,Main Story,Sega Mega Drive/Genesis,2h 19m
10051,Main Story,Sega Mega Drive/Genesis,2h 20m
10051,Main Story,Game Boy,2h 30m
10051,Main Story,Super Nintendo,2h 30m
10051,Main Story,Super Nintendo,2h 35m
10051,Main Story,Super Nintendo,3h
10051,Main Story,Game Boy,3h 21m
10051,Main Story,Game Boy,3h 37m
10051,Main Story,Sega Mega Drive/Genesis,4h
10051,Main Story,Super Nintendo,4h 17m
10051,Main Story,Super Nintendo,4h 20m
10051,Main + Extras,Super Nintendo,2h
10051,Main + Extras,Sega Mega Drive/Genesis,2h
10051,Main + Extras,Sega Mega Drive/Genesis,2h 28m
10051,Main + Extras,Sega Mega Drive/Genesis,2h 30m
10051,Main + Extras,Super Nintendo,2h 30m
10051,Main + Extras,Super Nintendo,3h
10051,Completionists,Sega Mega Drive/Genesis,52m
10051,Completionists,Super Nintendo,2h 20m
10051,Completionists,Sega Mega Drive/Genesis,2h 32m
10051,Completionists,Super Nintendo,3h
10051,Completionists,Super Nintendo,3h
10051,Completionists,Super Nintendo,3h
10051,Speed Run - Any%,Super Nintendo,16m
