id,type,platform,time
10063,Main Story,PC,8h 35m
10063,Main Story,PC,22h
10063,Main Story,PC,24h
10063,Main Story,PC,25h
10063,Main Story,PC,26h
10063,Main Story,PC,26h
10063,Main Story,PC,28h
10063,Main Story,NA,28h
10063,Main Story,PC,28h
10063,Main Story,PC,28h 25m
10063,Main Story,PC,30h
10063,Main Story,PC,30h
10063,Main Story,PC,30h
10063,Main Story,PC,30h
10063,Main Story,PC,30h
10063,Main Story,PC,34h 50m
10063,Main Story,PC,35h
10063,Main + Extras,PC,30h
10063,Main + Extras,PC,30h
10063,Main + Extras,PC,30h
10063,Main + Extras,PC,30h
10063,Main + Extras,PC,32h
10063,Main + Extras,PC,35h
10063,Main + Extras,PC,35h
10063,Main + Extras,PC,40h
10063,Completionists,PC,25h
10063,Completionists,PC,27h 10m
10063,Completionists,PC,33h 43m
10063,Completionists,PC,37h 15m
10063,Completionists,PC,40h
10063,Completionists,PC,45h
10063,Completionists,PC,45h
10063,Completionists,PC,50h
10063,Speed Run - Any%,PC,3h 52m
