id,type,platform,time
10064,Main Story,PC,5h 30m
10064,Main Story,NA,11h
10064,Main Story,Xbox 360,12h
10064,Main Story,PC,12h
10064,Main Story,Xbox 360,12h
10064,Main Story,PC,14h
10064,Main Story,PC,14h
10064,Main Story,Xbox 360,14h 30m
10064,Main Story,PC,15h
10064,Main Story,PC,15h
10064,Main Story,PC,15h
10064,Main Story,PC,15h
10064,Main Story,PC,16h
10064,Main Story,PC,16h
10064,Main Story,PC,21h 20m
10064,Main Story,Xbox 360,24h
10064,Main + Extras,PC,12h 18m
10064,Main + Extras,PC,15h
10064,Main + Extras,PC,16h 10m
10064,Main + Extras,PC,17h
10064,Main + Extras,PC,20h
10064,Main + Extras,PC,20h
10064,Main + Extras,Xbox 360,20h
10064,Main + Extras,PC,20h
10064,Main + Extras,Xbox 360,21h 15m
10064,Main + Extras,PC,30h
10064,Completionists,PC,12h 31m
10064,Completionists,PC,15h
10064,Completionists,PC,20h
10064,Completionists,PC,25h
10064,Completionists,PC,25h
10064,Completionists,Xbox 360,35h 20m
10064,Completionists,PC,40h
10064,Completionists,PC,50h
