id,type,platform,time
10060,Main Story,PSP,3h 31m
10060,Main Story,Nintendo 3DS,5h
10060,Main Story,Wii,5h 30m
10060,Main Story,Wii,6h
10060,Main Story,PSP,6h
10060,Main Story,PlayStation 3,6h
10060,Main Story,Wii,6h
10060,Main Story,PSP,6h 33m
10060,Main Story,PlayStation 3,7h
10060,Main + Extras,Nintendo 3DS,5h 30m
10060,Main + Extras,PlayStation 3,7h 04m
10060,Main + Extras,PlayStation 2,7h 04m
10060,Main + Extras,PlayStation 3,10h
10060,Main + Extras,PSP,10h
10060,Completionists,Nintendo 3DS,5h 31m
10060,Completionists,PlayStation 3,21h 54m
