id,type,platform,time
10061,Main Story,Xbox 360,4h
10061,Main Story,PlayStation 3,4h 15m
10061,Main Story,PC,4h 56m
10061,Main Story,Xbox 360,5h
10061,Main Story,Xbox 360,5h
10061,Main Story,PlayStation 3,5h 50m
10061,Main Story,NA,6h
10061,Main Story,Xbox 360,6h
10061,Main Story,PC,6h
10061,Main Story,PlayStation 3,6h
10061,Main Story,PC,6h
10061,Main Story,PlayStation 3,6h
10061,Main Story,Xbox 360,6h
10061,Main Story,PC,6h
10061,Main Story,PlayStation 3,6h
10061,Main Story,PC,6h
10061,Main Story,PC,6h
10061,Main Story,Xbox 360,6h
10061,Main Story,PC,6h
10061,Main Story,Xbox 360,6h 01m
10061,Main Story,PlayStation 3,6h 45m
10061,Main Story,PlayStation 3,6h 50m
10061,Main Story,PC,13h 08m
10061,Main + Extras,NA,5h
10061,Main + Extras,Xbox 360,5h 30m
10061,Main + Extras,Nintendo DS,6h 55m
10061,Main + Extras,PlayStation 3,7h
10061,Main + Extras,PlayStation 3,7h
10061,Main + Extras,PlayStation 3,7h 10m
10061,Main + Extras,Xbox 360,7h 30m
10061,Main + Extras,Xbox 360,8h
10061,Completionists,Xbox 360,8h 10m
10061,Completionists,PC,9h
10061,Completionists,PlayStation 3,10h
10061,Co-Op Multiplayer,PlayStation 3,10h
10061,Co-Op Multiplayer,Xbox 360,40h
