id,type,platform,time
10066,Main Story,PC,4h 23m
10066,Main Story,Xbox,5h
10066,Main Story,PC,5h
10066,Main Story,PlayStation 2,5h
10066,Main Story,Xbox,5h 15m
10066,Main Story,PC,5h 30m
10066,Main Story,PC,5h 34m
10066,Main Story,PC,5h 45m
10066,Main Story,PC,6h
10066,Main Story,PC,6h
10066,Main Story,PlayStation 2,6h 10m
10066,Main Story,Xbox,6h 20m
10066,Main Story,PC,8h 30m
10066,Main Story,Game Boy Advance,8h 50m
10066,Main + Extras,PC,6h
10066,Main + Extras,PC,7h
10066,Main + Extras,PC,12h
10066,Completionists,PC,8h
10066,Completionists,PC,8h
10066,Completionists,PC,8h 10m
10066,Completionists,Xbox,9h
