id,type,platform,time
10067,Main Story,Nintendo GameCube,2h 30m
10067,Main Story,Emulated,3h 02m
10067,Main Story,PlayStation 2,3h 44m
10067,Main Story,PlayStation 2,4h 21m
10067,Main Story,Nintendo GameCube,4h 38m
10067,Main Story,Nintendo GameCube,5h
10067,Main Story,Xbox,6h
10067,Main Story,PC,6h 10m
10067,Main Story,PlayStation 2,6h 15m
10067,Main Story,Game Boy Advance,6h 30m
10067,Main Story,Game Boy Advance,6h 50m
10067,Main Story,Game Boy Advance,7h
10067,Main Story,Nintendo GameCube,8h
10067,Main Story,PlayStation 2,8h
10067,Main Story,Nintendo GameCube,8h
10067,Main Story,Xbox,8h 30m
10067,Main Story,Nintendo GameCube,9h
10067,Main Story,PC,9h
10067,Main Story,PlayStation 2,9h
10067,Main Story,PC,9h
10067,Main Story,PC,9h
10067,Main Story,NA,9h
10067,Main Story,PlayStation 2,9h
10067,Main Story,PlayStation 2,9h
10067,Main Story,PlayStation 2,9h 12m
10067,Main Story,PlayStation 2,9h 15m
10067,Main Story,PC,9h 30m
10067,Main Story,PC,10h
10067,Main Story,PlayStation 2,10h
10067,Main Story,Nintendo GameCube,10h
10067,Main Story,PlayStation 2,10h
10067,Main Story,PlayStation 2,10h
10067,Main Story,PlayStation 2,10h
10067,Main Story,PC,10h
10067,Main Story,PC,10h
10067,Main Story,PlayStation 2,10h
10067,Main Story,PC,10h
10067,Main Story,NA,10h
10067,Main Story,Nintendo GameCube,10h
10067,Main Story,Nintendo GameCube,10h 23m
10067,Main Story,PlayStation 2,11h
10067,Main Story,PlayStation 2,12h
10067,Main Story,PlayStation 2,12h 10m
10067,Main Story,PC,12h 25m
10067,Main Story,PC,16h
10067,Main + Extras,PC,8h
10067,Main + Extras,PlayStation 2,9h 08m
10067,Main + Extras,PC,10h
10067,Main + Extras,PlayStation 2,10h
10067,Main + Extras,PlayStation 2,11h
10067,Main + Extras,Nintendo GameCube,12h
10067,Main + Extras,Xbox,12h 10m
10067,Main + Extras,PC,12h 57m
10067,Main + Extras,PC,13h
10067,Main + Extras,PlayStation 2,13h
10067,Main + Extras,PlayStation 2,13h
10067,Main + Extras,Nintendo GameCube,14h
10067,Main + Extras,Xbox,15h
10067,Main + Extras,Nintendo GameCube,15h
10067,Main + Extras,PlayStation 2,15h
10067,Main + Extras,PlayStation 2,18h
10067,Main + Extras,PC,19h 55m
10067,Main + Extras,Xbox,20h
10067,Completionists,PlayStation 2,6h 18m
10067,Completionists,PC,10h
10067,Completionists,Xbox,14h 25m
10067,Completionists,PlayStation 2,15h
10067,Completionists,Game Boy Advance,15h
10067,Completionists,PC,16h
10067,Completionists,PC,17h
10067,Completionists,PC,17h
10067,Completionists,PlayStation 2,17h
10067,Completionists,Xbox,18h
10067,Completionists,Nintendo GameCube,18h
10067,Completionists,PlayStation 2,19h
10067,Completionists,PC,20h
10067,Completionists,Nintendo GameCube,20h
10067,Completionists,Nintendo GameCube,20h
10067,Completionists,PlayStation 2,20h
10067,Completionists,PlayStation 2,20h
10067,Completionists,PlayStation 2,21h 17m
10067,Completionists,PC,22h 10m
10067,Completionists,PC,25h
10067,Completionists,PC,30h
10067,Completionists,PlayStation 2,30h
10067,Speed Run - Any%,PC,2h 39m 04s
10067,Co-Op Multiplayer,PC,5h
10067,Co-Op Multiplayer,PC,5h
10067,Co-Op Multiplayer,Nintendo GameCube,5h
10067,Co-Op Multiplayer,PlayStation 2,7h
10067,Co-Op Multiplayer,Nintendo GameCube,18h
10067,Co-Op Multiplayer,Xbox,20h
10067,Co-Op Multiplayer,Nintendo GameCube,30h
