id,type,platform,time
10068,Main Story,PlayStation 2,14h 25m
10068,Main Story,Xbox,16h
10068,Main Story,PlayStation 2,18h
10068,Main Story,PlayStation 2,20h
10068,Main Story,PlayStation 2,20h
10068,Main Story,PlayStation 2,20h 43m
10068,Main Story,Xbox,21h 30m
10068,Main Story,Nintendo GameCube,22h
10068,Main Story,PlayStation 2,22h 26m
10068,Main Story,PlayStation 2,25h
10068,Main Story,PlayStation 2,26h 30m
10068,Main Story,PlayStation 2,26h 30m
10068,Main Story,Nintendo GameCube,29h
10068,Main Story,NA,32h 14m
10068,Main + Extras,PlayStation 2,15h 45m
10068,Main + Extras,Nintendo GameCube,18h 34m
10068,Main + Extras,Nintendo GameCube,20h
10068,Main + Extras,NA,22h
10068,Main + Extras,Xbox,22h
10068,Main + Extras,PlayStation 2,22h
10068,Main + Extras,PlayStation 2,22h
10068,Main + Extras,PlayStation 2,22h 48m
10068,Main + Extras,Xbox,23h
10068,Main + Extras,NA,24h
10068,Main + Extras,Nintendo GameCube,24h 10m
10068,Main + Extras,Xbox,25h
10068,Main + Extras,PlayStation 2,27h
10068,Main + Extras,PlayStation 2,27h 35m
10068,Main + Extras,Nintendo GameCube,30h
10068,Main + Extras,PlayStation 2,32h 05m
10068,Completionists,PlayStation 2,16h 30m
10068,Completionists,PlayStation 2,18h 54m
10068,Completionists,PlayStation 2,20h 53m
10068,Completionists,PlayStation 2,20h 55m
10068,Completionists,PlayStation 2,22h 30m
10068,Completionists,Xbox,23h
10068,Completionists,Xbox,23h 10m
10068,Completionists,Xbox 360,24h
10068,Completionists,Game Boy Advance,24h
10068,Completionists,Nintendo GameCube,25h
10068,Completionists,Nintendo GameCube,25h
10068,Completionists,Xbox,34h 55m
