id,type,platform,time
10076,Main Story,Super Nintendo,8h
10076,Main Story,Super Nintendo,8h
10076,Main Story,Sega Mega Drive/Genesis,8h 42m
10076,Main Story,Super Nintendo,10h
10076,Main Story,Super Nintendo,10h
10076,Main Story,Sega Mega Drive/Genesis,10h
10076,Main Story,PC,10h 30m
10076,Main Story,Super Nintendo,12h
10076,Main Story,Super Nintendo,15h
10076,Main Story,Super Nintendo,15h
10076,Main Story,Sega Mega Drive/Genesis,15h
10076,Main Story,Sega Mega Drive/Genesis,16h
10076,Main + Extras,PC,8h
10076,Main + Extras,Super Nintendo,14h
10076,Main + Extras,Super Nintendo,15h
10076,Main + Extras,Super Nintendo,26h
10076,Completionists,Super Nintendo,6h 45m
10076,Completionists,Super Nintendo,14h 01m
10076,Completionists,Super Nintendo,18h
10076,Completionists,Super Nintendo,20h
10076,Completionists,PC,20h
10076,Completionists,Sega Mega Drive/Genesis,20h 10m
