id,type,platform,time
10071,Main Story,PC,5h
10071,Main Story,PlayStation 3,6h 43m
10071,Main Story,PC,7h 18m
10071,Main Story,PC,7h 42m
10071,Main Story,PlayStation 3,8h
10071,Main Story,PC,8h
10071,Main Story,PC,8h
10071,Main Story,PC,8h
10071,Main Story,PC,8h
10071,Main Story,PC,8h
10071,Main Story,PC,8h 18m
10071,Main Story,PC,8h 54m
10071,Main Story,PC,9h
10071,Main Story,PC,9h
10071,Main Story,PC,9h
10071,Main Story,PC,9h
10071,Main Story,PC,9h
10071,Main Story,PC,9h
10071,Main Story,PC,9h
10071,Main Story,PC,9h 12m
10071,Main Story,PC,9h 43m
10071,Main Story,PC,9h 50m
10071,Main Story,PC,9h 56m
10071,Main Story,PC,10h
10071,Main Story,PC,10h
10071,Main Story,Xbox 360,10h
10071,Main Story,PC,10h
10071,Main Story,PC,10h
10071,Main Story,PC,10h
10071,Main Story,PC,10h
10071,Main Story,PC,10h
10071,Main Story,PC,10h
10071,Main Story,PC,10h
10071,Main Story,PC,10h 24m
10071,Main Story,PC,10h 30m
10071,Main Story,PC,10h 30m
10071,Main Story,PC,11h
10071,Main Story,PC,11h
10071,Main Story,PC,11h
10071,Main Story,PC,11h
10071,Main Story,PC,11h
10071,Main Story,PC,11h
10071,Main Story,PC,11h
10071,Main Story,PC,11h 02m
10071,Main Story,PC,11h 07m
10071,Main Story,PC,11h 30m
10071,Main Story,PlayStation 3,11h 32m
10071,Main Story,PC,11h 42m
10071,Main Story,PC,11h 45m
10071,Main Story,PC,12h
10071,Main Story,PC,12h
10071,Main Story,PC,12h
10071,Main Story,PlayStation 3,12h
10071,Main Story,PC,12h
10071,Main Story,PC,12h
10071,Main Story,PC,12h
10071,Main Story,PC,12h
10071,Main Story,PC,12h
10071,Main Story,PlayStation 3,12h
10071,Main Story,PC,12h
10071,Main Story,Xbox 360,12h
10071,Main Story,PC,12h
10071,Main Story,PC,12h
10071,Main Story,PC,12h
10071,Main Story,Xbox 360,12h 09m
10071,Main Story,PC,12h 19m
10071,Main Story,PC,12h 21m
10071,Main Story,Xbox 360,12h 25m
10071,Main Story,Xbox 360,12h 30m
10071,Main Story,PC,12h 30m
10071,Main Story,PlayStation 3,12h 30m
10071,Main Story,PC,12h 30m
10071,Main Story,Mac,12h 35m
10071,Main Story,PC,12h 50m
10071,Main Story,PC,13h
10071,Main Story,PC,13h
10071,Main Story,PC,13h
10071,Main Story,PC,13h
10071,Main Story,PC,13h
10071,Main Story,PC,13h
10071,Main Story,PC,13h 06m
10071,Main Story,PlayStation 3,13h 22m
10071,Main Story,PC,13h 25m
10071,Main Story,PC,13h 30m
10071,Main Story,PC,13h 36m
10071,Main Story,PC,13h 59m
10071,Main Story,PC,14h
10071,Main Story,PC,14h
10071,Main Story,PlayStation 3,14h
10071,Main Story,PC,14h
10071,Main Story,PC,14h
10071,Main Story,PlayStation 3,14h 22m
10071,Main Story,PC,14h 54m
10071,Main Story,PC,15h
10071,Main Story,PC,15h
10071,Main Story,PC,15h
10071,Main Story,PlayStation 3,15h
10071,Main Story,PC,15h
10071,Main Story,PC,15h
10071,Main Story,PC,15h
10071,Main Story,PC,15h
10071,Main Story,Xbox 360,16h
10071,Main Story,PC,16h
10071,Main Story,PC,16h
10071,Main Story,PC,16h
10071,Main Story,PC,16h
10071,Main Story,PC,16h 36m
10071,Main Story,PC,17h
10071,Main Story,PC,17h
10071,Main Story,PlayStation 3,17h
10071,Main Story,Xbox 360,17h 11m
10071,Main Story,PC,17h 15m
10071,Main Story,PC,18h
10071,Main Story,Xbox 360,18h
10071,Main Story,PlayStation 3,18h 40m
10071,Main Story,Xbox 360,19h
10071,Main Story,PC,20h
10071,Main Story,PC,20h 40m
10071,Main + Extras,PC,8h 24m
10071,Main + Extras,PC,9h
10071,Main + Extras,PC,9h
10071,Main + Extras,PC,9h 08m
10071,Main + Extras,PlayStation 3,9h 40m
10071,Main + Extras,PC,10h
10071,Main + Extras,Xbox 360,10h
10071,Main + Extras,PC,10h 40m
10071,Main + Extras,PC,11h
10071,Main + Extras,Xbox 360,11h
10071,Main + Extras,PC,11h
10071,Main + Extras,PC,11h
10071,Main + Extras,PlayStation 3,11h 11m
10071,Main + Extras,PC,11h 32m
10071,Main + Extras,PC,11h 48m
10071,Main + Extras,PC,12h
10071,Main + Extras,PC,12h
10071,Main + Extras,PC,12h
10071,Main + Extras,PC,12h
10071,Main + Extras,PC,12h
10071,Main + Extras,PC,12h
10071,Main + Extras,PC,12h
10071,Main + Extras,PC,12h 18m
10071,Main + Extras,PlayStation 3,12h 23m
10071,Main + Extras,PC,12h 25m
10071,Main + Extras,PC,12h 30m
10071,Main + Extras,PC,12h 37m
10071,Main + Extras,PC,12h 37m
10071,Main + Extras,PlayStation 3,12h 58m
10071,Main + Extras,PC,13h
10071,Main + Extras,PC,13h
10071,Main + Extras,PC,13h
10071,Main + Extras,PC,13h
10071,Main + Extras,PC,13h 03m
10071,Main + Extras,PC,13h 30m
10071,Main + Extras,PC,13h 30m
10071,Main + Extras,Xbox 360,13h 30m
10071,Main + Extras,PC,13h 54m
10071,Main + Extras,Xbox 360,13h 55m
10071,Main + Extras,PC,14h
10071,Main + Extras,PC,14h
10071,Main + Extras,PC,14h
10071,Main + Extras,PC,14h
10071,Main + Extras,Xbox 360,14h
10071,Main + Extras,PC,14h
10071,Main + Extras,PC,14h 02m
10071,Main + Extras,PC,14h 10m
10071,Main + Extras,PC,14h 30m
10071,Main + Extras,PlayStation 3,14h 30m
10071,Main + Extras,PC,14h 38m
10071,Main + Extras,PC,14h 40m
10071,Main + Extras,PC,14h 48m
10071,Main + Extras,PC,15h
10071,Main + Extras,PC,15h
10071,Main + Extras,PC,15h
10071,Main + Extras,Xbox 360,15h
10071,Main + Extras,PC,15h
10071,Main + Extras,PC,15h
10071,Main + Extras,PC,15h
10071,Main + Extras,Xbox 360,15h
10071,Main + Extras,Xbox 360,15h
10071,Main + Extras,PC,15h
10071,Main + Extras,PC,15h 06m
10071,Main + Extras,PlayStation 3,15h 45m
10071,Main + Extras,PC,16h
10071,Main + Extras,PlayStation 3,16h
10071,Main + Extras,Xbox 360,16h
10071,Main + Extras,PlayStation 3,16h
10071,Main + Extras,PC,16h
10071,Main + Extras,PC,16h
10071,Main + Extras,PC,16h 04m
10071,Main + Extras,PC,16h 05m
10071,Main + Extras,PC,16h 24m
10071,Main + Extras,PC,16h 30m
10071,Main + Extras,PC,16h 30m
10071,Main + Extras,PC,17h
10071,Main + Extras,PC,17h
10071,Main + Extras,PC,17h
10071,Main + Extras,Xbox 360,17h
10071,Main + Extras,PC,17h
10071,Main + Extras,PC,17h 30m
10071,Main + Extras,PC,18h
10071,Main + Extras,PlayStation 3,18h
10071,Main + Extras,PC,18h
10071,Main + Extras,Xbox 360,18h
10071,Main + Extras,PC,18h
10071,Main + Extras,PC,18h 20m
10071,Main + Extras,PC,19h
10071,Main + Extras,PC,19h 22m
10071,Main + Extras,PlayStation 3,19h 25m
10071,Main + Extras,PC,20h
10071,Main + Extras,PlayStation 3,20h
10071,Main + Extras,PC,20h
10071,Main + Extras,PC,20h
10071,Main + Extras,PC,21h
10071,Main + Extras,Xbox 360,21h
10071,Main + Extras,PlayStation 3,21h 08m
10071,Main + Extras,PC,22h 12m
10071,Main + Extras,PC,22h 30m
10071,Main + Extras,PC,23h
10071,Main + Extras,PC,27h
10071,Main + Extras,PC,27h
10071,Main + Extras,PC,28h
10071,Main + Extras,PlayStation 3,28h
10071,Main + Extras,PC,35h
10071,Completionists,PC,17h
10071,Completionists,PC,17h 43m
10071,Completionists,Xbox 360,17h 58m
10071,Completionists,PC,19h
10071,Completionists,Xbox 360,20h
10071,Completionists,PC,21h
10071,Completionists,PC,25h
10071,Completionists,PlayStation 3,25h 41m
10071,Completionists,PC,26h
10071,Completionists,PlayStation 3,26h 42m
10071,Completionists,PC,27h
10071,Completionists,PlayStation 3,28h
10071,Completionists,PlayStation 3,30h
10071,Completionists,Xbox 360,30h
10071,Completionists,PC,30h
10071,Completionists,PC,31h
10071,Completionists,Xbox 360,34h
10071,Completionists,PC,34h
10071,Completionists,PC,35h
10071,Completionists,Xbox 360,35h
10071,Completionists,PC,41h
10071,Speed Run - Any%,PlayStation 3,4h 16m 21s
10071,Speed Run - Any%,PC,4h 41m 27s
10071,Co-Op Multiplayer,PC,6h
10071,Co-Op Multiplayer,PC,7h
10071,Co-Op Multiplayer,PlayStation 3,8h
10071,Co-Op Multiplayer,PC,8h
10071,Co-Op Multiplayer,PC,8h
10071,Co-Op Multiplayer,PC,10h
10071,Co-Op Multiplayer,PC,10h
10071,Co-Op Multiplayer,PC,10h
10071,Co-Op Multiplayer,PC,10h
10071,Co-Op Multiplayer,PC,11h
10071,Co-Op Multiplayer,PC,11h
10071,Co-Op Multiplayer,PC,11h
10071,Co-Op Multiplayer,PC,12h
10071,Co-Op Multiplayer,Xbox 360,12h
10071,Co-Op Multiplayer,PC,12h
10071,Co-Op Multiplayer,Xbox 360,12h
10071,Co-Op Multiplayer,PlayStation 3,12h
10071,Co-Op Multiplayer,PC,12h
10071,Co-Op Multiplayer,PC,13h
10071,Co-Op Multiplayer,PC,14h
10071,Co-Op Multiplayer,PC,14h
10071,Co-Op Multiplayer,PC,14h
10071,Co-Op Multiplayer,PC,15h
10071,Co-Op Multiplayer,PC,15h
10071,Co-Op Multiplayer,Xbox 360,15h
10071,Co-Op Multiplayer,Xbox 360,15h
10071,Co-Op Multiplayer,PC,15h
10071,Co-Op Multiplayer,PC,16h
10071,Co-Op Multiplayer,PC,16h
10071,Co-Op Multiplayer,PC,16h
10071,Co-Op Multiplayer,PC,17h
10071,Co-Op Multiplayer,PC,17h
10071,Co-Op Multiplayer,PC,17h
10071,Co-Op Multiplayer,PC,20h
10071,Co-Op Multiplayer,PC,21h
10071,Co-Op Multiplayer,PlayStation 3,26h
10071,Co-Op Multiplayer,Xbox 360,33h
