id,type,platform,time
10070,Main Story,Nintendo GameCube,2h 53m
10070,Main Story,PlayStation 2,3h
10070,Main Story,Nintendo GameCube,3h
10070,Main Story,PlayStation 2,3h 03m
10070,Main Story,Xbox,4h
10070,Main Story,PlayStation 2,4h 30m
10070,Main Story,PlayStation 2,4h 44m
10070,Main Story,PlayStation 2,5h
10070,Main Story,Nintendo GameCube,5h
10070,Main Story,PlayStation 2,5h 40m
10070,Main Story,PlayStation 2,6h
10070,Main Story,PlayStation 2,6h
10070,Main Story,PlayStation 2,6h
10070,Main Story,PlayStation 2,6h
10070,Main Story,PlayStation 2,6h
10070,Main Story,Game Boy Advance,6h
10070,Main Story,PlayStation 2,6h
10070,Main Story,Xbox,6h 02m
10070,Main Story,PlayStation 2,6h 30m
10070,Main Story,PlayStation 2,6h 30m
10070,Main Story,Nintendo GameCube,6h 39m
10070,Main Story,Nintendo GameCube,7h
10070,Main Story,Nintendo GameCube,7h
10070,Main Story,PlayStation 2,7h
10070,Main Story,PlayStation 2,7h
10070,Main Story,NA,7h
10070,Main Story,Xbox,7h
10070,Main Story,PlayStation 2,7h
10070,Main Story,PlayStation 2,7h 30m
10070,Main Story,PlayStation 2,7h 45m
10070,Main Story,PlayStation 2,8h
10070,Main Story,Xbox,8h
10070,Main Story,PlayStation 2,8h
10070,Main Story,PlayStation 2,8h
10070,Main Story,PlayStation 2,8h
10070,Main Story,PlayStation 2,8h 21m
10070,Main + Extras,Xbox,7h
10070,Main + Extras,PlayStation 2,7h
10070,Main + Extras,PlayStation 2,8h
10070,Main + Extras,PlayStation 2,8h
10070,Main + Extras,Nintendo GameCube,8h
10070,Main + Extras,PlayStation 2,8h
10070,Main + Extras,PlayStation 2,8h 23m
10070,Main + Extras,Xbox,8h 29m
10070,Main + Extras,PlayStation 2,10h
10070,Completionists,PlayStation 2,6h 58m
10070,Completionists,PlayStation 2,7h 30m
10070,Completionists,PlayStation 2,8h
10070,Completionists,Nintendo GameCube,10h
10070,Completionists,PlayStation 2,10h
10070,Completionists,Nintendo GameCube,10h
10070,Completionists,PlayStation 2,11h 53m
10070,Completionists,Xbox,13h
10070,Completionists,PlayStation 2,20h
10070,Completionists,Game Boy Advance,50h
10070,Co-Op Multiplayer,Xbox,8h
