id,type,platform,time
10088,Main Story,PlayStation 2,4h 31m
10088,Main Story,PlayStation 2,5h 09m
10088,Main Story,PlayStation 2,5h 30m
10088,Main Story,PlayStation 2,6h
10088,Main Story,PlayStation 2,6h 15m
10088,Main Story,PlayStation 2,6h 45m
10088,Main Story,PlayStation 2,7h 32m
10088,Main Story,PlayStation 2,8h
10088,Main Story,PlayStation 2,8h
10088,Main Story,PlayStation 2,8h
10088,Main Story,PlayStation 2,8h 25m
10088,Main + Extras,PlayStation 2,6h
10088,Main + Extras,PlayStation 2,8h
