id,type,platform,time
10097,Main Story,PC,59m
10097,Main Story,PC,2h
10097,Main Story,PC,2h
10097,Main Story,PC,2h
10097,Main Story,PC,2h
10097,Main Story,PC,2h 06m
10097,Main Story,PC,2h 06m
10097,Main Story,PC,2h 12m
10097,Main Story,PC,2h 26m
10097,Main Story,PC,2h 30m
10097,Main Story,PC,2h 48m
10097,Main Story,PC,2h 54m
10097,Main Story,NA,3h
10097,Main Story,PC,3h
10097,Main Story,PC,3h
10097,Main Story,PC,3h
10097,Main Story,PC,3h
10097,Main Story,PC,3h
10097,Main Story,PC,3h
10097,Main Story,PC,3h 05m
10097,Main Story,PC,3h 12m
10097,Main Story,PC,3h 12m
10097,Main Story,PC,3h 15m
10097,Main Story,PC,3h 27m
10097,Main Story,PC,3h 30m
10097,Main Story,PC,3h 30m
10097,Main Story,PC,3h 30m
10097,Main Story,NA,3h 35m
10097,Main Story,PC,3h 42m
10097,Main Story,NA,3h 50m
10097,Main Story,PC,3h 50m
10097,Main Story,NA,4h
10097,Main Story,PC,4h
10097,Main Story,PC,4h
10097,Main Story,PC,4h
10097,Main Story,PC,4h
10097,Main Story,Xbox 360,4h
10097,Main Story,Xbox 360,4h
10097,Main Story,PC,4h
10097,Main Story,PC,4h
10097,Main Story,PC,4h 06m
10097,Main Story,PC,4h 10m
10097,Main Story,PC,5h
10097,Main Story,PC,5h
10097,Main Story,PC,5h
10097,Main Story,PC,5h
10097,Main Story,PC,5h 24m
10097,Main + Extras,PC,1h 56m
10097,Main + Extras,PC,2h
10097,Main + Extras,PC,3h
10097,Main + Extras,PC,3h
10097,Main + Extras,PC,3h
10097,Main + Extras,PC,3h
10097,Main + Extras,NA,4h
10097,Main + Extras,PC,4h
10097,Main + Extras,PC,4h
10097,Main + Extras,PC,4h 06m
10097,Main + Extras,PC,4h 13m
10097,Main + Extras,PC,4h 30m
10097,Main + Extras,PC,4h 44m
10097,Main + Extras,PC,5h
10097,Main + Extras,Xbox 360,5h
10097,Main + Extras,PC,5h 12m
10097,Main + Extras,Xbox 360,5h 15m
10097,Main + Extras,PC,5h 18m
10097,Main + Extras,PC,5h 32m
10097,Main + Extras,PC,6h
10097,Main + Extras,PC,6h 05m
10097,Main + Extras,PC,7h
10097,Main + Extras,NA,7h
10097,Main + Extras,NA,8h
10097,Completionists,NA,4h
10097,Completionists,PC,5h
10097,Completionists,PC,5h 05m
10097,Completionists,Xbox 360,6h
10097,Completionists,PC,6h 30m
10097,Completionists,PC,7h 12m
10097,Completionists,PC,8h 48m
10097,Completionists,PC,9h
10097,Completionists,PC,9h
10097,Completionists,Xbox 360,10h
10097,Completionists,PC,11h
10097,Completionists,PC,11h
10097,Completionists,PC,12h
10097,Completionists,PC,13h
10097,Completionists,NA,15h
10097,Completionists,PC,15h
