id,type,platform,time
10098,Main Story,PlayStation,4h 45m
10098,Main Story,PlayStation,5h 01m
10098,Main Story,PlayStation,5h 22m
10098,Main Story,PSP,5h 33m
10098,Main Story,PlayStation 3,7h 42m
10098,Main Story,PlayStation,8h 32m
10098,Main Story,PlayStation,8h 48m
10098,Main Story,PlayStation,9h 53m
10098,Main Story,PlayStation,10h
10098,Main Story,PlayStation,12h
10098,Main Story,PlayStation,12h 35m
10098,Main + Extras,PlayStation,7h
10098,Main + Extras,PlayStation,8h 02m
10098,Main + Extras,PlayStation,8h 54m
10098,Main + Extras,PlayStation,8h 54m
10098,Main + Extras,PlayStation,9h 26m
10098,Main + Extras,PlayStation Vita,9h 30m
10098,Main + Extras,PlayStation,10h 08m
10098,Main + Extras,PlayStation,10h 24m
10098,Main + Extras,PlayStation,10h 52m
10098,Main + Extras,PlayStation 3,11h 10m
10098,Main + Extras,PlayStation,12h 45m
10098,Main + Extras,PlayStation,13h
10098,Main + Extras,PlayStation 3,13h
10098,Main + Extras,PlayStation,15h 12m
10098,Completionists,PlayStation,8h 43m
10098,Completionists,PlayStation 3,10h 52m
