id,type,platform,time
10091,Main Story,PC,2h
10091,Main Story,PC,2h 05m
10091,Main Story,Xbox 360,2h 05m
10091,Main Story,PC,2h 06m
10091,Main Story,Xbox 360,2h 09m
10091,Main Story,PC,2h 11m
10091,Main Story,PC,2h 18m
10091,Main Story,Xbox 360,2h 20m
10091,Main Story,PC,2h 42m
10091,Main Story,Xbox 360,2h 45m
10091,Main Story,Xbox 360,2h 50m
10091,Main Story,PC,2h 56m
10091,Main Story,PC,3h
10091,Main Story,PC,3h
10091,Main Story,PC,3h
10091,Main Story,Xbox 360,3h
10091,Main Story,PC,3h
10091,Main Story,Xbox 360,3h
10091,Main Story,PC,3h
10091,Main Story,Xbox 360,3h
10091,Main Story,Xbox 360,3h
10091,Main Story,PC,3h
10091,Main Story,Xbox 360,4h
10091,Main Story,Xbox One,4h
10091,Main Story,PC,4h 06m
10091,Main Story,PC,4h 30m
10091,Main Story,Xbox 360,5h
10091,Main Story,PC,5h 24m
10091,Main + Extras,Xbox 360,2h 17m
10091,Main + Extras,Xbox 360,2h 28m
10091,Main + Extras,PC,2h 30m
10091,Main + Extras,Xbox 360,3h
10091,Main + Extras,PC,3h
10091,Main + Extras,PC,3h
10091,Main + Extras,PC,3h 06m
10091,Main + Extras,PC,3h 16m
10091,Main + Extras,PC,3h 20m
10091,Main + Extras,Xbox 360,3h 30m
10091,Main + Extras,PC,3h 35m
10091,Main + Extras,PC,3h 44m
10091,Main + Extras,PC,3h 49m
10091,Main + Extras,PC,4h
10091,Main + Extras,PC,4h
10091,Main + Extras,PC,4h
10091,Main + Extras,PC,4h 02m
10091,Main + Extras,PC,4h 24m
10091,Main + Extras,Xbox 360,4h 30m
10091,Main + Extras,PC,4h 48m
10091,Main + Extras,PC,5h 45m
10091,Main + Extras,Xbox 360,8h
10091,Completionists,Xbox 360,2h
10091,Completionists,PC,3h 30m
10091,Completionists,Xbox 360,3h 55m
10091,Completionists,Xbox 360,4h
10091,Completionists,PC,4h
10091,Completionists,PC,4h 24m
10091,Completionists,Xbox 360,4h 30m
10091,Completionists,Xbox 360,4h 31m
10091,Completionists,PC,4h 35m
10091,Completionists,PC,4h 40m
10091,Completionists,Xbox 360,5h
10091,Completionists,Xbox 360,5h
10091,Completionists,Xbox 360,5h
10091,Completionists,PC,5h 08m
10091,Completionists,PC,5h 50m
10091,Completionists,Xbox 360,6h
10091,Completionists,Xbox 360,6h
10091,Completionists,Xbox 360,6h
10091,Completionists,PC,7h 36m
10091,Completionists,Xbox 360,9h 30m
