id,type,platform,time
10090,Main Story,PlayStation 2,8h
10090,Main Story,PlayStation 2,8h
10090,Main Story,PC,8h
10090,Main Story,PlayStation 2,8h 53m
10090,Main Story,Xbox,9h
10090,Main Story,PlayStation 2,9h
10090,Main Story,PC,9h
10090,Main Story,PlayStation 2,9h
10090,Main Story,PlayStation 2,9h
10090,Main Story,PC,9h
10090,Main Story,NA,9h
10090,Main Story,PlayStation 2,9h
10090,Main Story,PlayStation 2,9h 35m
10090,Main Story,PC,9h 43m
10090,Main Story,PC,10h
10090,Main Story,PC,10h
10090,Main Story,Xbox,10h 48m
10090,Main Story,PC,12h
10090,Main Story,PC,12h 23m
10090,Main + Extras,PC,9h 16m
10090,Main + Extras,PC,10h
10090,Main + Extras,Xbox,10h
10090,Main + Extras,PlayStation 2,10h 20m
10090,Main + Extras,PC,11h
10090,Main + Extras,PC,11h 45m
10090,Main + Extras,PC,14h
10090,Completionists,PC,14h
10090,Completionists,PC,14h 45m
10090,Completionists,PlayStation 2,15h
