id,type,platform,time
10109,Main Story,PC,4h 08m
10109,Main Story,PC,6h
10109,Main Story,PC,6h
10109,Main Story,PC,7h
10109,Main Story,PC,7h
10109,Main Story,PC,8h
10109,Main Story,PC,8h
10109,Main Story,PC,8h
10109,Main Story,PC,8h
10109,Main Story,PC,8h
10109,Main Story,PC,8h
10109,Main Story,PC,9h 08m
10109,Main Story,PC,20h
10109,Main + Extras,PC,7h 30m
10109,Main + Extras,PC,8h 20m
10109,Main + Extras,PC,11h
10109,Completionists,PC,8h
10109,Completionists,PC,8h
10109,Speed Run - Any%,PC,2h 50m
10109,Speed Run - Any%,PC,3h 06m 08s
10109,Speed Run - 100%,PC,1h 45m
