id,type,platform,time
10113,Main Story,PC,4h
10113,Main Story,PC,4h
10113,Main Story,PC,4h 30m
10113,Main Story,PC,4h 30m
10113,Main Story,PC,4h 46m
10113,Main Story,NA,4h 48m
10113,Main Story,PC,5h
10113,Main Story,PC,5h
10113,Main Story,PC,5h
10113,Main Story,PC,5h 24m
10113,Main Story,PC,5h 30m
10113,Main Story,PC,5h 36m
10113,Main Story,NA,5h 45m
10113,Main Story,PC,5h 54m
10113,Main Story,PC,6h
10113,Main Story,PC,7h
10113,Main Story,PC,7h 20m
10113,Main Story,PC,7h 25m
10113,Main Story,PC,7h 30m
10113,Main Story,PC,7h 39m
10113,Main Story,PC,7h 48m
10113,Main Story,PC,8h
10113,Main Story,PC,8h
10113,Main Story,PC,8h 32m
10113,Main Story,PC,8h 35m
10113,Main Story,PC,10h
10113,Main + Extras,PC,6h 46m
10113,Main + Extras,PC,7h
10113,Main + Extras,PC,10h
10113,Completionists,PC,2h 40m
10113,Completionists,PC,4h 12m
10113,Completionists,PC,5h 43m
10113,Completionists,PC,6h
10113,Completionists,PC,6h 50m
10113,Completionists,PC,7h
10113,Completionists,PC,7h 40m
10113,Completionists,PC,9h
10113,Completionists,PC,9h
10113,Completionists,PC,9h 59m
10113,Completionists,NA,10h
10113,Completionists,PC,11h 30m
10113,Completionists,PC,12h
