id,type,platform,time
10123,Main Story,PC,25m
10123,Main Story,Emulated,30m
10123,Main Story,PC,36m
10123,Main Story,PC,45m
10123,Main Story,PC,52m
10123,Main Story,Apple II,1h
10123,Main Story,PC,1h
10123,Main Story,PC,1h
10123,Main Story,PC,1h 12m
10123,Main Story,PC,1h 14m
10123,Main Story,PC,1h 20m
10123,Main Story,PC,1h 30m
10123,Main Story,PC,1h 47m
10123,Main Story,PC,2h
10123,Main Story,PC,2h
10123,Main Story,PC,2h 18m
10123,Main Story,PC,2h 35m
10123,Main + Extras,PC,1h
10123,Speed Run - Any%,PC,21m
