id,type,platform,time
10121,Main Story,PC,8h
10121,Main Story,PC,8h
10121,Main Story,PC,9h
10121,Main Story,PC,9h 10m
10121,Main Story,PC,9h 54m
10121,Main Story,PC,10h
10121,Main Story,PC,10h 15m
10121,Main Story,PC,11h
10121,Main Story,PC,11h 19m
10121,Main Story,PC,12h
10121,Main Story,PC,12h
10121,Main Story,NA,12h 40m
10121,Main Story,PC,12h 50m
10121,Main Story,PC,13h
10121,Main Story,PC,13h
10121,Main Story,PC,13h
10121,Main Story,PC,13h
10121,Main Story,PC,13h
10121,Main Story,PC,13h 33m
10121,Main Story,PC,14h
10121,Main Story,PC,14h
10121,Main Story,PC,14h
10121,Main Story,PC,14h
10121,Main Story,PC,14h
10121,Main Story,PC,15h
10121,Main Story,PC,15h
10121,Main Story,PC,16h
10121,Main Story,PC,18h 30m
10121,Main Story,PC,18h 45m
10121,Main + Extras,NA,11h
10121,Main + Extras,PC,11h 52m
10121,Main + Extras,NA,12h
10121,Main + Extras,PC,12h 12m
10121,Main + Extras,PC,13h
10121,Main + Extras,PC,14h
10121,Main + Extras,PC,14h 30m
10121,Main + Extras,PC,15h
10121,Main + Extras,PC,15h
10121,Main + Extras,PC,15h
10121,Main + Extras,PC,15h
10121,Main + Extras,PC,15h
10121,Main + Extras,PC,15h 11m
10121,Main + Extras,PC,15h 14m
10121,Main + Extras,PC,19h
10121,Main + Extras,PC,19h 23m
10121,Main + Extras,PC,20h 44m
10121,Main + Extras,PC,26h 15m
10121,Main + Extras,PlayStation 2,28h 25m
10121,Completionists,PC,18h
10121,Completionists,PC,21h
10121,Completionists,PC,28h 20m
