id,type,platform,time
10128,Main Story,PC,36m
10128,Main Story,PC,1h
10128,Main Story,PC,2h
10128,Main Story,PC,2h
10128,Main Story,PC,2h 30m
10128,Main Story,PC,2h 30m
10128,Main Story,PC,2h 48m
10128,Main Story,NA,2h 50m
10128,Main Story,PC,2h 56m
10128,Main Story,PC,3h
10128,Main Story,PC,3h
10128,Main Story,PC,3h
10128,Main Story,PC,3h
10128,Main Story,PC,3h
10128,Main Story,PC,3h
10128,Main Story,PC,3h
10128,Main Story,PC,3h 02m
10128,Main Story,PC,3h 30m
10128,Main Story,PC,3h 35m
10128,Main Story,PC,3h 48m
10128,Main Story,PC,6h
10128,Main + Extras,PC,1h
10128,Main + Extras,PC,2h
10128,Main + Extras,NA,2h 42m
10128,Main + Extras,PC,2h 43m
10128,Main + Extras,PC,2h 48m
10128,Main + Extras,PC,3h
10128,Main + Extras,PC,3h 18m
10128,Main + Extras,PC,3h 55m
10128,Main + Extras,PC,3h 55m
10128,Main + Extras,PC,4h
10128,Main + Extras,NA,4h
10128,Main + Extras,PC,4h 08m
10128,Main + Extras,PC,5h
10128,Completionists,NA,3h
10128,Completionists,PC,3h 05m
10128,Completionists,NA,4h
10128,Completionists,NA,6h
10128,Completionists,PC,6h
10128,Completionists,PC,7h 30m
10128,Completionists,PC,8h
10128,Completionists,PC,9h
