id,type,platform,time
10122,Main Story,Xbox 360,17h 24m
10122,Main Story,Xbox 360,18h
10122,Main Story,Xbox 360,18h 25m
10122,Main Story,Xbox 360,19h 12m
10122,Main Story,Xbox 360,20h
10122,Main Story,PlayStation 3,21h 16m
10122,Main Story,PC,22h
10122,Main Story,Xbox 360,26h 51m
10122,Main Story,PlayStation 3,27h
10122,Main Story,Xbox 360,27h
10122,Main Story,Xbox 360,27h
10122,Main Story,PlayStation 3,28h
10122,Main Story,Xbox 360,28h 30m
10122,Main Story,Xbox 360,29h
10122,Main Story,Xbox 360,30h
10122,Main Story,PC,30h
10122,Main Story,PlayStation 3,30h
10122,Main Story,Xbox 360,30h
10122,Main Story,PlayStation 3,30h
10122,Main Story,PlayStation 3,30h 21m
10122,Main Story,PlayStation 3,35h
10122,Main + Extras,Xbox 360,21h
10122,Main + Extras,Xbox 360,21h
10122,Main + Extras,Xbox 360,23h
10122,Main + Extras,PC,25h
10122,Main + Extras,Xbox 360,25h
10122,Main + Extras,Xbox 360,25h
10122,Main + Extras,PC,25h
10122,Main + Extras,PC,27h
10122,Main + Extras,Xbox 360,27h
10122,Main + Extras,Xbox 360,29h
10122,Main + Extras,Xbox 360,29h 26m
10122,Main + Extras,Xbox 360,30h
10122,Main + Extras,PlayStation 3,30h
10122,Main + Extras,Xbox 360,30h
10122,Main + Extras,Xbox 360,32h
10122,Completionists,Xbox 360,45h
10122,Completionists,Xbox 360,50h
10122,Completionists,Xbox 360,59h
10122,Completionists,Xbox 360,196h
