id,type,platform,time
10139,Main Story,Arcade,35m
10139,Main Story,Arcade,40m
10139,Main Story,Arcade,42m
10139,Main Story,Arcade,44m
10139,Main Story,Arcade,45m
10139,Main Story,Neo Geo,55m
10139,Main Story,Arcade,1h
10139,Main Story,Sega Mega Drive/Genesis,1h
10139,Main Story,Sega Mega Drive/Genesis,1h
10139,Main Story,Arcade,1h
10139,Main Story,Arcade,1h
10139,Main Story,Sega Mega Drive/Genesis,1h
10139,Main Story,Sega Mega Drive/Genesis,1h 06m
10139,Main Story,Sega Mega Drive/Genesis,1h 07m
10139,Main Story,Emulated,1h 15m
10139,Main Story,Arcade,1h 24m
10139,Main Story,Sega Mega Drive/Genesis,1h 30m
10139,Main Story,Sega Mega Drive/Genesis,1h 40m
10139,Main Story,Arcade,3h 10m
10139,Main + Extras,Sega Mega Drive/Genesis,1h
10139,Main + Extras,Arcade,2h
10139,Completionists,Arcade,1h 56m
10139,Completionists,Arcade,2h
10139,Completionists,Arcade,3h 34m
10139,Completionists,Sega Mega Drive/Genesis,6h
10139,Co-Op Multiplayer,Sega Mega Drive/Genesis,1h
10139,Co-Op Multiplayer,Arcade,1h
