id,type,platform,time
10140,Main Story,PC,5h 57m
10140,Main Story,PlayStation 2,6h 25m
10140,Main Story,PC,7h
10140,Main Story,PC,7h 07m
10140,Main Story,Xbox,8h
10140,Main Story,Xbox,8h
10140,Main Story,PC,8h 34m
10140,Main Story,PC,9h
10140,Main Story,PC,9h
10140,Main Story,Xbox,9h 40m
10140,Main Story,PC,10h
10140,Main Story,PC,10h
10140,Main Story,PC,10h
10140,Main Story,PC,10h
10140,Main Story,PlayStation 2,10h
10140,Main Story,PC,10h
10140,Main Story,PC,10h
10140,Main Story,PC,10h
10140,Main Story,PC,10h
10140,Main Story,PC,10h 05m
10140,Main Story,PlayStation 2,10h 11m
10140,Main Story,PC,10h 28m
10140,Main Story,PlayStation 2,10h 30m
10140,Main Story,PC,11h
10140,Main Story,PlayStation 2,12h
10140,Main Story,PC,12h 24m
10140,Main Story,PC,20h
10140,Main + Extras,PC,10h
10140,Main + Extras,PC,10h
10140,Main + Extras,PlayStation 2,10h
10140,Main + Extras,PC,11h
10140,Main + Extras,PC,11h
10140,Main + Extras,PC,12h 20m
10140,Completionists,PC,14h
10140,Completionists,PC,17h
10140,Completionists,PC,17h
10140,Completionists,PC,20h
10140,Completionists,PC,24h
