id,type,platform,time
10149,Main Story,Sega Mega Drive/Genesis,45m
10149,Main Story,Sega Mega Drive/Genesis,1h 21m
10149,Main Story,Sega Mega Drive/Genesis,1h 30m
10149,Main Story,PC,1h 30m
10149,Main Story,PC,1h 33m
10149,Main Story,Sega Mega Drive/Genesis,1h 34m
10149,Main Story,Sega Mega Drive/Genesis,1h 34m
10149,Main Story,Sega Mega Drive/Genesis,1h 38m
10149,Main Story,Sega Mega Drive/Genesis,1h 40m
10149,Main Story,Sega Mega Drive/Genesis,1h 41m
10149,Main Story,Sega Mega Drive/Genesis,1h 45m
10149,Main Story,Sega Mega Drive/Genesis,1h 50m
10149,Main Story,Sega Mega Drive/Genesis,2h
10149,Main Story,Sega Mega Drive/Genesis,2h
10149,Main Story,Sega Mega Drive/Genesis,2h 04m
10149,Main Story,PC,2h 45m
10149,Main Story,PC,3h 08m
10149,Main Story,Sega Mega Drive/Genesis,6h
10149,Main + Extras,Sega Mega Drive/Genesis,1h 20m
10149,Main + Extras,Sega Mega Drive/Genesis,1h 30m
10149,Main + Extras,Sega Mega Drive/Genesis,2h
10149,Main + Extras,Sega Mega Drive/Genesis,2h 01m
10149,Completionists,Sega Mega Drive/Genesis,44m
10149,Completionists,Sega Mega Drive/Genesis,1h 12m
