id,type,platform,time
10153,Main Story,PC,1h 30m
10153,Main Story,PC,1h 30m
10153,Main Story,PC,1h 30m
10153,Main Story,Nintendo Switch,1h 30m
10153,Main Story,PC,1h 35m
10153,Main Story,iOS,1h 45m
10153,Main Story,PC,1h 46m
10153,Main Story,PC,1h 46m
10153,Main Story,PC,1h 47m
10153,Main Story,PC,1h 50m
10153,Main Story,PC,1h 58m
10153,Main Story,PC,1h 58m
10153,Main Story,iOS,2h
10153,Main Story,iOS,2h
10153,Main Story,PC,2h
10153,Main Story,PC,2h
10153,Main Story,PC,2h
10153,Main Story,PC,2h
10153,Main Story,PC,2h
10153,Main Story,PC,2h
10153,Main Story,PC,2h
10153,Main Story,PC,2h
10153,Main Story,PC,2h
10153,Main Story,PC,2h
10153,Main Story,PC,2h
10153,Main Story,PC,2h
10153,Main Story,PC,2h
10153,Main Story,PC,2h
10153,Main Story,PC,2h
10153,Main Story,PC,2h
10153,Main Story,PC,2h
10153,Main Story,PC,2h
10153,Main Story,PC,2h
10153,Main Story,PC,2h
10153,Main Story,Android,2h
10153,Main Story,PC,2h
10153,Main Story,PC,2h
10153,Main Story,iOS,2h
10153,Main Story,PC,2h
10153,Main Story,PC,2h
10153,Main Story,PC,2h
10153,Main Story,PC,2h
10153,Main Story,Android,2h 02m
10153,Main Story,Android,2h 02m
10153,Main Story,PC,2h 03m
10153,Main Story,PC,2h 05m
10153,Main Story,PC,2h 06m
10153,Main Story,iOS,2h 07m
10153,Main Story,PC,2h 07m
10153,Main Story,Android,2h 10m
10153,Main Story,PC,2h 10m
10153,Main Story,PC,2h 11m
10153,Main Story,PC,2h 12m
10153,Main Story,PC,2h 13m
10153,Main Story,PC,2h 13m
10153,Main Story,PC,2h 14m
10153,Main Story,PC,2h 15m
10153,Main Story,iOS,2h 15m
10153,Main Story,PC,2h 15m
10153,Main Story,iOS,2h 15m
10153,Main Story,Android,2h 15m
10153,Main Story,PC,2h 17m
10153,Main Story,PC,2h 18m
10153,Main Story,PC,2h 18m
10153,Main Story,PC,2h 18m
10153,Main Story,PC,2h 20m
10153,Main Story,PC,2h 20m
10153,Main Story,Android,2h 20m
10153,Main Story,PC,2h 24m
10153,Main Story,PC,2h 25m
10153,Main Story,iOS,2h 27m
10153,Main Story,iOS,2h 29m
10153,Main Story,Android,2h 30m
10153,Main Story,Android,2h 30m
10153,Main Story,PC,2h 30m
10153,Main Story,PC,2h 30m
10153,Main Story,PC,2h 30m
10153,Main Story,PC,2h 30m
10153,Main Story,iOS,2h 30m
10153,Main Story,iOS,2h 30m
10153,Main Story,Android,2h 30m
10153,Main Story,PC,2h 30m
10153,Main Story,PC,2h 30m
10153,Main Story,iOS,2h 30m
10153,Main Story,PC,2h 34m
10153,Main Story,PC,2h 35m
10153,Main Story,PC,2h 37m
10153,Main Story,PC,2h 38m
10153,Main Story,PC,2h 40m
10153,Main Story,PC,2h 40m
10153,Main Story,PC,2h 40m
10153,Main Story,Android,2h 40m
10153,Main Story,PC,2h 40m
10153,Main Story,PC,2h 45m
10153,Main Story,PC,2h 48m
10153,Main Story,PC,2h 48m
10153,Main Story,PC,2h 50m
10153,Main Story,PC,2h 51m
10153,Main Story,PC,2h 54m
10153,Main Story,PC,3h
10153,Main Story,PC,3h
10153,Main Story,PC,3h
10153,Main Story,PC,3h
10153,Main Story,PC,3h
10153,Main Story,PC,3h
10153,Main Story,PC,3h
10153,Main Story,PC,3h
10153,Main Story,PC,3h
10153,Main Story,PC,3h
10153,Main Story,PC,3h
10153,Main Story,PC,3h
10153,Main Story,Android,3h
10153,Main Story,PC,3h
10153,Main Story,PC,3h
10153,Main Story,PC,3h
10153,Main Story,PC,3h
10153,Main Story,PC,3h
10153,Main Story,iOS,3h
10153,Main Story,PC,3h
10153,Main Story,PC,3h
10153,Main Story,Android,3h
10153,Main Story,Android,3h 02m
10153,Main Story,Mobile,3h 03m
10153,Main Story,iOS,3h 15m
10153,Main Story,PC,3h 21m
10153,Main Story,PC,3h 23m
10153,Main Story,PC,3h 28m
10153,Main Story,PC,3h 30m
10153,Main Story,Android,3h 30m
10153,Main Story,PC,3h 30m
10153,Main Story,PC,3h 34m
10153,Main Story,PC,3h 51m
10153,Main Story,PC,4h
10153,Main Story,PC,4h
10153,Main Story,PC,4h
10153,Main Story,PC,4h
10153,Main Story,PC,4h
10153,Main Story,PC,4h
10153,Main Story,Android,4h
10153,Main Story,PC,4h 12m
10153,Main Story,PC,4h 25m
10153,Main Story,PC,4h 30m
10153,Main Story,PC,5h
10153,Main Story,PC,6h
10153,Main Story,iOS,8h
10153,Main + Extras,PC,1h 50m
10153,Main + Extras,PC,2h
10153,Main + Extras,PC,2h
10153,Main + Extras,Android,2h
10153,Main + Extras,PC,2h
10153,Main + Extras,PC,2h
10153,Main + Extras,PC,2h 20m
10153,Main + Extras,iOS,2h 30m
10153,Main + Extras,iOS,2h 30m
10153,Main + Extras,iOS,2h 30m
10153,Main + Extras,PC,2h 35m
10153,Main + Extras,PC,2h 39m
10153,Main + Extras,PC,2h 45m
10153,Main + Extras,Android,3h
10153,Main + Extras,PC,3h
10153,Main + Extras,PC,3h 01m
10153,Main + Extras,PC,3h 01m
10153,Main + Extras,PC,3h 05m
10153,Main + Extras,PC,3h 09m
10153,Main + Extras,PC,3h 26m
10153,Main + Extras,Android,3h 30m
10153,Main + Extras,PC,3h 30m
10153,Completionists,PC,1h 29m
10153,Completionists,PC,1h 30m
10153,Completionists,PC,1h 30m
10153,Completionists,PC,1h 30m
10153,Completionists,PC,1h 32m
10153,Completionists,PC,1h 34m
10153,Completionists,PC,1h 35m
10153,Completionists,PC,1h 36m
10153,Completionists,PC,1h 36m
10153,Completionists,PC,1h 38m
10153,Completionists,PC,1h 39m
10153,Completionists,PC,1h 43m
10153,Completionists,PC,1h 43m
10153,Completionists,PC,1h 43m
10153,Completionists,PC,1h 47m
10153,Completionists,Ouya,1h 47m
10153,Completionists,PC,1h 50m
10153,Completionists,PC,1h 50m
10153,Completionists,PC,1h 51m
10153,Completionists,PC,1h 52m
10153,Completionists,PC,1h 55m
10153,Completionists,PC,1h 55m
10153,Completionists,PC,1h 57m
10153,Completionists,iOS,2h
10153,Completionists,PC,2h
10153,Completionists,PC,2h
10153,Completionists,PC,2h
10153,Completionists,PC,2h
10153,Completionists,PC,2h
10153,Completionists,PC,2h
10153,Completionists,PC,2h
10153,Completionists,PC,2h
10153,Completionists,PC,2h
10153,Completionists,PC,2h
10153,Completionists,PC,2h
10153,Completionists,PC,2h
10153,Completionists,iOS,2h
10153,Completionists,PC,2h
10153,Completionists,PC,2h
10153,Completionists,PC,2h
10153,Completionists,PC,2h
10153,Completionists,PC,2h
10153,Completionists,Android,2h
10153,Completionists,PC,2h
10153,Completionists,PC,2h
10153,Completionists,PC,2h
10153,Completionists,PC,2h
10153,Completionists,PC,2h
10153,Completionists,PC,2h
10153,Completionists,PC,2h
10153,Completionists,PC,2h 01m
10153,Completionists,PC,2h 05m
10153,Completionists,PC,2h 06m
10153,Completionists,PC,2h 06m
10153,Completionists,PC,2h 08m
10153,Completionists,PC,2h 09m
10153,Completionists,PC,2h 09m
10153,Completionists,PC,2h 09m
10153,Completionists,PC,2h 10m
10153,Completionists,Android,2h 10m
10153,Completionists,PC,2h 10m
10153,Completionists,PC,2h 12m
10153,Completionists,PC,2h 12m
10153,Completionists,PC,2h 12m
10153,Completionists,PC,2h 12m
10153,Completionists,PC,2h 12m
10153,Completionists,PC,2h 12m
10153,Completionists,PC,2h 12m
10153,Completionists,PC,2h 12m
10153,Completionists,PC,2h 14m
10153,Completionists,PC,2h 15m
10153,Completionists,PC,2h 15m
10153,Completionists,PC,2h 15m
10153,Completionists,PC,2h 16m
10153,Completionists,PC,2h 18m
10153,Completionists,PC,2h 20m
10153,Completionists,iOS,2h 20m
10153,Completionists,PC,2h 20m
10153,Completionists,PC,2h 22m
10153,Completionists,PC,2h 23m
10153,Completionists,PC,2h 23m
10153,Completionists,PC,2h 24m
10153,Completionists,PC,2h 24m
10153,Completionists,PC,2h 24m
10153,Completionists,PC,2h 24m
10153,Completionists,PC,2h 24m
10153,Completionists,PC,2h 25m
10153,Completionists,PC,2h 25m
10153,Completionists,PC,2h 26m
10153,Completionists,PC,2h 26m
10153,Completionists,PC,2h 26m
10153,Completionists,PC,2h 29m
10153,Completionists,Android,2h 30m
10153,Completionists,PC,2h 30m
10153,Completionists,PC,2h 30m
10153,Completionists,PC,2h 30m
10153,Completionists,PC,2h 30m
10153,Completionists,PC,2h 30m
10153,Completionists,PC,2h 30m
10153,Completionists,Android,2h 30m
10153,Completionists,PC,2h 30m
10153,Completionists,PC,2h 30m
10153,Completionists,Android,2h 30m
10153,Completionists,PC,2h 30m
10153,Completionists,PC,2h 30m
10153,Completionists,Android,2h 30m
10153,Completionists,Android,2h 30m
10153,Completionists,PC,2h 30m
10153,Completionists,PC,2h 30m
10153,Completionists,Android,2h 30m
10153,Completionists,iOS,2h 31m
10153,Completionists,PC,2h 31m
10153,Completionists,PC,2h 34m
10153,Completionists,PC,2h 35m
10153,Completionists,PC,2h 36m
10153,Completionists,PC,2h 38m
10153,Completionists,PC,2h 39m
10153,Completionists,PC,2h 39m
10153,Completionists,PC,2h 40m
10153,Completionists,PC,2h 40m
10153,Completionists,PC,2h 42m
10153,Completionists,PC,2h 42m
10153,Completionists,PC,2h 42m
10153,Completionists,PC,2h 43m
10153,Completionists,PC,2h 45m
10153,Completionists,Android,2h 45m
10153,Completionists,PC,2h 45m
10153,Completionists,PC,2h 45m
10153,Completionists,PC,2h 45m
10153,Completionists,PC,2h 46m
10153,Completionists,PC,2h 48m
10153,Completionists,PC,2h 48m
10153,Completionists,PC,2h 48m
10153,Completionists,PC,2h 48m
10153,Completionists,PC,2h 50m
10153,Completionists,PC,2h 51m
10153,Completionists,PC,2h 52m
10153,Completionists,PC,2h 53m
10153,Completionists,PC,2h 54m
10153,Completionists,PC,2h 55m
10153,Completionists,PC,3h
10153,Completionists,PC,3h
10153,Completionists,PC,3h
10153,Completionists,PC,3h
10153,Completionists,Android,3h
10153,Completionists,PC,3h
10153,Completionists,PC,3h
10153,Completionists,PC,3h
10153,Completionists,PC,3h
10153,Completionists,PC,3h
10153,Completionists,Android,3h
10153,Completionists,PC,3h
10153,Completionists,iOS,3h
10153,Completionists,PC,3h
10153,Completionists,PC,3h
10153,Completionists,PC,3h
10153,Completionists,PC,3h
10153,Completionists,PC,3h
10153,Completionists,PC,3h
10153,Completionists,Android,3h
10153,Completionists,PC,3h
10153,Completionists,PC,3h
10153,Completionists,Android,3h
10153,Completionists,PC,3h
10153,Completionists,PC,3h 02m
10153,Completionists,PC,3h 02m
10153,Completionists,PC,3h 04m
10153,Completionists,PC,3h 04m
10153,Completionists,PC,3h 06m
10153,Completionists,Android,3h 06m
10153,Completionists,PC,3h 07m
10153,Completionists,PC,3h 09m
10153,Completionists,PC,3h 10m
10153,Completionists,Android,3h 15m
10153,Completionists,PC,3h 18m
10153,Completionists,PC,3h 20m
10153,Completionists,PC,3h 30m
10153,Completionists,PC,3h 30m
10153,Completionists,iOS,3h 30m
10153,Completionists,PC,3h 32m
10153,Completionists,PC,3h 35m
10153,Completionists,PC,3h 36m
10153,Completionists,PC,3h 45m
10153,Completionists,PC,3h 48m
10153,Completionists,PC,3h 54m
10153,Completionists,PC,4h
10153,Completionists,PC,4h
10153,Completionists,PC,4h
10153,Completionists,Android,4h
10153,Completionists,PC,4h
10153,Completionists,PC,4h
10153,Completionists,PC,4h
10153,Completionists,PC,4h
10153,Completionists,PC,4h
10153,Completionists,PC,4h 07m
10153,Completionists,PC,4h 25m
10153,Completionists,PC,4h 30m
10153,Completionists,PC,4h 48m
10153,Completionists,PC,4h 50m
10153,Completionists,PC,4h 59m
10153,Completionists,PC,5h
10153,Completionists,PC,5h
10153,Completionists,PC,5h 03m
10153,Completionists,PC,5h 04m
10153,Completionists,PC,5h 09m
10153,Completionists,PC,5h 10m
10153,Completionists,PC,6h
10153,Completionists,PC,6h 01m
10153,Completionists,PC,14h 31m
10153,Speed Run - 100%,PC,1h 25m
