id,type,platform,time
10157,Main Story,PC,7h 22m
10157,Main Story,PC,7h 50m
10157,Main Story,Xbox 360,7h 54m
10157,Main Story,PC,8h
10157,Main Story,PC,8h
10157,Main Story,PC,8h
10157,Main Story,PC,8h 02m
10157,Main Story,Xbox 360,8h 10m
10157,Main Story,PC,8h 27m
10157,Main Story,Xbox 360,8h 46m
10157,Main Story,NA,9h
10157,Main Story,PC,9h
10157,Main Story,PlayStation 3,9h 08m
10157,Main Story,PC,9h 12m
10157,Main Story,PC,9h 46m
10157,Main Story,PC,9h 54m
10157,Main Story,PC,10h
10157,Main Story,Xbox 360,10h
10157,Main Story,PC,10h
10157,Main Story,PC,10h
10157,Main Story,PC,10h 05m
10157,Main Story,PC,10h 33m
10157,Main Story,PlayStation 3,10h 54m
10157,Main Story,PC,11h
10157,Main Story,PC,11h
10157,Main Story,PC,11h
10157,Main Story,PC,11h
10157,Main Story,PC,11h
10157,Main Story,PlayStation 3,11h 35m
10157,Main Story,PlayStation 3,11h 46m
10157,Main Story,PC,11h 57m
10157,Main Story,PlayStation 3,12h
10157,Main Story,PlayStation 3,12h
10157,Main Story,PlayStation 3,12h
10157,Main Story,PlayStation 3,12h
10157,Main Story,PlayStation 3,12h
10157,Main Story,Xbox 360,12h 01m
10157,Main Story,PC,12h 15m
10157,Main Story,PlayStation 3,12h 30m
10157,Main Story,PC,12h 42m
10157,Main Story,NA,13h
10157,Main Story,PlayStation 3,13h
10157,Main Story,PC,13h 05m
10157,Main Story,PlayStation 3,13h 18m
10157,Main Story,PlayStation 3,14h
10157,Main Story,PlayStation 3,14h
10157,Main Story,PC,15h
10157,Main Story,PlayStation 3,15h
10157,Main Story,PC,15h
10157,Main Story,Xbox 360,16h
10157,Main Story,Xbox 360,18h 57m
10157,Main Story,PC,20h 38m
10157,Main + Extras,PC,8h
10157,Main + Extras,Xbox 360,8h 38m
10157,Main + Extras,Xbox 360,8h 40m
10157,Main + Extras,PlayStation 3,10h 18m
10157,Main + Extras,PlayStation 3,10h 18m
10157,Main + Extras,PC,10h 28m
10157,Main + Extras,PC,11h
10157,Main + Extras,PC,12h 51m
10157,Main + Extras,PlayStation 3,13h
10157,Main + Extras,PC,13h
10157,Main + Extras,PC,13h 09m
10157,Main + Extras,PlayStation 3,13h 15m
10157,Main + Extras,Xbox 360,13h 20m
10157,Main + Extras,PlayStation 3,14h
10157,Main + Extras,PC,14h 03m
10157,Main + Extras,PC,15h
10157,Main + Extras,PC,15h
10157,Main + Extras,PC,15h
10157,Main + Extras,PC,15h
10157,Main + Extras,PC,15h
10157,Main + Extras,PlayStation 3,15h
10157,Main + Extras,PC,15h 30m
10157,Main + Extras,Xbox 360,16h
10157,Main + Extras,Xbox 360,16h 57m
10157,Main + Extras,PC,17h
10157,Main + Extras,PC,17h 10m
10157,Main + Extras,PC,17h 40m
10157,Main + Extras,PC,17h 58m
10157,Main + Extras,Xbox 360,18h
10157,Main + Extras,PlayStation 3,18h
10157,Main + Extras,PC,18h
10157,Main + Extras,PlayStation 3,18h
10157,Main + Extras,PlayStation 3,18h
10157,Main + Extras,Xbox 360,18h
10157,Main + Extras,PC,18h
10157,Main + Extras,PC,18h 14m
10157,Main + Extras,Xbox 360,18h 30m
10157,Main + Extras,NA,19h
10157,Main + Extras,Xbox 360,19h
10157,Main + Extras,PC,19h
10157,Main + Extras,PC,19h
10157,Main + Extras,PC,19h
10157,Main + Extras,PC,19h
10157,Main + Extras,PC,19h
10157,Main + Extras,PC,20h
10157,Main + Extras,Xbox 360,20h
10157,Main + Extras,Xbox 360,20h
10157,Main + Extras,Xbox 360,20h
10157,Main + Extras,PC,20h
10157,Main + Extras,PC,20h
10157,Main + Extras,PC,21h
10157,Main + Extras,PC,21h 35m
10157,Main + Extras,Xbox 360,21h 57m
10157,Main + Extras,PC,22h
10157,Main + Extras,PlayStation 3,22h
10157,Main + Extras,PlayStation 3,23h
10157,Main + Extras,Xbox 360,23h 55m
10157,Main + Extras,PC,25h 22m
10157,Main + Extras,PlayStation 3,27h 40m
10157,Main + Extras,Xbox 360,28h
10157,Main + Extras,PC,29h
10157,Main + Extras,PC,34h
10157,Main + Extras,PC,36h
10157,Main + Extras,PlayStation 3,36h 38m
10157,Main + Extras,Xbox 360,50h 38m
10157,Completionists,PC,30h 11m
10157,Completionists,PC,30h 25m
10157,Completionists,PC,33h 20m
10157,Completionists,PC,34h 56m
10157,Completionists,PC,35h
10157,Completionists,Xbox 360,35h
10157,Completionists,PC,37h
10157,Completionists,Xbox 360,37h 02m
10157,Completionists,PlayStation 3,38h 22m
10157,Completionists,PC,39h 45m
10157,Completionists,NA,40h
10157,Completionists,PlayStation 3,40h
10157,Completionists,PC,40h
10157,Completionists,PlayStation 3,40h
10157,Completionists,PC,40h
10157,Completionists,Xbox 360,40h 41m
10157,Completionists,PC,41h
10157,Completionists,Xbox 360,42h
10157,Completionists,PlayStation 3,42h 30m
10157,Completionists,PlayStation 3,43h
10157,Completionists,PlayStation 3,44h
10157,Completionists,Xbox 360,44h 27m
10157,Completionists,Xbox 360,44h 31m
10157,Completionists,PC,45h
10157,Completionists,PC,47h 45m
10157,Completionists,Xbox 360,50h 26m
10157,Completionists,Xbox 360,52h 28m
10157,Completionists,PlayStation 3,53h 26m
10157,Completionists,PC,54h
10157,Completionists,Xbox 360,55h
10157,Completionists,PlayStation 3,57h 30m
10157,Completionists,PC,84h
10157,Completionists,NA,85h
