id,type,platform,time
10169,Main Story,PC,1h
10169,Main Story,PC,1h
10169,Main Story,PC,2h
10169,Main Story,PC,2h
10169,Main Story,PC,2h
10169,Main Story,PC,2h
10169,Main Story,PC,2h
10169,Main Story,PC,2h
10169,Main Story,PC,2h 24m
10169,Main Story,PC,2h 24m
10169,Main Story,PC,2h 30m
10169,Main Story,PC,2h 30m
10169,Main Story,PC,2h 39m
10169,Main Story,PC,2h 40m
10169,Main Story,PC,2h 41m
10169,Main Story,PC,2h 45m
10169,Main Story,PC,3h
10169,Main Story,PC,3h
10169,Main Story,PC,3h
10169,Main Story,PC,3h
10169,Main Story,PC,3h
10169,Main Story,PC,3h
10169,Main Story,PC,3h
10169,Main Story,PC,4h
10169,Main Story,PC,4h 54m
10169,Main Story,PC,5h
10169,Main + Extras,PC,1h 20m
10169,Main + Extras,PC,2h 06m
10169,Main + Extras,PC,3h
10169,Completionists,PC,3h
10169,Completionists,PC,5h
10169,Completionists,PC,6h
10169,Speed Run - Any%,PC,1h
