id,type,platform,time
10162,Main Story,PC,2h
10162,Main Story,PC,2h 40m
10162,Main Story,PlayStation 3,2h 40m
10162,Main Story,PC,3h
10162,Main Story,PC,3h
10162,Main Story,PC,3h
10162,Main Story,Xbox 360,3h 45m
10162,Main Story,Xbox 360,3h 50m
10162,Main Story,PC,3h 57m
10162,Main Story,NA,4h
10162,Main Story,NA,4h
10162,Main Story,PC,4h
10162,Main Story,PC,4h
10162,Main Story,PC,4h
10162,Main Story,PlayStation 3,4h
10162,Main Story,PC,4h
10162,Main Story,PC,4h
10162,Main Story,PC,4h
10162,Main Story,PC,4h
10162,Main Story,PC,4h
10162,Main Story,NA,4h 12m
10162,Main Story,PC,4h 12m
10162,Main Story,PC,4h 13m
10162,Main Story,PC,4h 18m
10162,Main Story,PC,4h 20m
10162,Main Story,PC,4h 22m
10162,Main Story,PC,4h 30m
10162,Main Story,PC,4h 30m
10162,Main Story,PC,4h 30m
10162,Main Story,PC,4h 30m
10162,Main Story,PC,4h 36m
10162,Main Story,PC,4h 38m
10162,Main Story,PC,4h 39m
10162,Main Story,PC,4h 41m
10162,Main Story,PC,4h 42m
10162,Main Story,Xbox 360,4h 45m
10162,Main Story,PC,4h 47m
10162,Main Story,PC,4h 48m
10162,Main Story,PC,4h 50m
10162,Main Story,Xbox 360,4h 50m
10162,Main Story,PC,4h 52m
10162,Main Story,PC,4h 54m
10162,Main Story,PC,4h 59m
10162,Main Story,NA,5h
10162,Main Story,PC,5h
10162,Main Story,NA,5h
10162,Main Story,PC,5h
10162,Main Story,PC,5h
10162,Main Story,PC,5h
10162,Main Story,Xbox One,5h
10162,Main Story,PC,5h
10162,Main Story,PC,5h
10162,Main Story,PC,5h
10162,Main Story,iOS,5h
10162,Main Story,PC,5h
10162,Main Story,PC,5h
10162,Main Story,PC,5h
10162,Main Story,PC,5h
10162,Main Story,PC,5h
10162,Main Story,PC,5h
10162,Main Story,PC,5h
10162,Main Story,PC,5h
10162,Main Story,PC,5h
10162,Main Story,Xbox 360,5h
10162,Main Story,PC,5h 03m
10162,Main Story,PC,5h 05m
10162,Main Story,PC,5h 06m
10162,Main Story,PC,5h 08m
10162,Main Story,PC,5h 10m
10162,Main Story,PC,5h 12m
10162,Main Story,PC,5h 12m
10162,Main Story,Mac,5h 13m
10162,Main Story,PC,5h 15m
10162,Main Story,Xbox One,5h 16m
10162,Main Story,PC,5h 20m
10162,Main Story,PC,5h 20m
10162,Main Story,PC,5h 24m
10162,Main Story,PC,5h 24m
10162,Main Story,PC,5h 24m
10162,Main Story,PC,5h 30m
10162,Main Story,PC,5h 30m
10162,Main Story,PC,5h 30m
10162,Main Story,PC,5h 30m
10162,Main Story,PC,5h 34m
10162,Main Story,PC,5h 36m
10162,Main Story,Xbox 360,5h 37m
10162,Main Story,NA,5h 42m
10162,Main Story,PC,5h 42m
10162,Main Story,PC,5h 43m
10162,Main Story,PC,5h 46m
10162,Main Story,PC,5h 48m
10162,Main Story,PC,5h 48m
10162,Main Story,PC,5h 50m
10162,Main Story,PC,5h 50m
10162,Main Story,PC,5h 50m
10162,Main Story,PC,5h 50m
10162,Main Story,PC,5h 52m
10162,Main Story,PC,5h 53m
10162,Main Story,PC,5h 55m
10162,Main Story,PC,5h 56m
10162,Main Story,Xbox 360,5h 58m
10162,Main Story,PC,5h 59m
10162,Main Story,PC,6h
10162,Main Story,PC,6h
10162,Main Story,PC,6h
10162,Main Story,PC,6h
10162,Main Story,PC,6h
10162,Main Story,PC,6h
10162,Main Story,PC,6h
10162,Main Story,PC,6h
10162,Main Story,PC,6h
10162,Main Story,PlayStation 3,6h
10162,Main Story,PC,6h
10162,Main Story,Xbox 360,6h
10162,Main Story,PC,6h
10162,Main Story,PC,6h
10162,Main Story,PC,6h
10162,Main Story,PC,6h
10162,Main Story,PC,6h
10162,Main Story,PC,6h
10162,Main Story,PC,6h
10162,Main Story,PC,6h
10162,Main Story,PC,6h
10162,Main Story,PC,6h
10162,Main Story,PC,6h
10162,Main Story,PC,6h
10162,Main Story,PC,6h
10162,Main Story,PC,6h
10162,Main Story,PC,6h
10162,Main Story,PC,6h
10162,Main Story,PC,6h
10162,Main Story,Xbox 360,6h
10162,Main Story,NA,6h
10162,Main Story,PC,6h
10162,Main Story,PC,6h
10162,Main Story,PlayStation 3,6h 01m
10162,Main Story,PC,6h 10m
10162,Main Story,PC,6h 10m
10162,Main Story,Xbox 360,6h 15m
10162,Main Story,PC,6h 15m
10162,Main Story,Amiga,6h 17m
10162,Main Story,PC,6h 18m
10162,Main Story,PC,6h 20m
10162,Main Story,PC,6h 24m
10162,Main Story,PC,6h 24m
10162,Main Story,PC,6h 25m
10162,Main Story,PC,6h 25m
10162,Main Story,PC,6h 27m
10162,Main Story,PC,6h 30m
10162,Main Story,Xbox 360,6h 30m
10162,Main Story,PC,6h 30m
10162,Main Story,PC,6h 30m
10162,Main Story,PlayStation 3,6h 30m
10162,Main Story,PC,6h 30m
10162,Main Story,PC,6h 30m
10162,Main Story,PC,6h 30m
10162,Main Story,PC,6h 30m
10162,Main Story,PC,6h 30m
10162,Main Story,PC,6h 30m
10162,Main Story,PC,6h 30m
10162,Main Story,PC,6h 30m
10162,Main Story,PC,6h 32m
10162,Main Story,PC,6h 35m
10162,Main Story,PC,6h 36m
10162,Main Story,PC,6h 40m
10162,Main Story,PC,6h 40m
10162,Main Story,PC,6h 42m
10162,Main Story,PC,6h 45m
10162,Main Story,PC,6h 48m
10162,Main Story,PC,6h 50m
10162,Main Story,PC,6h 53m
10162,Main Story,PC,6h 54m
10162,Main Story,PC,6h 57m
10162,Main Story,PlayStation 3,6h 59m
10162,Main Story,NA,7h
10162,Main Story,PC,7h
10162,Main Story,iOS,7h
10162,Main Story,PC,7h
10162,Main Story,PC,7h
10162,Main Story,PC,7h
10162,Main Story,PC,7h
10162,Main Story,iOS,7h
10162,Main Story,Xbox 360,7h
10162,Main Story,PC,7h
10162,Main Story,PC,7h
10162,Main Story,NA,7h
10162,Main Story,PC,7h
10162,Main Story,PC,7h
10162,Main Story,Xbox 360,7h
10162,Main Story,PC,7h
10162,Main Story,Xbox 360,7h
10162,Main Story,PC,7h
10162,Main Story,PC,7h
10162,Main Story,Amiga,7h
10162,Main Story,PC,7h
10162,Main Story,PC,7h
10162,Main Story,PC,7h
10162,Main Story,PC,7h
10162,Main Story,PC,7h
10162,Main Story,PC,7h
10162,Main Story,PC,7h
10162,Main Story,PC,7h
10162,Main Story,PC,7h
10162,Main Story,PC,7h
10162,Main Story,PC,7h
10162,Main Story,iOS,7h
10162,Main Story,PC,7h 03m
10162,Main Story,NA,7h 10m
10162,Main Story,PC,7h 11m
10162,Main Story,PC,7h 12m
10162,Main Story,PC,7h 15m
10162,Main Story,PC,7h 15m
10162,Main Story,PC,7h 18m
10162,Main Story,PC,7h 18m
10162,Main Story,PC,7h 18m
10162,Main Story,PC,7h 20m
10162,Main Story,PC,7h 20m
10162,Main Story,PC,7h 20m
10162,Main Story,PC,7h 30m
10162,Main Story,PC,7h 30m
10162,Main Story,PC,7h 33m
10162,Main Story,PC,7h 33m
10162,Main Story,PC,7h 42m
10162,Main Story,PC,7h 43m
10162,Main Story,PC,7h 45m
10162,Main Story,iOS,7h 50m
10162,Main Story,PC,7h 50m
10162,Main Story,NA,8h
10162,Main Story,PC,8h
10162,Main Story,PC,8h
10162,Main Story,PC,8h
10162,Main Story,Xbox 360,8h
10162,Main Story,PC,8h
10162,Main Story,PC,8h
10162,Main Story,PC,8h
10162,Main Story,NA,8h
10162,Main Story,PC,8h
10162,Main Story,PC,8h
10162,Main Story,PC,8h
10162,Main Story,PC,8h
10162,Main Story,PC,8h
10162,Main Story,PC,8h
10162,Main Story,PC,8h
10162,Main Story,Xbox 360,8h
10162,Main Story,Xbox 360,8h
10162,Main Story,PC,8h
10162,Main Story,Mobile,8h
10162,Main Story,PC,8h
10162,Main Story,PC,8h 05m
10162,Main Story,PC,8h 10m
10162,Main Story,PC,8h 30m
10162,Main Story,PC,8h 40m
10162,Main Story,PC,8h 43m
10162,Main Story,NA,9h
10162,Main Story,PC,9h
10162,Main Story,PC,9h
10162,Main Story,PC,9h
10162,Main Story,PC,9h 12m
10162,Main Story,PC,9h 15m
10162,Main Story,PC,9h 30m
10162,Main Story,PC,9h 36m
10162,Main Story,PC,9h 44m
10162,Main Story,PC,9h 52m
10162,Main Story,PC,9h 58m
10162,Main Story,Xbox,10h
10162,Main Story,PC,10h
10162,Main Story,PC,10h
10162,Main Story,Amiga,10h
10162,Main Story,PC,10h
10162,Main Story,PC,10h
10162,Main Story,PC,10h
10162,Main Story,PC,10h
10162,Main Story,NA,10h 30m
10162,Main Story,NA,11h
10162,Main Story,PC,11h
10162,Main Story,PC,11h
10162,Main Story,PC,11h
10162,Main Story,PC,11h
10162,Main Story,PC,11h
10162,Main Story,PlayStation 3,11h
10162,Main Story,PC,12h
10162,Main Story,Xbox 360,12h
10162,Main Story,PC,12h 08m
10162,Main Story,Xbox One,14h 28m
10162,Main Story,PC,19h 30m
10162,Main Story,PC,27h 12m
10162,Main + Extras,Xbox One,3h 30m
10162,Main + Extras,PC,3h 30m
10162,Main + Extras,PC,4h
10162,Main + Extras,PlayStation 3,4h 10m
10162,Main + Extras,PC,5h
10162,Main + Extras,PC,5h 30m
10162,Main + Extras,PC,5h 30m
10162,Main + Extras,PC,5h 42m
10162,Main + Extras,PC,5h 55m
10162,Main + Extras,PC,5h 58m
10162,Main + Extras,PC,6h
10162,Main + Extras,PC,6h
10162,Main + Extras,Xbox 360,6h
10162,Main + Extras,PC,6h
10162,Main + Extras,PC,6h
10162,Main + Extras,PC,6h 12m
10162,Main + Extras,PlayStation 3,6h 15m
10162,Main + Extras,PC,6h 20m
10162,Main + Extras,PC,6h 30m
10162,Main + Extras,PC,6h 30m
10162,Main + Extras,PC,6h 31m
10162,Main + Extras,PC,6h 55m
10162,Main + Extras,NA,7h
10162,Main + Extras,PC,7h
10162,Main + Extras,Xbox 360,7h
10162,Main + Extras,PC,7h
10162,Main + Extras,PC,7h
10162,Main + Extras,PlayStation 3,7h
10162,Main + Extras,PC,7h
10162,Main + Extras,PC,7h
10162,Main + Extras,PC,7h
10162,Main + Extras,PC,7h
10162,Main + Extras,PC,7h
10162,Main + Extras,PC,7h 06m
10162,Main + Extras,Xbox 360,7h 15m
10162,Main + Extras,PC,7h 18m
10162,Main + Extras,PC,7h 20m
10162,Main + Extras,PC,7h 20m
10162,Main + Extras,PC,7h 30m
10162,Main + Extras,PC,7h 30m
10162,Main + Extras,iOS,7h 30m
10162,Main + Extras,PC,7h 30m
10162,Main + Extras,PC,7h 45m
10162,Main + Extras,NA,8h
10162,Main + Extras,NA,8h
10162,Main + Extras,PC,8h
10162,Main + Extras,PC,8h
10162,Main + Extras,PlayStation 3,8h
10162,Main + Extras,PC,8h
10162,Main + Extras,PC,8h
10162,Main + Extras,PC,8h
10162,Main + Extras,PC,8h
10162,Main + Extras,PC,8h
10162,Main + Extras,PC,8h
10162,Main + Extras,PC,8h 14m
10162,Main + Extras,PC,9h 10m
10162,Main + Extras,PC,9h 12m
10162,Main + Extras,PC,9h 20m
10162,Main + Extras,NA,9h 20m
10162,Main + Extras,PC,9h 30m
10162,Main + Extras,NA,10h
10162,Main + Extras,PlayStation 3,10h
10162,Main + Extras,PlayStation 3,10h
10162,Main + Extras,PC,10h
10162,Main + Extras,Xbox 360,10h 15m
10162,Main + Extras,PC,10h 42m
10162,Main + Extras,PC,10h 45m
10162,Main + Extras,Amiga,12h
10162,Completionists,PC,4h
10162,Completionists,PC,4h
10162,Completionists,Amiga,4h
10162,Completionists,PC,4h
10162,Completionists,PC,4h 15m
10162,Completionists,PlayStation 3,4h 15m
10162,Completionists,PC,4h 30m
10162,Completionists,PC,4h 37m
10162,Completionists,Xbox 360,4h 48m
10162,Completionists,PC,5h
10162,Completionists,NA,5h
10162,Completionists,PC,5h
10162,Completionists,PC,5h
10162,Completionists,PC,5h 11m
10162,Completionists,PC,5h 20m
10162,Completionists,PC,5h 30m
10162,Completionists,PC,5h 30m
10162,Completionists,PC,5h 30m
10162,Completionists,PC,5h 30m
10162,Completionists,PC,5h 40m
10162,Completionists,PC,5h 42m
10162,Completionists,PC,5h 43m
10162,Completionists,Xbox 360,5h 47m
10162,Completionists,PC,5h 51m
10162,Completionists,PC,5h 53m
10162,Completionists,PC,6h
10162,Completionists,PC,6h
10162,Completionists,PC,6h
10162,Completionists,Xbox 360,6h
10162,Completionists,PlayStation 3,6h 03m
10162,Completionists,PC,6h 05m
10162,Completionists,PC,6h 15m
10162,Completionists,PC,6h 18m
10162,Completionists,PC,6h 19m
10162,Completionists,PC,6h 20m
10162,Completionists,PC,6h 24m
10162,Completionists,PC,6h 32m
10162,Completionists,PC,6h 36m
10162,Completionists,PC,6h 37m
10162,Completionists,PC,6h 38m
10162,Completionists,Xbox One,6h 45m
10162,Completionists,PC,6h 45m
10162,Completionists,Xbox 360,6h 54m
10162,Completionists,PC,7h
10162,Completionists,Xbox 360,7h
10162,Completionists,PC,7h
10162,Completionists,Xbox 360,7h
10162,Completionists,PC,7h
10162,Completionists,PC,7h
10162,Completionists,PC,7h
10162,Completionists,PC,7h
10162,Completionists,PC,7h
10162,Completionists,PC,7h
10162,Completionists,Xbox 360,7h
10162,Completionists,Xbox 360,7h
10162,Completionists,Xbox 360,7h 10m
10162,Completionists,PC,7h 12m
10162,Completionists,PC,7h 22m
10162,Completionists,PC,7h 25m
10162,Completionists,Xbox 360,7h 30m
10162,Completionists,PC,7h 32m
10162,Completionists,PC,7h 40m
10162,Completionists,PC,7h 51m
10162,Completionists,PC,7h 55m
10162,Completionists,PC,7h 59m
10162,Completionists,PC,8h
10162,Completionists,iOS,8h
10162,Completionists,PC,8h
10162,Completionists,PC,8h
10162,Completionists,PC,8h 09m
10162,Completionists,PC,8h 26m
10162,Completionists,PC,8h 50m
10162,Completionists,PC,8h 50m
10162,Completionists,NA,9h
10162,Completionists,PC,9h
10162,Completionists,PC,9h
10162,Completionists,PC,9h
10162,Completionists,PC,9h
10162,Completionists,PC,10h
10162,Completionists,PC,10h
10162,Completionists,PC,10h
10162,Completionists,PC,10h
10162,Completionists,PC,10h 04m
10162,Completionists,Xbox 360,10h 18m
10162,Completionists,PC,11h
10162,Completionists,PC,11h 37m
10162,Completionists,PC,12h
10162,Speed Run - Any%,Xbox 360,1h 38m
10162,Speed Run - Any%,NA,1h 41m
10162,Speed Run - Any%,PlayStation 3,1h 45m
10162,Speed Run - Any%,PC,2h
10162,Speed Run - Any%,PC,2h
10162,Speed Run - Any%,Xbox 360,2h 15m
10162,Speed Run - Any%,PlayStation 3,2h 20m
10162,Speed Run - Any%,PlayStation 3,3h
10162,Speed Run - Any%,Xbox One,3h 15m
10162,Speed Run - 100%,PC,1h 24m
10162,Speed Run - 100%,PC,1h 34m 52s
10162,Speed Run - 100%,Xbox 360,1h 54m 46s
10162,Speed Run - 100%,PlayStation 3,1h 55m
10162,Speed Run - 100%,PC,2h
10162,Speed Run - 100%,Xbox 360,2h 10m
10162,Speed Run - 100%,PC,2h 10m
