id,type,platform,time
10178,Main Story,PlayStation 2,4h 50m
10178,Main Story,PlayStation 2,6h 45m
10178,Main Story,PlayStation 2,6h 46m
10178,Main Story,PlayStation 2,7h 30m
10178,Main Story,Xbox,8h
10178,Main Story,PlayStation 2,8h 05m
10178,Main Story,Nintendo GameCube,8h 12m
10178,Main Story,PC,8h 25m
10178,Main Story,PC,9h
10178,Main Story,PlayStation 2,9h
10178,Main Story,PC,10h
10178,Main Story,PC,10h
10178,Main Story,PlayStation 2,10h
10178,Main Story,PC,10h
10178,Main Story,PlayStation 2,10h 20m
10178,Main Story,PlayStation 2,10h 23m
10178,Main Story,Xbox,10h 30m
10178,Main Story,PC,10h 34m
10178,Main Story,PlayStation 2,10h 45m
10178,Main Story,Xbox,11h
10178,Main Story,NA,11h
10178,Main Story,Xbox,11h 25m
10178,Main Story,PlayStation 2,11h 42m
10178,Main Story,Nintendo GameCube,12h
10178,Main Story,PC,12h
10178,Main Story,Xbox,12h
10178,Main Story,PlayStation 2,12h
10178,Main Story,Xbox,12h
10178,Main Story,Nintendo GameCube,12h
10178,Main Story,NA,12h
10178,Main Story,PC,12h 11m
10178,Main Story,PlayStation 2,12h 30m
10178,Main Story,PlayStation 2,12h 32m
10178,Main Story,Emulated,12h 37m
10178,Main Story,PlayStation 2,12h 46m
10178,Main Story,PC,13h 30m
10178,Main Story,PC,15h
10178,Main + Extras,PC,9h
10178,Main + Extras,PlayStation 2,9h 46m
10178,Main + Extras,PlayStation 2,9h 55m
10178,Main + Extras,Nintendo GameCube,10h
10178,Main + Extras,PlayStation 2,10h 49m
10178,Main + Extras,PlayStation 2,11h
10178,Main + Extras,PlayStation 2,11h
10178,Main + Extras,PC,11h
10178,Main + Extras,PC,12h
10178,Main + Extras,PC,12h
10178,Main + Extras,Xbox,12h
10178,Main + Extras,Xbox,12h
10178,Main + Extras,PC,12h
10178,Main + Extras,PlayStation 2,12h
10178,Main + Extras,PlayStation 2,12h 36m
10178,Main + Extras,PC,13h
10178,Main + Extras,PlayStation 2,15h
10178,Main + Extras,Xbox,15h
10178,Main + Extras,PC,15h
10178,Main + Extras,Nintendo GameCube,16h 10m
10178,Main + Extras,PlayStation 2,18h
10178,Main + Extras,PlayStation 2,25h
10178,Completionists,PC,12h
10178,Completionists,Xbox,14h
10178,Completionists,PlayStation 2,15h 06m
10178,Completionists,PC,16h
10178,Completionists,PlayStation 2,17h
10178,Completionists,PlayStation 2,18h 30m
10178,Completionists,PC,20h
10178,Completionists,Nintendo GameCube,21h 15m
10178,Completionists,Xbox,23h
10178,Completionists,PC,23h
10178,Completionists,Nintendo GameCube,23h 24m
10178,Completionists,PlayStation 2,24h
10178,Completionists,PlayStation 2,25h
10178,Completionists,Xbox,25h
10178,Completionists,Xbox,25h
10178,Completionists,PC,25h
10178,Completionists,PlayStation 2,26h
10178,Completionists,PlayStation 2,27h 18m
10178,Completionists,PlayStation 2,30h
10178,Completionists,Nintendo GameCube,30h
10178,Speed Run - Any%,PC,4h 10m 37s
