id,type,platform,time
10170,Main Story,PC,50m
10170,Main Story,PC,1h
10170,Main Story,PC,1h 10m
10170,Main Story,PC,1h 11m
10170,Main Story,PC,1h 13m
10170,Main Story,PC,1h 17m
10170,Main Story,PC,1h 18m
10170,Main Story,PC,1h 20m
10170,Main Story,PC,1h 29m
10170,Main Story,PC,1h 29m
10170,Main Story,PC,1h 30m
10170,Main Story,PC,1h 30m
10170,Main Story,PC,1h 30m
10170,Main Story,PC,1h 30m
10170,Main Story,PC,1h 30m
10170,Main Story,iOS,1h 30m
10170,Main Story,PC,1h 30m
10170,Main Story,PC,1h 33m
10170,Main Story,PC,1h 33m
10170,Main Story,PC,1h 34m
10170,Main Story,PC,1h 35m
10170,Main Story,PC,1h 36m
10170,Main Story,PC,1h 36m
10170,Main Story,PC,1h 36m
10170,Main Story,PC,1h 37m
10170,Main Story,PC,1h 38m
10170,Main Story,PC,1h 40m
10170,Main Story,PC,1h 40m
10170,Main Story,PC,1h 42m
10170,Main Story,PC,1h 44m
10170,Main Story,PC,1h 44m
10170,Main Story,PC,1h 45m
10170,Main Story,PC,1h 45m
10170,Main Story,PC,1h 45m
10170,Main Story,PC,1h 45m
10170,Main Story,PC,1h 46m
10170,Main Story,PC,1h 46m
10170,Main Story,PC,1h 47m
10170,Main Story,PC,1h 49m
10170,Main Story,PC,1h 50m
10170,Main Story,PC,1h 50m
10170,Main Story,PC,1h 52m
10170,Main Story,PC,1h 54m
10170,Main Story,PC,1h 59m
10170,Main Story,PC,2h
10170,Main Story,PC,2h
10170,Main Story,PC,2h
10170,Main Story,PC,2h
10170,Main Story,PC,2h
10170,Main Story,PC,2h
10170,Main Story,PC,2h
10170,Main Story,PC,2h 01m
10170,Main Story,PC,2h 27m
10170,Main Story,Linux,2h 30m
10170,Main Story,PC,2h 30m
10170,Main Story,PC,2h 30m
10170,Main Story,PC,2h 40m
10170,Main Story,PC,2h 56m
10170,Main Story,PC,3h
10170,Main Story,PC,3h 22m
10170,Main Story,PC,3h 30m
10170,Main Story,Linux,3h 33m
10170,Main + Extras,PC,1h 17m
10170,Main + Extras,PC,1h 30m
10170,Main + Extras,Mac,1h 35m
10170,Main + Extras,PC,1h 40m
10170,Main + Extras,PC,1h 45m
10170,Main + Extras,PC,1h 56m
10170,Main + Extras,PC,2h
10170,Main + Extras,PC,2h
10170,Main + Extras,PC,2h
10170,Main + Extras,PC,2h
10170,Main + Extras,PC,2h
10170,Main + Extras,PC,2h
10170,Main + Extras,PC,2h
10170,Main + Extras,PC,2h
10170,Main + Extras,PC,2h 04m
10170,Main + Extras,PC,2h 10m
10170,Main + Extras,PC,2h 24m
10170,Main + Extras,PC,3h 13m
10170,Completionists,PC,1h 24m
10170,Completionists,PC,1h 30m
10170,Completionists,PC,1h 30m
10170,Completionists,PC,1h 32m
10170,Completionists,Linux,1h 34m
10170,Completionists,PC,1h 40m
10170,Completionists,PC,1h 45m
10170,Completionists,PC,1h 49m
10170,Completionists,PC,1h 51m
10170,Completionists,PC,1h 54m
10170,Completionists,PC,1h 55m
10170,Completionists,PC,1h 56m
10170,Completionists,PC,2h
10170,Completionists,PC,2h
10170,Completionists,PC,2h
10170,Completionists,PC,2h
10170,Completionists,PC,2h
10170,Completionists,PC,2h
10170,Completionists,PC,2h
10170,Completionists,PC,2h 01m
10170,Completionists,PC,2h 19m
10170,Completionists,PC,2h 20m
10170,Completionists,PC,2h 30m
10170,Completionists,PC,2h 30m
10170,Completionists,PC,2h 40m
10170,Completionists,PC,2h 41m
10170,Completionists,PC,2h 45m
10170,Completionists,PC,2h 47m
10170,Completionists,PC,2h 48m
10170,Completionists,PC,2h 49m
10170,Completionists,PC,2h 50m
10170,Completionists,PC,2h 54m
10170,Completionists,PC,2h 54m
10170,Completionists,PC,2h 56m
10170,Completionists,PC,2h 56m
10170,Completionists,PC,3h
10170,Completionists,PC,3h
10170,Completionists,PC,3h
10170,Completionists,PC,3h 02m
10170,Completionists,PC,3h 42m
10170,Completionists,PC,3h 47m
10170,Completionists,PC,5h
