id,type,platform,time
10175,Main Story,Xbox 360,25m
10175,Main Story,PlayStation 3,30m
10175,Main Story,Arcade,32m
10175,Main Story,PlayStation 3,33m
10175,Main Story,PlayStation 3,35m
10175,Main Story,Xbox 360,38m
10175,Main Story,Xbox 360,40m
10175,Main Story,PlayStation 3,40m
10175,Main Story,Arcade,40m
10175,Main Story,PlayStation 3,43m
10175,Main Story,PlayStation 3,44m
10175,Main Story,Xbox 360,45m
10175,Main Story,Xbox 360,45m
10175,Main Story,Xbox 360,45m
10175,Main Story,Xbox 360,45m
10175,Main Story,Xbox 360,45m
10175,Main Story,PlayStation 3,47m
10175,Main Story,Emulated,47m
10175,Main Story,PlayStation 3,48m
10175,Main Story,PlayStation 3,50m
10175,Main Story,PlayStation 3,50m
10175,Main Story,PlayStation 3,55m
10175,Main Story,Arcade,58m
10175,Main Story,Emulated,1h
10175,Main Story,PlayStation 3,1h
10175,Main Story,Xbox 360,1h
10175,Main Story,Xbox 360,1h
10175,Main Story,PlayStation 3,1h
10175,Main Story,PlayStation 3,1h
10175,Main Story,NA,1h
10175,Main Story,Arcade,1h
10175,Main Story,Arcade,1h
10175,Main Story,Arcade,1h
10175,Main Story,Arcade,1h
10175,Main Story,Arcade,1h 05m
10175,Main Story,Arcade,1h 25m
10175,Main Story,Arcade,1h 28m
10175,Main Story,PlayStation 3,1h 30m
10175,Main Story,Arcade,1h 45m
10175,Main Story,PlayStation 3,2h
10175,Main + Extras,Arcade,2h
10175,Main + Extras,PlayStation 3,2h 15m
10175,Completionists,PlayStation 3,35m
10175,Completionists,Arcade,1h
10175,Completionists,PlayStation 3,1h
10175,Completionists,Arcade,1h
10175,Completionists,Arcade,1h
10175,Completionists,Arcade,2h
10175,Completionists,PlayStation 3,3h 48m
10175,Speed Run - Any%,PlayStation 3,45m
10175,Co-Op Multiplayer,Arcade,30m
10175,Co-Op Multiplayer,Arcade,38m
10175,Co-Op Multiplayer,Xbox 360,50m
10175,Co-Op Multiplayer,Arcade,50m
10175,Co-Op Multiplayer,PlayStation 3,55m
10175,Co-Op Multiplayer,Arcade,1h
10175,Co-Op Multiplayer,Arcade,2h
10175,Co-Op Multiplayer,Xbox 360,4h
