id,type,platform,time
10179,Main Story,Game Boy Advance,2h 06m
10179,Main Story,Game Boy Advance,5h
10179,Main Story,PlayStation 2,6h 13m
10179,Main Story,PlayStation 2,10h
10179,Main Story,PlayStation 2,10h
10179,Main Story,PlayStation 2,12h
10179,Main Story,PlayStation 2,12h
10179,Main Story,Nintendo GameCube,13h
10179,Main Story,PlayStation 2,13h 23m
10179,Main Story,PlayStation 2,14h
10179,Main Story,PlayStation 2,15h 30m
10179,Main Story,PlayStation 2,16h
10179,Main + Extras,Nintendo GameCube,8h 10m
10179,Main + Extras,Nintendo GameCube,16h
10179,Main + Extras,Nintendo GameCube,32h
10179,Completionists,PlayStation 2,31h 16m
10179,Completionists,PlayStation 2,35h
10179,Completionists,Nintendo GameCube,48h 19m
