id,type,platform,time
10176,Main Story,PlayStation 3,4h 15m
10176,Main Story,NA,5h
10176,Main Story,Xbox 360,6h 10m
10176,Main Story,Xbox 360,6h 25m
10176,Main Story,PlayStation 2,7h
10176,Main Story,Xbox 360,7h
10176,Main Story,Xbox 360,7h
10176,Main Story,Xbox 360,7h
10176,Main Story,PlayStation 2,7h
10176,Main Story,PlayStation 3,7h
10176,Main Story,PlayStation 3,7h
10176,Main Story,PlayStation 3,7h 02m
10176,Main Story,PlayStation 3,7h 07m
10176,Main Story,PlayStation 3,7h 08m
10176,Main Story,PlayStation 3,7h 25m
10176,Main Story,PlayStation 3,7h 35m
10176,Main Story,PlayStation 3,7h 39m
10176,Main Story,Wii,7h 40m
10176,Main Story,Xbox 360,7h 45m
10176,Main Story,PSP,8h
10176,Main Story,NA,8h
10176,Main Story,PSP,8h 11m
10176,Main Story,Xbox 360,8h 45m
10176,Main Story,PlayStation 2,9h
10176,Main Story,Xbox 360,9h
10176,Main Story,PSP,9h
10176,Main Story,PSP,9h
10176,Main Story,Xbox 360,9h 11m
10176,Main Story,Xbox 360,9h 40m
10176,Main Story,PlayStation 2,10h
10176,Main Story,PlayStation 2,10h
10176,Main Story,PlayStation 3,10h
10176,Main Story,Xbox 360,10h
10176,Main Story,Emulated,10h
10176,Main Story,PlayStation 3,11h 35m
10176,Main + Extras,PlayStation 2,8h
10176,Main + Extras,Xbox 360,8h 26m
10176,Main + Extras,Xbox 360,11h
10176,Main + Extras,Xbox 360,12h
10176,Main + Extras,Xbox 360,12h
10176,Main + Extras,PlayStation 2,12h
10176,Main + Extras,Xbox 360,12h 25m
10176,Main + Extras,NA,14h
10176,Main + Extras,Xbox 360,16h
10176,Completionists,Xbox 360,9h
10176,Completionists,PlayStation 2,16h
10176,Completionists,Xbox 360,16h 48m
10176,Completionists,PlayStation 3,18h 08m
10176,Completionists,NA,18h 21m
10176,Completionists,Xbox 360,19h 51m
10176,Completionists,Xbox 360,20h
10176,Completionists,Xbox 360,24h
10176,Completionists,Xbox 360,25h 50m
10176,Co-Op Multiplayer,PlayStation 2,10h
