id,type,platform,time
10187,Main Story,PC,10h
10187,Main Story,PlayStation 2,14h
10187,Main Story,PC,18h
10187,Main Story,PC,18h
10187,Main Story,PC,20h
10187,Main Story,PC,20h
10187,Main Story,PC,24h
10187,Main Story,PC,24h 11m
10187,Main Story,Nintendo GameCube,25h
10187,Main Story,PC,27h
10187,Main Story,PC,30h
10187,Main Story,PC,30h
10187,Main Story,PC,31h 59m
10187,Main Story,PC,34h 50m
10187,Main Story,PC,35h
10187,Main Story,PC,43h
10187,Main Story,PC,50h
10187,Main Story,PC,80h
10187,Main Story,PC,120h
10187,Main + Extras,PC,23h 15m
10187,Main + Extras,Nintendo GameCube,24h 17m
10187,Main + Extras,PlayStation 2,27h 36m
10187,Main + Extras,PC,29h
10187,Main + Extras,PlayStation 2,40h
10187,Main + Extras,Nintendo GameCube,40h
10187,Main + Extras,PC,40h
10187,Main + Extras,PC,60h
10187,Main + Extras,PC,60h
10187,Main + Extras,PC,100h
10187,Main + Extras,PC,120h
10187,Completionists,PC,124h
10187,Completionists,PC,200h
