id,type,platform,time
10186,Main Story,PC,12h
10186,Main Story,PC,15h
10186,Main Story,PC,15h
10186,Main Story,PC,18h
10186,Main Story,PC,19h 59m
10186,Main Story,PC,20h
10186,Main Story,PC,20h
10186,Main Story,PC,20h
10186,Main Story,PC,21h 40m
10186,Main Story,PC,24h 15m
10186,Main Story,PC,25h
10186,Main Story,PC,25h
10186,Main Story,PC,29h
10186,Main Story,PC,40h
10186,Main Story,PC,55h
10186,Main + Extras,PC,10h 42m
10186,Main + Extras,PC,20h
10186,Main + Extras,PC,20h
10186,Main + Extras,PC,30h
10186,Main + Extras,PC,30h
10186,Main + Extras,PC,40h
10186,Main + Extras,PC,50h
10186,Main + Extras,PC,50h
10186,Main + Extras,PC,200h
10186,Completionists,PC,28h 11m
10186,Completionists,PC,30h
10186,Completionists,PC,40h
10186,Completionists,PC,60h
10186,Completionists,PC,150h
