id,type,platform,time
1018,Main Story,PC,6h 30m
1018,Main Story,PC,7h
1018,Main Story,PlayStation 3,7h 25m
1018,Main Story,PC,7h 29m
1018,Main Story,PC,7h 30m
1018,Main Story,PC,7h 42m
1018,Main Story,Xbox 360,7h 45m
1018,Main Story,Xbox 360,7h 55m
1018,Main Story,PC,8h
1018,Main Story,PC,8h
1018,Main Story,PlayStation 3,8h
1018,Main Story,PC,8h
1018,Main Story,PC,8h 15m
1018,Main Story,Xbox One,8h 30m
1018,Main Story,PC,8h 30m
1018,Main Story,PC,8h 30m
1018,Main Story,PC,8h 45m
1018,Main Story,PC,8h 49m
1018,Main Story,PC,8h 50m
1018,Main Story,PC,8h 50m
1018,Main Story,PlayStation 3,8h 55m
1018,Main Story,PlayStation 3,9h
1018,Main Story,PC,9h
1018,Main Story,PC,9h
1018,Main Story,PlayStation 3,9h
1018,Main Story,Nintendo GameCube,9h
1018,Main Story,PC,9h
1018,Main Story,PC,9h
1018,Main Story,PC,9h 10m
1018,Main Story,PlayStation 2,9h 10m
1018,Main Story,PlayStation 3,9h 11m
1018,Main Story,PC,9h 15m
1018,Main Story,PC,9h 24m
1018,Main Story,Nintendo GameCube,9h 30m
1018,Main Story,PlayStation 2,9h 30m
1018,Main Story,PlayStation 3,9h 30m
1018,Main Story,PC,9h 32m
1018,Main Story,PC,9h 39m
1018,Main Story,PC,9h 43m
1018,Main Story,PC,9h 45m
1018,Main Story,PC,9h 45m
1018,Main Story,PC,9h 57m
1018,Main Story,Xbox 360,10h
1018,Main Story,PC,10h
1018,Main Story,Xbox,10h
1018,Main Story,PC,10h
1018,Main Story,PlayStation 3,10h
1018,Main Story,PlayStation 3,10h
1018,Main Story,PC,10h
1018,Main Story,Nintendo GameCube,10h
1018,Main Story,PlayStation 2,10h
1018,Main Story,Xbox,10h
1018,Main Story,PC,10h
1018,Main Story,PC,10h
1018,Main Story,Xbox,10h
1018,Main Story,PC,10h
1018,Main Story,PC,10h
1018,Main Story,PC,10h
1018,Main Story,PC,10h
1018,Main Story,Xbox 360,10h 05m
1018,Main Story,PC,10h 09m
1018,Main Story,PlayStation 3,10h 12m
1018,Main Story,Xbox One,10h 20m
1018,Main Story,PC,10h 20m
1018,Main Story,PlayStation 3,10h 26m
1018,Main Story,Xbox 360,10h 30m
1018,Main Story,PlayStation 3,10h 30m
1018,Main Story,PlayStation 3,10h 30m
1018,Main Story,PlayStation 3,10h 34m
1018,Main Story,Nintendo GameCube,10h 35m
1018,Main Story,PC,10h 36m
1018,Main Story,PC,10h 39m
1018,Main Story,PlayStation 3,10h 41m
1018,Main Story,PC,10h 46m
1018,Main Story,PlayStation 3,10h 47m
1018,Main Story,PlayStation 2,10h 48m
1018,Main Story,PlayStation 3,10h 49m
1018,Main Story,PC,10h 51m
1018,Main Story,PlayStation 2,10h 54m
1018,Main Story,PC,10h 55m
1018,Main Story,PlayStation 3,10h 55m
1018,Main Story,PlayStation 3,11h
1018,Main Story,PC,11h
1018,Main Story,PC,11h
1018,Main Story,PC,11h
1018,Main Story,PlayStation 2,11h
1018,Main Story,PC,11h
1018,Main Story,PC,11h
1018,Main Story,PC,11h
1018,Main Story,PC,11h
1018,Main Story,PC,11h
1018,Main Story,PC,11h
1018,Main Story,PC,11h
1018,Main Story,PC,11h
1018,Main Story,PlayStation 2,11h
1018,Main Story,PlayStation 2,11h
1018,Main Story,PC,11h
1018,Main Story,Xbox 360,11h
1018,Main Story,PlayStation 2,11h
1018,Main Story,PC,11h
1018,Main Story,PC,11h
1018,Main Story,PC,11h
1018,Main Story,PC,11h
1018,Main Story,PC,11h
1018,Main Story,PC,11h 06m
1018,Main Story,Xbox 360,11h 09m
1018,Main Story,Nintendo GameCube,11h 12m
1018,Main Story,PC,11h 15m
1018,Main Story,PC,11h 15m
1018,Main Story,PC,11h 30m
1018,Main Story,PC,11h 30m
1018,Main Story,PC,11h 33m
1018,Main Story,PC,11h 35m
1018,Main Story,PC,11h 40m
1018,Main Story,PC,11h 40m
1018,Main Story,PlayStation 2,11h 45m
1018,Main Story,PlayStation 3,11h 51m
1018,Main Story,PC,12h
1018,Main Story,PC,12h
1018,Main Story,PlayStation 2,12h
1018,Main Story,PC,12h
1018,Main Story,PlayStation 2,12h
1018,Main Story,Nintendo GameCube,12h
1018,Main Story,PlayStation 2,12h
1018,Main Story,PlayStation 2,12h
1018,Main Story,PC,12h
1018,Main Story,Xbox 360,12h
1018,Main Story,PlayStation 3,12h
1018,Main Story,Nintendo GameCube,12h
1018,Main Story,Nintendo GameCube,12h
1018,Main Story,Nintendo GameCube,12h
1018,Main Story,PC,12h
1018,Main Story,PlayStation 3,12h
1018,Main Story,Nintendo GameCube,12h 01m
1018,Main Story,PlayStation 2,12h 15m
1018,Main Story,PC,12h 15m
1018,Main Story,PC,12h 29m
1018,Main Story,PlayStation 3,12h 30m
1018,Main Story,PC,12h 30m
1018,Main Story,Xbox 360,12h 32m
1018,Main Story,PC,12h 42m
1018,Main Story,PlayStation 2,12h 42m
1018,Main Story,PlayStation 2,12h 51m
1018,Main Story,PC,12h 54m
1018,Main Story,PlayStation 3,13h
1018,Main Story,PlayStation 2,13h
1018,Main Story,Xbox 360,13h
1018,Main Story,PlayStation 3,13h
1018,Main Story,Xbox,13h
1018,Main Story,PC,13h
1018,Main Story,PC,13h
1018,Main Story,PlayStation 3,13h 14m
1018,Main Story,PC,13h 30m
1018,Main Story,PC,13h 30m
1018,Main Story,Xbox One,14h
1018,Main Story,PlayStation 2,14h
1018,Main Story,PlayStation 3,14h
1018,Main Story,PlayStation 2,15h
1018,Main Story,PC,15h
1018,Main Story,PlayStation 2,15h 33m
1018,Main Story,Nintendo GameCube,16h
1018,Main Story,Nintendo GameCube,16h 30m
1018,Main + Extras,PlayStation 3,6h 30m
1018,Main + Extras,Nintendo GameCube,7h
1018,Main + Extras,Xbox,7h 23m
1018,Main + Extras,PC,7h 30m
1018,Main + Extras,NA,7h 33m
1018,Main + Extras,Xbox 360,7h 46m
1018,Main + Extras,PC,8h
1018,Main + Extras,PC,8h
1018,Main + Extras,Nintendo GameCube,8h 09m
1018,Main + Extras,PC,8h 13m
1018,Main + Extras,PC,8h 30m
1018,Main + Extras,PC,8h 30m
1018,Main + Extras,PC,8h 35m
1018,Main + Extras,Xbox 360,8h 40m
1018,Main + Extras,PC,8h 42m
1018,Main + Extras,PC,8h 45m
1018,Main + Extras,PC,8h 46m
1018,Main + Extras,PC,8h 48m
1018,Main + Extras,PC,8h 49m
1018,Main + Extras,PlayStation 3,8h 56m
1018,Main + Extras,PlayStation 2,8h 57m
1018,Main + Extras,PlayStation 3,9h
1018,Main + Extras,Xbox,9h
1018,Main + Extras,PC,9h 19m
1018,Main + Extras,PC,9h 30m
1018,Main + Extras,PC,9h 30m
1018,Main + Extras,PC,9h 33m
1018,Main + Extras,PC,9h 34m
1018,Main + Extras,PlayStation 3,9h 47m
1018,Main + Extras,PC,9h 49m
1018,Main + Extras,Xbox 360,9h 55m
1018,Main + Extras,NA,10h
1018,Main + Extras,PC,10h
1018,Main + Extras,PlayStation 3,10h
1018,Main + Extras,PC,10h
1018,Main + Extras,Xbox One,10h
1018,Main + Extras,PlayStation 3,10h
1018,Main + Extras,PlayStation 3,10h
1018,Main + Extras,Nintendo GameCube,10h 04m
1018,Main + Extras,Xbox One,10h 06m
1018,Main + Extras,Nintendo GameCube,10h 20m
1018,Main + Extras,PC,10h 21m
1018,Main + Extras,PC,10h 23m
1018,Main + Extras,PC,10h 24m
1018,Main + Extras,PlayStation 3,10h 26m
1018,Main + Extras,PlayStation 3,10h 30m
1018,Main + Extras,PlayStation 3,10h 30m
1018,Main + Extras,PC,10h 30m
1018,Main + Extras,Nintendo GameCube,10h 30m
1018,Main + Extras,PlayStation 3,10h 34m
1018,Main + Extras,Nintendo GameCube,11h
1018,Main + Extras,PC,11h
1018,Main + Extras,PlayStation 2,11h
1018,Main + Extras,PC,11h
1018,Main + Extras,Xbox 360,11h
1018,Main + Extras,PC,11h
1018,Main + Extras,PC,11h
1018,Main + Extras,PC,11h
1018,Main + Extras,PC,11h
1018,Main + Extras,Xbox One,11h
1018,Main + Extras,PC,11h
1018,Main + Extras,Xbox 360,11h
1018,Main + Extras,PlayStation 2,11h
1018,Main + Extras,PC,11h
1018,Main + Extras,PlayStation 2,11h
1018,Main + Extras,PC,11h 05m
1018,Main + Extras,PC,11h 15m
1018,Main + Extras,Xbox One,11h 15m
1018,Main + Extras,PC,11h 20m
1018,Main + Extras,Xbox 360,11h 20m
1018,Main + Extras,PlayStation 2,11h 23m
1018,Main + Extras,PlayStation 2,11h 28m
1018,Main + Extras,PC,11h 30m
1018,Main + Extras,PC,11h 31m
1018,Main + Extras,Xbox 360,11h 43m
1018,Main + Extras,PC,11h 50m
1018,Main + Extras,Xbox 360,12h
1018,Main + Extras,PC,12h
1018,Main + Extras,PlayStation 3,12h
1018,Main + Extras,PC,12h
1018,Main + Extras,Nintendo GameCube,12h
1018,Main + Extras,PC,12h
1018,Main + Extras,PlayStation 3,12h
1018,Main + Extras,Nintendo GameCube,12h
1018,Main + Extras,PC,12h
1018,Main + Extras,PlayStation 2,12h
1018,Main + Extras,Xbox 360,12h
1018,Main + Extras,Nintendo GameCube,12h
1018,Main + Extras,PlayStation 2,12h
1018,Main + Extras,PlayStation 2,12h
1018,Main + Extras,Xbox,12h
1018,Main + Extras,PC,12h
1018,Main + Extras,PC,12h
1018,Main + Extras,Xbox 360,12h
1018,Main + Extras,PC,12h
1018,Main + Extras,PC,12h 12m
1018,Main + Extras,PlayStation 2,12h 20m
1018,Main + Extras,PlayStation 3,12h 30m
1018,Main + Extras,PlayStation 3,12h 30m
1018,Main + Extras,PC,12h 30m
1018,Main + Extras,PC,12h 30m
1018,Main + Extras,Nintendo GameCube,12h 30m
1018,Main + Extras,PC,12h 30m
1018,Main + Extras,PlayStation 2,12h 40m
1018,Main + Extras,PlayStation 3,12h 41m
1018,Main + Extras,PC,12h 48m
1018,Main + Extras,PlayStation 3,12h 56m
1018,Main + Extras,NA,13h
1018,Main + Extras,PlayStation 3,13h
1018,Main + Extras,PC,13h
1018,Main + Extras,PC,13h
1018,Main + Extras,PlayStation 2,13h
1018,Main + Extras,PlayStation 2,13h
1018,Main + Extras,PC,13h
1018,Main + Extras,PC,13h
1018,Main + Extras,PC,13h
1018,Main + Extras,Xbox 360,13h
1018,Main + Extras,PC,13h
1018,Main + Extras,PC,13h 06m
1018,Main + Extras,PlayStation 3,13h 07m
1018,Main + Extras,PlayStation 2,13h 15m
1018,Main + Extras,PC,13h 30m
1018,Main + Extras,Xbox One,13h 30m
1018,Main + Extras,Xbox 360,13h 30m
1018,Main + Extras,Xbox 360,13h 30m
1018,Main + Extras,PlayStation 2,13h 30m
1018,Main + Extras,Xbox 360,13h 30m
1018,Main + Extras,PC,13h 36m
1018,Main + Extras,PC,13h 39m
1018,Main + Extras,NA,14h
1018,Main + Extras,Nintendo GameCube,14h
1018,Main + Extras,Xbox 360,14h
1018,Main + Extras,PC,14h
1018,Main + Extras,PlayStation 3,14h 12m
1018,Main + Extras,PC,14h 15m
1018,Main + Extras,PC,14h 15m
1018,Main + Extras,PlayStation 2,14h 30m
1018,Main + Extras,PC,14h 30m
1018,Main + Extras,PC,14h 30m
1018,Main + Extras,Nintendo GameCube,14h 31m
1018,Main + Extras,Xbox 360,14h 33m
1018,Main + Extras,PlayStation 3,14h 57m
1018,Main + Extras,PC,15h
1018,Main + Extras,PC,15h
1018,Main + Extras,PlayStation 2,15h
1018,Main + Extras,PC,15h
1018,Main + Extras,PlayStation 3,15h
1018,Main + Extras,PC,15h 17m
1018,Main + Extras,PlayStation 3,15h 28m
1018,Main + Extras,PC,15h 36m
1018,Main + Extras,Xbox 360,15h 47m
1018,Main + Extras,Xbox 360,15h 48m
1018,Main + Extras,PlayStation 3,15h 50m
1018,Main + Extras,Xbox 360,16h
1018,Main + Extras,PC,16h 32m
1018,Main + Extras,PlayStation 2,17h
1018,Main + Extras,PlayStation 2,17h
1018,Main + Extras,Xbox 360,17h
1018,Main + Extras,PC,17h
1018,Main + Extras,PlayStation 2,18h
1018,Main + Extras,PC,19h 30m
1018,Main + Extras,Xbox,20h
1018,Main + Extras,PC,20h
1018,Main + Extras,PC,20h
1018,Main + Extras,PC,20h 20m
1018,Completionists,PC,8h 03m
1018,Completionists,PlayStation 3,8h 30m
1018,Completionists,PC,8h 51m
1018,Completionists,PC,9h
1018,Completionists,PlayStation 3,9h
1018,Completionists,NA,9h 06m
1018,Completionists,PlayStation 3,9h 06m
1018,Completionists,PC,9h 20m
1018,Completionists,PlayStation 3,9h 22m
1018,Completionists,PlayStation 3,9h 26m
1018,Completionists,PC,9h 30m
1018,Completionists,PC,10h
1018,Completionists,PC,10h
1018,Completionists,PC,10h
1018,Completionists,PC,10h
1018,Completionists,Xbox 360,10h
1018,Completionists,PC,10h
1018,Completionists,PlayStation 3,10h 04m
1018,Completionists,PC,10h 05m
1018,Completionists,Xbox 360,10h 09m
1018,Completionists,Xbox 360,10h 10m
1018,Completionists,PlayStation 3,10h 11m
1018,Completionists,PlayStation 3,10h 20m
1018,Completionists,PlayStation 3,10h 25m
1018,Completionists,PlayStation 3,10h 30m
1018,Completionists,Xbox 360,10h 32m
1018,Completionists,PC,10h 32m
1018,Completionists,Xbox 360,10h 47m
1018,Completionists,PC,10h 54m
1018,Completionists,PlayStation 2,11h
1018,Completionists,PC,11h
1018,Completionists,PC,11h
1018,Completionists,PC,11h
1018,Completionists,PlayStation 3,11h
1018,Completionists,PC,11h
1018,Completionists,PC,11h
1018,Completionists,Xbox 360,11h
1018,Completionists,PC,11h 10m
1018,Completionists,PC,11h 12m
1018,Completionists,PC,11h 15m
1018,Completionists,PC,11h 20m
1018,Completionists,PlayStation 2,11h 27m
1018,Completionists,PlayStation 3,11h 30m
1018,Completionists,PC,11h 34m
1018,Completionists,PlayStation 3,11h 36m
1018,Completionists,PlayStation 3,11h 37m
1018,Completionists,Xbox 360,11h 39m
1018,Completionists,Xbox 360,11h 40m
1018,Completionists,PC,11h 43m
1018,Completionists,PlayStation 3,11h 55m
1018,Completionists,PC,11h 55m
1018,Completionists,PlayStation 3,12h
1018,Completionists,PlayStation 3,12h
1018,Completionists,PlayStation 2,12h
1018,Completionists,Xbox 360,12h
1018,Completionists,Xbox 360,12h
1018,Completionists,PlayStation 3,12h
1018,Completionists,PC,12h
1018,Completionists,PC,12h
1018,Completionists,PlayStation 3,12h
1018,Completionists,PC,12h
1018,Completionists,Xbox 360,12h
1018,Completionists,PC,12h
1018,Completionists,PC,12h
1018,Completionists,PC,12h 10m
1018,Completionists,PC,12h 18m
1018,Completionists,PC,12h 30m
1018,Completionists,PC,12h 37m
1018,Completionists,Xbox 360,12h 43m
1018,Completionists,Xbox,12h 47m
1018,Completionists,PC,12h 50m
1018,Completionists,PC,13h
1018,Completionists,PlayStation 2,13h
1018,Completionists,Nintendo GameCube,13h
1018,Completionists,Xbox 360,13h
1018,Completionists,PlayStation 2,13h
1018,Completionists,PC,13h
1018,Completionists,PC,13h
1018,Completionists,PC,13h
1018,Completionists,Xbox 360,13h
1018,Completionists,NA,13h
1018,Completionists,PC,13h
1018,Completionists,Xbox 360,13h
1018,Completionists,PC,13h
1018,Completionists,PlayStation 3,13h
1018,Completionists,PC,13h
1018,Completionists,PlayStation 3,13h
1018,Completionists,PlayStation 3,13h 01m
1018,Completionists,PC,13h 05m
1018,Completionists,PC,13h 10m
1018,Completionists,PlayStation 3,13h 11m
1018,Completionists,PC,13h 15m
1018,Completionists,PlayStation 3,13h 15m
1018,Completionists,PlayStation 3,13h 30m
1018,Completionists,PlayStation 3,13h 34m
1018,Completionists,PlayStation 3,13h 51m
1018,Completionists,PC,14h
1018,Completionists,Xbox 360,14h
1018,Completionists,PC,14h
1018,Completionists,PlayStation 2,14h
1018,Completionists,PlayStation 3,14h 04m
1018,Completionists,PlayStation 3,14h 12m
1018,Completionists,PlayStation 3,14h 23m
1018,Completionists,Xbox 360,14h 30m
1018,Completionists,Xbox 360,14h 30m
1018,Completionists,PC,14h 30m
1018,Completionists,Xbox 360,14h 30m
1018,Completionists,PlayStation 2,14h 34m
1018,Completionists,PlayStation 3,14h 36m
1018,Completionists,PlayStation 3,14h 39m
1018,Completionists,PlayStation 3,14h 40m
1018,Completionists,Xbox,14h 54m
1018,Completionists,PC,14h 57m
1018,Completionists,NA,15h
1018,Completionists,PC,15h
1018,Completionists,PC,15h
1018,Completionists,PC,15h
1018,Completionists,PC,15h
1018,Completionists,Xbox 360,15h
1018,Completionists,PlayStation 3,15h
1018,Completionists,Xbox,15h
1018,Completionists,PC,15h
1018,Completionists,Nintendo GameCube,15h
1018,Completionists,PlayStation 3,15h
1018,Completionists,PC,15h
1018,Completionists,PlayStation 3,15h 30m
1018,Completionists,Xbox 360,16h
1018,Completionists,PC,16h
1018,Completionists,Nintendo GameCube,16h 15m
1018,Completionists,PlayStation 3,17h
1018,Completionists,Xbox 360,17h
1018,Completionists,PC,17h 24m
1018,Completionists,PC,18h
1018,Completionists,Nintendo GameCube,18h
1018,Completionists,Xbox 360,19h
1018,Completionists,PC,20h
1018,Completionists,PlayStation 3,20h
1018,Completionists,PlayStation 2,20h
1018,Completionists,PlayStation 2,20h
1018,Completionists,PC,21h 06m
1018,Completionists,PlayStation 3,23h 58m
1018,Completionists,PC,24h
1018,Completionists,Nintendo GameCube,24h
1018,Completionists,PC,29h
1018,Speed Run - Any%,Xbox 360,3h 42m 18s
