id,type,platform,time
10195,Main Story,PC,14h 07m
10195,Main Story,PC,16h
10195,Main Story,PC,19h 12m
10195,Main Story,PC,20h
10195,Main Story,PC,20h
10195,Main Story,PC,21h
10195,Main Story,PC,25h
10195,Main Story,PC,25h 12m
10195,Main Story,PC,28h 01m
10195,Main Story,PC,30h
10195,Main Story,PC,30h
10195,Main Story,PC,33h 28m
10195,Main Story,PC,38h
10195,Main Story,PC,39h 36m
10195,Main Story,PC,40h
10195,Main Story,PC,50h
10195,Main Story,PC,59h
10195,Main Story,PC,60h
10195,Main Story,PC,66h
10195,Main Story,NA,99h
10195,Main Story,PC,157h
10195,Main Story,PC,233h
10195,Main Story,PC,450h
10195,Main + Extras,PC,19h 10m
10195,Main + Extras,PC,20h
10195,Main + Extras,PC,24h
10195,Main + Extras,PC,30h
10195,Main + Extras,PC,61h
10195,Main + Extras,PC,70h
10195,Main + Extras,PC,70h
10195,Main + Extras,PC,70h
10195,Main + Extras,PC,100h
10195,Main + Extras,PC,200h
10195,Completionists,PC,50h
10195,Completionists,PC,70h
10195,Completionists,PC,80h
10195,Completionists,PC,120h
10195,Completionists,PC,368h 15m
