id,type,platform,time
10194,Main Story,Nintendo 3DS,45m
10194,Main Story,Xbox 360,1h 40m
10194,Main Story,Xbox 360,2h
10194,Main Story,PlayStation 3,2h
10194,Main Story,PlayStation 3,2h 45m
10194,Main Story,PlayStation 3,3h
10194,Main Story,PlayStation 3,3h 26m
10194,Main Story,PlayStation 3,3h 30m
10194,Main Story,Nintendo 3DS,3h 35m
10194,Main Story,Xbox 360,3h 45m
10194,Main Story,Xbox 360,4h
10194,Main Story,Nintendo 3DS,4h
10194,Main Story,Xbox 360,4h
10194,Main Story,Xbox 360,4h
10194,Main Story,PlayStation 3,4h 21m
10194,Main Story,PlayStation 3,4h 30m
10194,Main Story,PlayStation 3,4h 37m
10194,Main Story,PlayStation 3,5h
10194,Main Story,Xbox 360,5h 33m
10194,Main Story,Xbox 360,5h 40m
10194,Main Story,PlayStation 3,5h 55m
10194,Main Story,PlayStation 3,6h
10194,Main Story,Xbox 360,6h
10194,Main Story,Xbox 360,6h 13m
10194,Main Story,PlayStation 3,6h 13m
10194,Main Story,PlayStation 3,6h 22m
10194,Main Story,PlayStation 3,6h 30m
10194,Main Story,Xbox 360,6h 42m
10194,Main Story,Xbox 360,6h 43m
10194,Main Story,PlayStation 3,6h 55m
10194,Main Story,PlayStation 3,7h
10194,Main Story,PlayStation 3,7h
10194,Main Story,Xbox 360,7h
10194,Main Story,PlayStation 3,7h 12m
10194,Main Story,PlayStation 3,7h 15m
10194,Main Story,PlayStation 3,7h 26m
10194,Main Story,PlayStation 3,7h 50m
10194,Main Story,PlayStation 3,7h 57m
10194,Main Story,PlayStation 3,8h 08m
10194,Main Story,Nintendo 3DS,8h 12m
10194,Main Story,PlayStation 3,8h 14m
10194,Main Story,Xbox 360,8h 31m
10194,Main Story,PlayStation 3,8h 34m
10194,Main Story,PlayStation 3,8h 42m
10194,Main Story,PlayStation 3,9h
10194,Main Story,PlayStation 3,9h
10194,Main Story,PlayStation 3,9h 09m
10194,Main Story,PlayStation 3,9h 15m
10194,Main Story,Xbox 360,9h 30m
10194,Main Story,PlayStation 3,9h 30m
10194,Main Story,PlayStation 3,9h 36m
10194,Main Story,PlayStation 3,9h 50m
10194,Main Story,PlayStation 3,9h 52m
10194,Main Story,Xbox 360,10h
10194,Main Story,Xbox 360,10h
10194,Main Story,PlayStation 3,10h
10194,Main Story,PlayStation 3,10h
10194,Main Story,Xbox 360,10h
10194,Main Story,Nintendo 3DS,10h 30m
10194,Main Story,Xbox 360,10h 30m
10194,Main Story,Xbox 360,10h 33m
10194,Main Story,PlayStation 3,11h
10194,Main Story,PlayStation 3,11h 25m
10194,Main Story,PlayStation 3,11h 28m
10194,Main Story,PlayStation 3,12h
10194,Main Story,PlayStation 3,12h
10194,Main Story,PlayStation 3,12h
10194,Main Story,PlayStation 3,12h
10194,Main Story,Nintendo 3DS,12h
10194,Main Story,PlayStation 3,12h 02m
10194,Main Story,PlayStation 3,12h 03m
10194,Main Story,PlayStation 3,12h 13m
10194,Main Story,PlayStation 3,12h 15m
10194,Main Story,PlayStation 3,12h 16m
10194,Main Story,PlayStation 3,12h 25m
10194,Main Story,PlayStation 3,12h 30m
10194,Main Story,PlayStation 3,12h 37m
10194,Main Story,PlayStation 3,12h 47m
10194,Main Story,PlayStation 3,12h 50m
10194,Main Story,PlayStation 3,13h
10194,Main Story,PlayStation 3,13h 06m
10194,Main Story,PlayStation 3,13h 20m
10194,Main Story,PlayStation 3,13h 20m
10194,Main Story,PlayStation 3,13h 23m
10194,Main Story,Xbox 360,13h 24m
10194,Main Story,PlayStation 3,13h 45m
10194,Main Story,PlayStation 3,13h 54m
10194,Main Story,PlayStation 3,13h 58m
10194,Main Story,PlayStation 3,14h
10194,Main Story,PlayStation 3,14h 08m
10194,Main Story,PlayStation 3,14h 11m
10194,Main Story,PlayStation 3,14h 30m
10194,Main Story,PlayStation 3,14h 30m
10194,Main Story,Xbox 360,14h 32m
10194,Main Story,PlayStation 3,14h 35m
10194,Main Story,PlayStation 3,14h 47m
10194,Main Story,Nintendo 3DS,14h 52m
10194,Main Story,PlayStation 3,15h
10194,Main Story,Xbox 360,15h
10194,Main Story,PlayStation 3,15h
10194,Main Story,Xbox 360,15h 02m
10194,Main Story,Xbox 360,15h 05m
10194,Main Story,PlayStation 3,15h 34m
10194,Main Story,PlayStation 3,15h 34m
10194,Main Story,PlayStation 3,15h 45m
10194,Main Story,Xbox 360,16h
10194,Main Story,PlayStation 3,16h
10194,Main Story,PlayStation 3,16h 17m
10194,Main Story,PlayStation 3,16h 28m
10194,Main Story,Xbox 360,16h 30m
10194,Main Story,PlayStation 3,16h 42m
10194,Main Story,Nintendo 3DS,16h 42m
10194,Main Story,PlayStation 3,17h
10194,Main Story,PlayStation 3,17h
10194,Main Story,PlayStation 3,17h 03m
10194,Main Story,PlayStation 3,17h 31m
10194,Main Story,Nintendo 3DS,17h 49m
10194,Main Story,Xbox 360,17h 55m
10194,Main Story,Nintendo 3DS,18h
10194,Main Story,PlayStation 3,18h
10194,Main Story,PlayStation 3,18h 30m
10194,Main Story,PlayStation 3,18h 34m
10194,Main Story,Xbox 360,19h
10194,Main Story,Nintendo 3DS,19h 15m
10194,Main Story,PlayStation 3,19h 18m
10194,Main Story,PlayStation 3,20h
10194,Main Story,PlayStation 3,20h
10194,Main Story,Xbox 360,20h
10194,Main Story,Xbox 360,20h
10194,Main Story,PlayStation 3,20h 10m
10194,Main Story,PlayStation 3,20h 13m
10194,Main Story,PlayStation 3,22h
10194,Main Story,Xbox 360,22h 10m
10194,Main Story,PlayStation 3,22h 17m
10194,Main Story,Nintendo 3DS,22h 30m
10194,Main Story,Nintendo 3DS,23h 33m
10194,Main Story,Xbox 360,23h 47m
10194,Main Story,PlayStation 3,23h 49m
10194,Main Story,PlayStation 3,24h 20m
10194,Main Story,PlayStation 3,25h
10194,Main Story,Xbox 360,25h 10m
10194,Main Story,Nintendo 3DS,25h 25m
10194,Main Story,PlayStation 3,25h 48m
10194,Main Story,PlayStation 3,26h 37m
10194,Main Story,Nintendo 3DS,28h
10194,Main Story,Xbox 360,29h 46m
10194,Main Story,PlayStation 3,29h 47m
10194,Main Story,PlayStation 3,30h
10194,Main Story,Nintendo 3DS,30h 28m
10194,Main Story,PlayStation 3,31h 50m
10194,Main Story,Nintendo 3DS,32h
10194,Main Story,Nintendo 3DS,33h
10194,Main Story,PlayStation 3,33h 41m
10194,Main Story,PlayStation 3,34h 14m
10194,Main Story,Nintendo 3DS,34h 25m
10194,Main Story,PlayStation 3,35h
10194,Main Story,PlayStation 3,35h
10194,Main Story,PlayStation 3,37h
10194,Main Story,Xbox 360,38h
10194,Main Story,Xbox 360,39h 58m
10194,Main Story,Xbox 360,46h
10194,Main Story,PlayStation 3,46h 12m
10194,Main Story,PlayStation 3,48h
10194,Main Story,PlayStation 3,49h 54m
10194,Main Story,Xbox 360,52h
10194,Main Story,PlayStation 3,52h 15m
10194,Main Story,Xbox 360,54h
10194,Main Story,Xbox 360,78h
10194,Main Story,Xbox 360,90h
10194,Main Story,PlayStation 3,93h 35m
10194,Main + Extras,Nintendo 3DS,1h
10194,Main + Extras,Xbox 360,2h 05m
10194,Main + Extras,Xbox 360,4h 30m
10194,Main + Extras,Xbox 360,5h
10194,Main + Extras,PlayStation 3,7h
10194,Main + Extras,PlayStation 3,8h 30m
10194,Main + Extras,PlayStation 3,9h 45m
10194,Main + Extras,PlayStation 3,10h
10194,Main + Extras,PlayStation 3,10h 20m
10194,Main + Extras,PlayStation 3,10h 30m
10194,Main + Extras,Xbox 360,12h
10194,Main + Extras,PlayStation 3,14h 30m
10194,Main + Extras,PlayStation 3,14h 35m
10194,Main + Extras,PlayStation 3,14h 43m
10194,Main + Extras,PlayStation 3,14h 59m
10194,Main + Extras,PlayStation 3,15h
10194,Main + Extras,PlayStation 3,15h
10194,Main + Extras,PlayStation 3,15h 09m
10194,Main + Extras,PlayStation 3,16h
10194,Main + Extras,PlayStation 3,16h
10194,Main + Extras,PlayStation 3,16h 30m
10194,Main + Extras,PlayStation 3,17h 20m
10194,Main + Extras,Xbox 360,17h 48m
10194,Main + Extras,PlayStation 3,18h 15m
10194,Main + Extras,Xbox 360,19h
10194,Main + Extras,PlayStation 3,19h 40m
10194,Main + Extras,PlayStation 3,20h 10m
10194,Main + Extras,PlayStation 3,21h 24m
10194,Main + Extras,PlayStation 3,21h 25m
10194,Main + Extras,Nintendo 3DS,22h
10194,Main + Extras,PlayStation 3,22h 15m
10194,Main + Extras,PlayStation 3,24h
10194,Main + Extras,PlayStation 3,25h
10194,Main + Extras,Xbox 360,25h 40m
10194,Main + Extras,Nintendo 3DS,25h 48m
10194,Main + Extras,Xbox 360,28h
10194,Main + Extras,Xbox 360,29h 22m
10194,Main + Extras,PlayStation 3,29h 57m
10194,Main + Extras,Xbox 360,30h
10194,Main + Extras,Nintendo 3DS,30h
10194,Main + Extras,PlayStation 3,30h
10194,Main + Extras,Nintendo 3DS,30h 18m
10194,Main + Extras,PlayStation 3,37h 15m
10194,Main + Extras,PlayStation 3,40h
10194,Main + Extras,Xbox 360,40h
10194,Main + Extras,Nintendo 3DS,41h 03m
10194,Main + Extras,Nintendo 3DS,41h 32m
10194,Main + Extras,PlayStation 3,41h 57m
10194,Main + Extras,PlayStation 3,45h
10194,Main + Extras,PlayStation 3,48h 30m
10194,Main + Extras,Xbox 360,50h
10194,Main + Extras,Xbox 360,62h 28m
10194,Main + Extras,Xbox 360,62h 32m
10194,Main + Extras,PlayStation 3,65h
10194,Main + Extras,PlayStation 3,65h
10194,Main + Extras,Nintendo 3DS,68h
10194,Main + Extras,PlayStation 3,74h 55m
10194,Main + Extras,PlayStation 3,75h
10194,Main + Extras,Xbox 360,76h 50m
10194,Main + Extras,Nintendo 3DS,79h 42m
10194,Main + Extras,PlayStation 3,80h
10194,Main + Extras,Nintendo 3DS,80h 54m
10194,Main + Extras,Xbox 360,106h
10194,Main + Extras,PlayStation 3,109h 54m
10194,Main + Extras,PlayStation 3,175h 40m
10194,Main + Extras,Xbox 360,200h
10194,Main + Extras,Xbox 360,500h
10194,Completionists,Xbox 360,2h 06m
10194,Completionists,Xbox 360,5h 30m
10194,Completionists,PlayStation 3,5h 45m
10194,Completionists,Xbox 360,8h
10194,Completionists,Nintendo 3DS,10h
10194,Completionists,PlayStation 3,10h 15m
10194,Completionists,PlayStation 3,11h 08m
10194,Completionists,PlayStation 3,11h 10m
10194,Completionists,Nintendo 3DS,11h 30m
10194,Completionists,PlayStation 3,12h
10194,Completionists,PlayStation 3,12h 12m
10194,Completionists,PlayStation 3,12h 13m
10194,Completionists,PlayStation 3,16h 34m
10194,Completionists,Nintendo 3DS,18h 57m
10194,Completionists,PlayStation 3,20h
10194,Completionists,Nintendo 3DS,24h
10194,Completionists,PlayStation 3,25h
10194,Completionists,PlayStation 3,28h 30m
10194,Completionists,Xbox 360,30h
10194,Completionists,PlayStation 3,30h 30m
10194,Completionists,PlayStation 3,31h
10194,Completionists,Xbox 360,31h 21m
10194,Completionists,Nintendo 3DS,38h 52m
10194,Completionists,Xbox 360,40h 02m
10194,Completionists,PlayStation 3,40h 20m
10194,Completionists,Nintendo 3DS,40h 36m
10194,Completionists,PlayStation 3,41h
10194,Completionists,PlayStation 3,45h
10194,Completionists,Xbox 360,45h 12m
10194,Completionists,PlayStation 3,47h 36m
10194,Completionists,Xbox 360,52h
10194,Completionists,PlayStation 3,56h
10194,Completionists,Xbox 360,61h 32m
10194,Completionists,PlayStation 3,62h
10194,Completionists,Xbox 360,63h
10194,Completionists,Xbox 360,70h
10194,Completionists,Xbox 360,77h
10194,Completionists,Xbox 360,77h
10194,Completionists,Nintendo 3DS,79h
10194,Completionists,NA,82h
10194,Completionists,Xbox 360,94h
10194,Completionists,PlayStation 3,98h 24m
10194,Completionists,PlayStation 3,100h
10194,Completionists,Xbox 360,104h
10194,Completionists,PlayStation 3,105h
10194,Completionists,PlayStation 3,145h
10194,Completionists,PlayStation 3,150h
10194,Completionists,Xbox 360,176h 42m
10194,Completionists,Xbox 360,246h
10194,Completionists,PlayStation 3,306h 23m
10194,Completionists,Xbox 360,800h
