id,type,platform,time
1019,Main Story,Sega Mega Drive/Genesis,3h 40m
1019,Main Story,Sega Mega Drive/Genesis,3h 45m
1019,Main Story,PC,4h 29m
1019,Main Story,Sega Mega Drive/Genesis,4h 35m
1019,Main Story,Sega Mega Drive/Genesis,5h 01m
1019,Main Story,Sega Mega Drive/Genesis,5h 02m
1019,Main Story,PC,5h 09m
1019,Main Story,Sega Mega Drive/Genesis,5h 29m
1019,Main Story,Sega Mega Drive/Genesis,5h 31m
1019,Main Story,Sega Mega Drive/Genesis,6h
1019,Main Story,Wii,6h
1019,Main Story,Sega Mega Drive/Genesis,6h
1019,Main Story,Sega Mega Drive/Genesis,6h 10m
1019,Main Story,Sega Mega Drive/Genesis,6h 15m
1019,Main Story,Sega Mega Drive/Genesis,6h 15m
1019,Main Story,Sega Mega Drive/Genesis,6h 25m
1019,Main Story,Sega Mega Drive/Genesis,6h 40m
1019,Main Story,PlayStation 3,6h 58m
1019,Main Story,Sega Mega Drive/Genesis,7h
1019,Main Story,Sega Mega Drive/Genesis,7h
1019,Main Story,Sega Mega Drive/Genesis,7h
1019,Main Story,Sega Mega Drive/Genesis,7h 38m
1019,Main Story,Sega Mega Drive/Genesis,8h
1019,Main Story,PlayStation 3,8h 57m
1019,Main Story,Emulated,10h 15m
1019,Main + Extras,Sega Mega Drive/Genesis,4h 37m
1019,Main + Extras,Sega Mega Drive/Genesis,4h 38m
1019,Main + Extras,Xbox 360,5h 40m
1019,Main + Extras,Sega Mega Drive/Genesis,6h
1019,Main + Extras,Emulated,6h
1019,Main + Extras,Sega Mega Drive/Genesis,6h
1019,Main + Extras,PC,6h 48m
1019,Main + Extras,Sega Mega Drive/Genesis,6h 58m
1019,Main + Extras,Sega Mega Drive/Genesis,7h 12m
1019,Main + Extras,PC,9h 43m
1019,Main + Extras,Sega Mega Drive/Genesis,10h 12m
1019,Completionists,Sega Mega Drive/Genesis,10h 16m
1019,Completionists,Sega Mega Drive/Genesis,20h
