id,type,platform,time
10206,Main Story,PlayStation 3,17h
10206,Main Story,PlayStation 3,20h
10206,Main Story,PlayStation Vita,20h
10206,Main Story,PlayStation 3,22h 13m
10206,Main Story,PlayStation 3,24h 14m
10206,Main Story,PlayStation 3,25h 32m
10206,Main Story,PlayStation Vita,30h
10206,Main + Extras,PlayStation Vita,25h
10206,Main + Extras,PlayStation 3,26h 05m
10206,Main + Extras,PlayStation 3,28h
10206,Main + Extras,PlayStation 3,28h
10206,Main + Extras,PlayStation 3,30h
10206,Main + Extras,PlayStation 3,30h
10206,Main + Extras,PlayStation 3,31h 38m
10206,Main + Extras,PlayStation 3,33h 18m
10206,Main + Extras,PlayStation 3,38h
10206,Main + Extras,PlayStation 3,41h 41m
10206,Main + Extras,PlayStation 3,41h 46m
10206,Completionists,PlayStation 3,24h 33m
10206,Completionists,PlayStation 3,25h
10206,Completionists,PlayStation 3,27h 51m
10206,Completionists,PlayStation 3,28h 51m
10206,Completionists,PlayStation 3,29h 01m
10206,Completionists,PlayStation 3,31h
10206,Completionists,PlayStation 3,32h
10206,Completionists,PlayStation 3,34h
10206,Completionists,PlayStation 3,37h 55m
10206,Completionists,PlayStation 3,38h 31m
10206,Completionists,PlayStation 3,40h
10206,Completionists,PlayStation 3,42h 30m
10206,Completionists,PlayStation 3,45h 21m
