id,type,platform,time
10212,Main Story,Game Boy Advance,1h
10212,Main Story,Game Boy Advance,1h 03m
10212,Main Story,Game Boy Advance,1h 25m
10212,Main Story,PC,1h 44m
10212,Main Story,Game Boy,2h
10212,Main Story,PC,2h 27m
10212,Main Story,PC,3h
10212,Main Story,Nintendo GameCube,5h 25m
10212,Main Story,PlayStation 2,5h 35m
10212,Main Story,PlayStation 2,5h 56m
10212,Main Story,PlayStation 2,6h
10212,Main Story,PlayStation 2,9h
10212,Main Story,PlayStation 2,9h
10212,Main Story,PC,9h
10212,Main Story,Nintendo GameCube,9h 15m
10212,Main Story,PlayStation 2,9h 15m
10212,Main Story,Nintendo GameCube,10h
10212,Main Story,Nintendo GameCube,10h
10212,Main Story,Nintendo GameCube,10h
10212,Main Story,Xbox,11h
10212,Main Story,Nintendo GameCube,12h
10212,Main Story,Nintendo GameCube,12h
10212,Main Story,Nintendo GameCube,13h
10212,Main Story,PlayStation 2,27h 22m
10212,Main + Extras,Xbox,8h 51m
10212,Main + Extras,Nintendo GameCube,9h
10212,Main + Extras,PlayStation 2,9h 12m
10212,Main + Extras,PlayStation 2,9h 23m
10212,Main + Extras,PlayStation 2,9h 30m
10212,Main + Extras,PlayStation 2,9h 30m
10212,Main + Extras,Nintendo GameCube,12h
10212,Main + Extras,Nintendo GameCube,15h
10212,Main + Extras,PlayStation 2,15h 23m
10212,Completionists,PlayStation 2,9h
10212,Completionists,Nintendo GameCube,9h 13m
10212,Completionists,Nintendo GameCube,10h
10212,Completionists,PlayStation 2,10h
10212,Completionists,Nintendo GameCube,13h
