id,type,platform,time
10215,Main Story,Nintendo 3DS,1h 46m
10215,Main Story,Nintendo 3DS,1h 54m
10215,Main Story,Nintendo 3DS,2h 05m
10215,Main Story,Nintendo 3DS,2h 11m
10215,Main Story,Nintendo 3DS,2h 19m
10215,Main Story,Nintendo 3DS,2h 27m
10215,Main Story,Nintendo 3DS,2h 28m
10215,Main Story,Nintendo 3DS,2h 30m
10215,Main Story,Nintendo 3DS,2h 45m
10215,Main Story,Nintendo 3DS,3h 12m
10215,Main + Extras,Nintendo 3DS,2h 04m
10215,Main + Extras,Nintendo 3DS,2h 18m
10215,Main + Extras,Nintendo 3DS,2h 19m
10215,Main + Extras,Nintendo 3DS,2h 50m
10215,Main + Extras,Nintendo 3DS,2h 50m
10215,Main + Extras,Nintendo 3DS,3h
10215,Main + Extras,Nintendo 3DS,4h
10215,Completionists,Nintendo 3DS,1h 47m
10215,Completionists,Nintendo 3DS,1h 49m
10215,Completionists,Nintendo 3DS,2h 10m
10215,Completionists,Nintendo 3DS,2h 11m
10215,Completionists,Nintendo 3DS,2h 12m
10215,Completionists,Nintendo 3DS,2h 21m
10215,Completionists,Nintendo 3DS,2h 31m
10215,Completionists,Nintendo 3DS,2h 34m
10215,Completionists,Nintendo 3DS,2h 40m
10215,Completionists,Nintendo 3DS,2h 44m
10215,Completionists,Nintendo 3DS,2h 45m
10215,Completionists,Nintendo 3DS,2h 48m
10215,Completionists,Nintendo 3DS,2h 53m
10215,Completionists,Nintendo 3DS,2h 53m
10215,Completionists,Nintendo 3DS,2h 57m
10215,Completionists,Nintendo 3DS,3h
10215,Completionists,Nintendo 3DS,3h
10215,Completionists,Nintendo 3DS,3h
10215,Completionists,Nintendo 3DS,3h 03m
10215,Completionists,Nintendo 3DS,3h 13m
10215,Completionists,Nintendo 3DS,3h 20m
10215,Completionists,Nintendo 3DS,3h 25m
10215,Completionists,Nintendo 3DS,3h 35m
10215,Completionists,Nintendo 3DS,3h 42m
10215,Completionists,Nintendo 3DS,4h 02m
10215,Completionists,Nintendo 3DS,4h 03m
