id,type,platform,time
10213,Main Story,PC,15m
10213,Main Story,PC,20m
10213,Main Story,PC,20m
10213,Main Story,PC,20m
10213,Main Story,PC,20m
10213,Main Story,PC,20m
10213,Main Story,PC,20m
10213,Main Story,PC,23m
10213,Main Story,PC,23m
10213,Main Story,PC,30m
10213,Main Story,PC,30m
10213,Main Story,PC,57m
10213,Main Story,PC,1h
10213,Main Story,PC,1h
10213,Main Story,PC,2h
10213,Main Story,PC,2h
10213,Main + Extras,PC,45m
10213,Main + Extras,PC,50m
10213,Main + Extras,PC,1h
10213,Main + Extras,PC,1h
10213,Main + Extras,PC,1h
10213,Main + Extras,PC,1h 28m
10213,Main + Extras,PC,1h 30m
10213,Main + Extras,PC,1h 30m
10213,Main + Extras,PC,1h 30m
10213,Main + Extras,PC,2h
10213,Main + Extras,PC,2h 18m
10213,Main + Extras,PC,3h
10213,Main + Extras,PC,4h
10213,Completionists,PC,20m
10213,Completionists,PC,40m
10213,Completionists,PC,44m
10213,Completionists,PC,45m
10213,Completionists,PC,49m
10213,Completionists,PC,56m
10213,Completionists,PC,1h
10213,Completionists,PC,1h
10213,Completionists,PC,1h 30m
10213,Completionists,PC,1h 30m
10213,Completionists,PC,1h 30m
10213,Completionists,PC,1h 50m
10213,Completionists,PC,2h
10213,Completionists,PC,2h
10213,Completionists,PC,2h
10213,Completionists,Mac,2h
10213,Completionists,PC,3h
10213,Co-Op Multiplayer,PC,2h
