id,type,platform,time
10218,Main Story,PC,5h 33m
10218,Main Story,PC,5h 58m
10218,Main Story,PC,6h
10218,Main Story,PC,6h
10218,Main Story,PlayStation 2,6h 40m
10218,Main Story,Xbox,7h
10218,Main Story,Xbox,7h 10m
10218,Main Story,PlayStation 2,7h 28m
10218,Main Story,PC,7h 30m
10218,Main Story,Xbox,7h 56m
10218,Main Story,PC,8h
10218,Main Story,PC,8h
10218,Main Story,PlayStation 2,8h 30m
10218,Main Story,PC,8h 40m
10218,Main Story,PC,8h 41m
10218,Main Story,Xbox,8h 41m
10218,Main Story,PC,8h 56m
10218,Main Story,NA,9h
10218,Main Story,PC,9h
10218,Main Story,PlayStation 2,9h
10218,Main Story,PlayStation 2,9h
10218,Main Story,PC,9h
10218,Main Story,PlayStation 2,9h
10218,Main Story,PC,9h
10218,Main Story,PC,9h
10218,Main Story,PC,9h
10218,Main Story,Xbox,9h 13m
10218,Main Story,PlayStation 2,10h
10218,Main Story,PC,10h
10218,Main Story,Xbox,10h 35m
10218,Main Story,Xbox,11h 24m
10218,Main + Extras,PC,7h
10218,Main + Extras,PC,7h 10m
10218,Main + Extras,PC,8h
10218,Main + Extras,Xbox,8h
10218,Main + Extras,PC,8h
10218,Main + Extras,Xbox,9h
10218,Main + Extras,PlayStation 2,9h
10218,Main + Extras,Xbox,9h 15m
10218,Main + Extras,PlayStation 2,9h 44m
10218,Main + Extras,Xbox,10h
10218,Main + Extras,PlayStation 2,12h
10218,Main + Extras,PlayStation 2,15h
10218,Completionists,PC,7h 50m
10218,Completionists,PC,8h 30m
10218,Completionists,Xbox,11h
10218,Completionists,PC,12h
10218,Completionists,PlayStation 2,13h
10218,Completionists,PC,13h 07m
10218,Completionists,PlayStation 2,15h
10218,Completionists,PC,21h
