id,type,platform,time
10219,Main Story,PC,4h
10219,Main Story,PC,5h
10219,Main Story,PC,6h 06m
10219,Main Story,PC,7h
10219,Main Story,PC,7h
10219,Main Story,PlayStation 2,7h 20m
10219,Main Story,Xbox,7h 35m
10219,Main Story,Xbox,7h 56m
10219,Main Story,PlayStation 2,8h
10219,Main Story,Xbox,8h
10219,Main Story,PC,8h
10219,Main Story,PC,8h
10219,Main Story,PC,8h
10219,Main Story,PlayStation 2,8h 15m
10219,Main Story,PlayStation 2,9h
10219,Main Story,PlayStation 2,9h
10219,Main Story,Xbox,12h 43m
10219,Main + Extras,PC,7h 30m
10219,Main + Extras,PC,7h 30m
10219,Main + Extras,Xbox,10h
10219,Main + Extras,PlayStation 2,15h
10219,Main + Extras,PC,19h 53m
10219,Completionists,PC,8h
10219,Completionists,Xbox,9h 15m
10219,Completionists,PlayStation 2,11h
10219,Completionists,PC,12h
