id,type,platform,time
10222,Main Story,PC,1h 30m
10222,Main Story,PC,2h
10222,Main Story,PC,2h
10222,Main Story,PC,2h
10222,Main Story,PlayStation 4,2h
10222,Main Story,PC,2h 30m
10222,Main Story,PlayStation 4,2h 45m
10222,Main Story,Xbox One,2h 49m
10222,Main Story,PC,3h
10222,Main Story,PC,3h
10222,Main Story,PC,3h
10222,Main Story,PC,3h
10222,Main Story,PC,3h
10222,Main Story,PC,3h
10222,Main Story,PC,3h
10222,Main Story,PC,3h
10222,Main Story,PC,3h 08m
10222,Main Story,PC,3h 15m
10222,Main Story,PC,3h 20m
10222,Main Story,PC,3h 23m
10222,Main Story,Linux,3h 24m
10222,Main Story,PC,3h 30m
10222,Main Story,PlayStation 4,3h 30m
10222,Main Story,PC,3h 30m
10222,Main Story,PC,3h 30m
10222,Main Story,PC,3h 30m
10222,Main Story,PC,3h 30m
10222,Main Story,PC,3h 30m
10222,Main Story,PC,3h 30m
10222,Main Story,PC,3h 30m
10222,Main Story,PC,3h 36m
10222,Main Story,PC,3h 39m
10222,Main Story,PC,3h 42m
10222,Main Story,PC,3h 45m
10222,Main Story,PC,3h 45m
10222,Main Story,PlayStation 4,3h 45m
10222,Main Story,PC,3h 45m
10222,Main Story,PC,3h 45m
10222,Main Story,PC,3h 45m
10222,Main Story,PC,3h 48m
10222,Main Story,PC,3h 48m
10222,Main Story,PC,3h 48m
10222,Main Story,PC,3h 50m
10222,Main Story,PC,3h 54m
10222,Main Story,PC,3h 54m
10222,Main Story,PC,4h
10222,Main Story,PC,4h
10222,Main Story,PC,4h
10222,Main Story,PC,4h
10222,Main Story,PC,4h
10222,Main Story,PC,4h
10222,Main Story,PC,4h
10222,Main Story,PlayStation 4,4h
10222,Main Story,PC,4h
10222,Main Story,PC,4h
10222,Main Story,PC,4h
10222,Main Story,PlayStation 4,4h
10222,Main Story,PC,4h
10222,Main Story,PC,4h
10222,Main Story,PC,4h
10222,Main Story,PC,4h
10222,Main Story,PC,4h
10222,Main Story,PC,4h
10222,Main Story,PC,4h
10222,Main Story,PC,4h
10222,Main Story,PC,4h
10222,Main Story,PC,4h
10222,Main Story,PC,4h
10222,Main Story,PC,4h
10222,Main Story,PC,4h
10222,Main Story,PlayStation 3,4h
10222,Main Story,PC,4h
10222,Main Story,Mac,4h
10222,Main Story,Mac,4h
10222,Main Story,PC,4h
10222,Main Story,PC,4h
10222,Main Story,PC,4h
10222,Main Story,PC,4h
10222,Main Story,PC,4h
10222,Main Story,PC,4h
10222,Main Story,PC,4h
10222,Main Story,PC,4h
10222,Main Story,PC,4h
10222,Main Story,PC,4h
10222,Main Story,PC,4h 02m
10222,Main Story,PC,4h 05m
10222,Main Story,PC,4h 09m
10222,Main Story,PC,4h 10m
10222,Main Story,PC,4h 10m
10222,Main Story,PC,4h 10m
10222,Main Story,PC,4h 12m
10222,Main Story,PC,4h 12m
10222,Main Story,PC,4h 15m
10222,Main Story,PC,4h 15m
10222,Main Story,PC,4h 15m
10222,Main Story,PlayStation 4,4h 16m
10222,Main Story,PC,4h 16m
10222,Main Story,PC,4h 17m
10222,Main Story,PC,4h 18m
10222,Main Story,PC,4h 18m
10222,Main Story,PC,4h 18m
10222,Main Story,PC,4h 18m
10222,Main Story,PC,4h 18m
10222,Main Story,PC,4h 20m
10222,Main Story,PC,4h 20m
10222,Main Story,PC,4h 20m
10222,Main Story,PC,4h 20m
10222,Main Story,PC,4h 21m
10222,Main Story,PC,4h 24m
10222,Main Story,PC,4h 24m
10222,Main Story,PC,4h 25m
10222,Main Story,PC,4h 25m
10222,Main Story,PlayStation 4,4h 25m
10222,Main Story,PlayStation 4,4h 29m
10222,Main Story,PC,4h 30m
10222,Main Story,PC,4h 30m
10222,Main Story,PC,4h 30m
10222,Main Story,PC,4h 30m
10222,Main Story,PC,4h 30m
10222,Main Story,PC,4h 30m
10222,Main Story,PC,4h 30m
10222,Main Story,PC,4h 30m
10222,Main Story,PC,4h 30m
10222,Main Story,PC,4h 30m
10222,Main Story,PC,4h 30m
10222,Main Story,PC,4h 30m
10222,Main Story,PC,4h 30m
10222,Main Story,PC,4h 30m
10222,Main Story,PC,4h 30m
10222,Main Story,PC,4h 30m
10222,Main Story,PC,4h 30m
10222,Main Story,PC,4h 30m
10222,Main Story,PC,4h 30m
10222,Main Story,Mac,4h 30m
10222,Main Story,PC,4h 30m
10222,Main Story,PC,4h 30m
10222,Main Story,Linux,4h 30m
10222,Main Story,PC,4h 36m
10222,Main Story,PC,4h 36m
10222,Main Story,PlayStation Vita,4h 39m
10222,Main Story,PC,4h 40m
10222,Main Story,PC,4h 40m
10222,Main Story,PC,4h 40m
10222,Main Story,PC,4h 41m
10222,Main Story,PC,4h 45m
10222,Main Story,PC,4h 45m
10222,Main Story,PC,4h 45m
10222,Main Story,PC,4h 45m
10222,Main Story,PC,4h 45m
10222,Main Story,PC,4h 46m
10222,Main Story,PC,4h 48m
10222,Main Story,PC,4h 48m
10222,Main Story,PC,4h 49m
10222,Main Story,PC,4h 49m
10222,Main Story,PC,4h 50m
10222,Main Story,PC,4h 54m
10222,Main Story,PC,4h 57m
10222,Main Story,OnLive,5h
10222,Main Story,PC,5h
10222,Main Story,PC,5h
10222,Main Story,PC,5h
10222,Main Story,PC,5h
10222,Main Story,Xbox One,5h
10222,Main Story,PC,5h
10222,Main Story,PlayStation 4,5h
10222,Main Story,PC,5h
10222,Main Story,PC,5h
10222,Main Story,PC,5h
10222,Main Story,PC,5h
10222,Main Story,PlayStation Vita,5h
10222,Main Story,PC,5h
10222,Main Story,PC,5h
10222,Main Story,PC,5h
10222,Main Story,PC,5h
10222,Main Story,PlayStation 4,5h
10222,Main Story,PlayStation 4,5h
10222,Main Story,PC,5h
10222,Main Story,PC,5h
10222,Main Story,PC,5h
10222,Main Story,PC,5h
10222,Main Story,PC,5h
10222,Main Story,PC,5h
10222,Main Story,PC,5h
10222,Main Story,PlayStation 4,5h
10222,Main Story,PC,5h
10222,Main Story,PC,5h
10222,Main Story,PC,5h
10222,Main Story,PC,5h
10222,Main Story,PC,5h
10222,Main Story,PC,5h
10222,Main Story,PC,5h
10222,Main Story,PlayStation 4,5h
10222,Main Story,PC,5h
10222,Main Story,PC,5h
10222,Main Story,PC,5h
10222,Main Story,PC,5h
10222,Main Story,PC,5h
10222,Main Story,PlayStation 4,5h
10222,Main Story,PC,5h
10222,Main Story,PC,5h
10222,Main Story,PlayStation 4,5h
10222,Main Story,PlayStation Vita,5h
10222,Main Story,PC,5h
10222,Main Story,PC,5h
10222,Main Story,PC,5h
10222,Main Story,PlayStation 3,5h
10222,Main Story,PC,5h
10222,Main Story,Wii U,5h
10222,Main Story,PC,5h
10222,Main Story,PlayStation 4,5h
10222,Main Story,PlayStation 4,5h
10222,Main Story,PC,5h
10222,Main Story,PC,5h
10222,Main Story,PC,5h
10222,Main Story,PC,5h
10222,Main Story,PC,5h
10222,Main Story,PC,5h
10222,Main Story,PC,5h
10222,Main Story,PC,5h
10222,Main Story,PC,5h
10222,Main Story,PlayStation 4,5h
10222,Main Story,PC,5h
10222,Main Story,PC,5h
10222,Main Story,PC,5h
10222,Main Story,PC,5h
10222,Main Story,PlayStation 4,5h
10222,Main Story,PC,5h
10222,Main Story,PC,5h
10222,Main Story,PlayStation 4,5h
10222,Main Story,PC,5h 02m
10222,Main Story,PlayStation Vita,5h 04m
10222,Main Story,PC,5h 04m
10222,Main Story,PC,5h 05m
10222,Main Story,PC,5h 06m
10222,Main Story,PC,5h 06m
10222,Main Story,PC,5h 06m
10222,Main Story,NA,5h 06m
10222,Main Story,PlayStation Vita,5h 07m
10222,Main Story,PlayStation 4,5h 10m
10222,Main Story,PC,5h 12m
10222,Main Story,PC,5h 12m
10222,Main Story,PC,5h 13m
10222,Main Story,PlayStation Vita,5h 15m
10222,Main Story,PlayStation 4,5h 15m
10222,Main Story,PlayStation 4,5h 16m
10222,Main Story,Mac,5h 18m
10222,Main Story,PC,5h 18m
10222,Main Story,Wii U,5h 19m
10222,Main Story,PlayStation 4,5h 20m
10222,Main Story,PC,5h 20m
10222,Main Story,PC,5h 20m
10222,Main Story,PC,5h 26m
10222,Main Story,PC,5h 30m
10222,Main Story,PC,5h 30m
10222,Main Story,PC,5h 30m
10222,Main Story,PC,5h 30m
10222,Main Story,PC,5h 30m
10222,Main Story,PC,5h 30m
10222,Main Story,PC,5h 30m
10222,Main Story,PlayStation Vita,5h 30m
10222,Main Story,PlayStation 4,5h 30m
10222,Main Story,PC,5h 35m
10222,Main Story,PC,5h 36m
10222,Main Story,PC,5h 36m
10222,Main Story,Wii U,5h 40m
10222,Main Story,PC,5h 40m
10222,Main Story,PC,5h 40m
10222,Main Story,PC,5h 40m
10222,Main Story,PC,5h 40m
10222,Main Story,PC,5h 40m
10222,Main Story,PC,5h 45m
10222,Main Story,PC,5h 50m
10222,Main Story,PlayStation 4,5h 52m
10222,Main Story,PC,6h
10222,Main Story,PC,6h
10222,Main Story,PC,6h
10222,Main Story,Wii U,6h
10222,Main Story,PC,6h
10222,Main Story,Mac,6h
10222,Main Story,PC,6h
10222,Main Story,PC,6h
10222,Main Story,PlayStation Vita,6h
10222,Main Story,PC,6h
10222,Main Story,PC,6h
10222,Main Story,PC,6h
10222,Main Story,PlayStation Vita,6h
10222,Main Story,PC,6h
10222,Main Story,PlayStation Vita,6h
10222,Main Story,PlayStation 4,6h
10222,Main Story,PlayStation 4,6h
10222,Main Story,PC,6h
10222,Main Story,PC,6h
10222,Main Story,PC,6h
10222,Main Story,PC,6h
10222,Main Story,PC,6h
10222,Main Story,PC,6h
10222,Main Story,PC,6h
10222,Main Story,PC,6h
10222,Main Story,PlayStation 4,6h
10222,Main Story,PC,6h
10222,Main Story,PC,6h
10222,Main Story,PC,6h
10222,Main Story,PlayStation Vita,6h
10222,Main Story,PlayStation Vita,6h
10222,Main Story,PC,6h
10222,Main Story,PC,6h
10222,Main Story,PlayStation 4,6h
10222,Main Story,PC,6h
10222,Main Story,PC,6h
10222,Main Story,PlayStation 4,6h 06m
10222,Main Story,PC,6h 10m
10222,Main Story,PlayStation Vita,6h 11m
10222,Main Story,PC,6h 14m
10222,Main Story,PC,6h 15m
10222,Main Story,PC,6h 15m
10222,Main Story,PC,6h 18m
10222,Main Story,PC,6h 20m
10222,Main Story,PC,6h 24m
10222,Main Story,PC,6h 24m
10222,Main Story,PC,6h 30m
10222,Main Story,NA,6h 30m
10222,Main Story,PC,6h 30m
10222,Main Story,PC,6h 31m
10222,Main Story,PC,6h 36m
10222,Main Story,PC,6h 36m
10222,Main Story,PC,6h 48m
10222,Main Story,PC,6h 54m
10222,Main Story,PC,7h
10222,Main Story,PC,7h
10222,Main Story,PC,7h
10222,Main Story,PC,7h
10222,Main Story,PC,7h
10222,Main Story,PlayStation 4,7h
10222,Main Story,PC,7h
10222,Main Story,PC,7h
10222,Main Story,PC,7h
10222,Main Story,PC,7h
10222,Main Story,PC,7h
10222,Main Story,PC,7h
10222,Main Story,PC,7h
10222,Main Story,PC,7h
10222,Main Story,PC,7h
10222,Main Story,PC,7h
10222,Main Story,PlayStation 4,7h
10222,Main Story,PC,7h
10222,Main Story,PC,7h 10m
10222,Main Story,PC,7h 12m
10222,Main Story,PC,7h 25m
10222,Main Story,PC,7h 30m
10222,Main Story,PC,7h 30m
10222,Main Story,PC,7h 30m
10222,Main Story,PC,7h 30m
10222,Main Story,PC,7h 30m
10222,Main Story,PC,7h 30m
10222,Main Story,PC,7h 44m
10222,Main Story,PC,7h 49m
10222,Main Story,PC,7h 50m
10222,Main Story,PC,7h 52m
10222,Main Story,PC,8h
10222,Main Story,PC,8h
10222,Main Story,PC,8h
10222,Main Story,NA,8h
10222,Main Story,PC,8h
10222,Main Story,PC,8h
10222,Main Story,PC,8h
10222,Main Story,PC,8h
10222,Main Story,PC,8h 03m
10222,Main Story,PC,8h 30m
10222,Main Story,PC,8h 33m
10222,Main Story,PC,8h 45m
10222,Main Story,Wii U,8h 47m
10222,Main Story,PC,9h
10222,Main Story,PC,9h
10222,Main Story,PC,9h
10222,Main Story,PC,9h
10222,Main Story,PC,9h
10222,Main Story,PC,9h 06m
10222,Main Story,PC,9h 12m
10222,Main Story,Wii U,9h 18m
10222,Main Story,PC,9h 30m
10222,Main Story,PC,9h 30m
10222,Main Story,PC,10h
10222,Main Story,PC,10h
10222,Main + Extras,PC,2h
10222,Main + Extras,PlayStation 4,2h 01m
10222,Main + Extras,PC,2h 45m
10222,Main + Extras,PC,3h
10222,Main + Extras,PlayStation 4,3h
10222,Main + Extras,PC,3h
10222,Main + Extras,PC,3h 14m
10222,Main + Extras,PC,3h 18m
10222,Main + Extras,PC,3h 19m
10222,Main + Extras,PC,3h 30m
10222,Main + Extras,PC,3h 30m
10222,Main + Extras,PC,3h 30m
10222,Main + Extras,PC,3h 40m
10222,Main + Extras,PC,3h 45m
10222,Main + Extras,PC,3h 55m
10222,Main + Extras,PC,3h 59m
10222,Main + Extras,PC,4h
10222,Main + Extras,PC,4h
10222,Main + Extras,PC,4h
10222,Main + Extras,PC,4h
10222,Main + Extras,PC,4h
10222,Main + Extras,PlayStation Vita,4h
10222,Main + Extras,PC,4h
10222,Main + Extras,PC,4h
10222,Main + Extras,PC,4h
10222,Main + Extras,PC,4h
10222,Main + Extras,Linux,4h 01m
10222,Main + Extras,Xbox One,4h 04m
10222,Main + Extras,PC,4h 10m
10222,Main + Extras,PC,4h 15m
10222,Main + Extras,PC,4h 29m
10222,Main + Extras,PC,4h 30m
10222,Main + Extras,PC,4h 30m
10222,Main + Extras,PC,4h 30m
10222,Main + Extras,Wii U,4h 39m
10222,Main + Extras,PC,4h 40m
10222,Main + Extras,PC,4h 42m
10222,Main + Extras,PC,4h 43m
10222,Main + Extras,PlayStation 4,4h 45m
10222,Main + Extras,Wii U,4h 49m
10222,Main + Extras,PC,4h 50m
10222,Main + Extras,PC,4h 52m
10222,Main + Extras,PC,4h 55m
10222,Main + Extras,PC,5h
10222,Main + Extras,PC,5h
10222,Main + Extras,PC,5h
10222,Main + Extras,PC,5h
10222,Main + Extras,PC,5h
10222,Main + Extras,PC,5h
10222,Main + Extras,PC,5h
10222,Main + Extras,PC,5h
10222,Main + Extras,PC,5h
10222,Main + Extras,PC,5h
10222,Main + Extras,PC,5h
10222,Main + Extras,PC,5h
10222,Main + Extras,PC,5h
10222,Main + Extras,PC,5h 01m
10222,Main + Extras,PlayStation 4,5h 01m
10222,Main + Extras,PC,5h 01m
10222,Main + Extras,PlayStation 4,5h 11m
10222,Main + Extras,PC,5h 18m
10222,Main + Extras,PC,5h 20m
10222,Main + Extras,PC,5h 20m
10222,Main + Extras,PC,5h 20m
10222,Main + Extras,PlayStation 4,5h 21m
10222,Main + Extras,PlayStation 4,5h 25m
10222,Main + Extras,PC,5h 28m
10222,Main + Extras,Xbox One,5h 30m
10222,Main + Extras,PC,5h 30m
10222,Main + Extras,PC,5h 30m
10222,Main + Extras,PC,5h 30m
10222,Main + Extras,PC,5h 30m
10222,Main + Extras,PC,5h 30m
10222,Main + Extras,PC,5h 30m
10222,Main + Extras,PC,5h 32m
10222,Main + Extras,PC,5h 35m
10222,Main + Extras,PC,5h 39m
10222,Main + Extras,PC,5h 40m
10222,Main + Extras,PC,5h 47m
10222,Main + Extras,PC,5h 48m
10222,Main + Extras,PC,5h 50m
10222,Main + Extras,PC,5h 52m
10222,Main + Extras,PC,6h
10222,Main + Extras,PlayStation Vita,6h
10222,Main + Extras,PC,6h
10222,Main + Extras,PC,6h
10222,Main + Extras,PlayStation 3,6h
10222,Main + Extras,PlayStation 4,6h
10222,Main + Extras,PC,6h
10222,Main + Extras,PC,6h
10222,Main + Extras,PlayStation 4,6h
10222,Main + Extras,PC,6h
10222,Main + Extras,PC,6h
10222,Main + Extras,PC,6h
10222,Main + Extras,PC,6h 03m
10222,Main + Extras,PC,6h 07m
10222,Main + Extras,PC,6h 10m
10222,Main + Extras,Wii U,6h 14m
10222,Main + Extras,PC,6h 20m
10222,Main + Extras,PC,6h 25m
10222,Main + Extras,PC,6h 29m
10222,Main + Extras,PlayStation Vita,6h 30m
10222,Main + Extras,Xbox One,6h 33m
10222,Main + Extras,Linux,6h 42m
10222,Main + Extras,PC,6h 45m
10222,Main + Extras,Linux,6h 50m
10222,Main + Extras,PC,7h
10222,Main + Extras,PC,7h
10222,Main + Extras,PC,7h
10222,Main + Extras,PC,7h
10222,Main + Extras,PC,7h
10222,Main + Extras,PC,7h
10222,Main + Extras,PC,7h
10222,Main + Extras,PC,7h
10222,Main + Extras,PC,7h
10222,Main + Extras,PC,7h 04m
10222,Main + Extras,PC,7h 10m
10222,Main + Extras,PC,7h 17m
10222,Main + Extras,PC,8h
10222,Main + Extras,PlayStation 4,8h
10222,Main + Extras,PC,8h
10222,Main + Extras,Xbox One,9h 14m
10222,Main + Extras,PC,9h 30m
10222,Main + Extras,PlayStation 4,10h
10222,Main + Extras,PC,10h
10222,Completionists,PC,2h
10222,Completionists,PlayStation 4,2h 23m
10222,Completionists,PC,2h 40m
10222,Completionists,PC,2h 48m
10222,Completionists,PC,2h 50m
10222,Completionists,PC,3h
10222,Completionists,PlayStation 4,3h
10222,Completionists,PC,3h
10222,Completionists,PC,3h
10222,Completionists,Mac,3h
10222,Completionists,PC,3h 06m
10222,Completionists,PlayStation 3,3h 07m
10222,Completionists,PC,3h 15m
10222,Completionists,PC,3h 20m
10222,Completionists,Xbox One,3h 23m
10222,Completionists,PC,3h 24m
10222,Completionists,PC,3h 25m
10222,Completionists,Wii U,3h 30m
10222,Completionists,PC,3h 30m
10222,Completionists,Xbox One,3h 31m
10222,Completionists,PC,3h 42m
10222,Completionists,PC,3h 42m
10222,Completionists,Wii U,3h 46m
10222,Completionists,PC,3h 48m
10222,Completionists,PC,3h 48m
10222,Completionists,PC,3h 48m
10222,Completionists,PC,3h 48m
10222,Completionists,PC,3h 49m
10222,Completionists,PC,3h 50m
10222,Completionists,PC,3h 50m
10222,Completionists,PC,3h 50m
10222,Completionists,PC,4h
10222,Completionists,PC,4h
10222,Completionists,PC,4h
10222,Completionists,PC,4h
10222,Completionists,PC,4h
10222,Completionists,PC,4h
10222,Completionists,PC,4h
10222,Completionists,PlayStation Vita,4h
10222,Completionists,PC,4h
10222,Completionists,PC,4h
10222,Completionists,PC,4h
10222,Completionists,PC,4h
10222,Completionists,PC,4h
10222,Completionists,Xbox One,4h 04m
10222,Completionists,PC,4h 05m
10222,Completionists,PC,4h 06m
10222,Completionists,PC,4h 08m
10222,Completionists,PC,4h 15m
10222,Completionists,PC,4h 15m
10222,Completionists,PC,4h 18m
10222,Completionists,PC,4h 20m
10222,Completionists,PC,4h 20m
10222,Completionists,PlayStation 4,4h 29m
10222,Completionists,PlayStation 4,4h 30m
10222,Completionists,Linux,4h 30m
10222,Completionists,PC,4h 30m
10222,Completionists,PC,4h 30m
10222,Completionists,PlayStation 4,4h 30m
10222,Completionists,Xbox One,4h 35m
10222,Completionists,PC,4h 35m
10222,Completionists,PC,4h 35m
10222,Completionists,PC,4h 36m
10222,Completionists,PC,4h 36m
10222,Completionists,PC,4h 40m
10222,Completionists,PC,4h 40m
10222,Completionists,PC,4h 42m
10222,Completionists,PC,4h 42m
10222,Completionists,PC,4h 45m
10222,Completionists,PC,4h 45m
10222,Completionists,PlayStation 4,4h 45m
10222,Completionists,PlayStation 4,4h 45m
10222,Completionists,PC,4h 48m
10222,Completionists,PC,4h 48m
10222,Completionists,PC,4h 54m
10222,Completionists,PC,4h 56m
10222,Completionists,PlayStation Vita,4h 59m
10222,Completionists,PC,5h
10222,Completionists,PC,5h
10222,Completionists,PC,5h
10222,Completionists,PC,5h
10222,Completionists,PC,5h
10222,Completionists,PC,5h
10222,Completionists,PlayStation 4,5h
10222,Completionists,PC,5h
10222,Completionists,PlayStation 4,5h
10222,Completionists,PC,5h
10222,Completionists,PC,5h
10222,Completionists,PC,5h
10222,Completionists,PlayStation 4,5h
10222,Completionists,PlayStation Vita,5h
10222,Completionists,PC,5h
10222,Completionists,PC,5h
10222,Completionists,PC,5h
10222,Completionists,PC,5h
10222,Completionists,PC,5h
10222,Completionists,PC,5h
10222,Completionists,PlayStation 4,5h
10222,Completionists,PC,5h
10222,Completionists,PlayStation 4,5h 02m
10222,Completionists,PlayStation 4,5h 02m
10222,Completionists,Xbox One,5h 03m
10222,Completionists,Xbox One,5h 05m
10222,Completionists,PC,5h 05m
10222,Completionists,PC,5h 06m
10222,Completionists,PC,5h 06m
10222,Completionists,Xbox One,5h 07m
10222,Completionists,PC,5h 07m
10222,Completionists,PC,5h 07m
10222,Completionists,PlayStation 3,5h 10m
10222,Completionists,PC,5h 10m
10222,Completionists,PC,5h 12m
10222,Completionists,PC,5h 12m
10222,Completionists,PlayStation 4,5h 12m
10222,Completionists,PlayStation 4,5h 15m
10222,Completionists,PC,5h 18m
10222,Completionists,PC,5h 19m
10222,Completionists,PC,5h 20m
10222,Completionists,PC,5h 20m
10222,Completionists,PlayStation 4,5h 20m
10222,Completionists,PC,5h 21m
10222,Completionists,Mac,5h 23m
10222,Completionists,PC,5h 23m
10222,Completionists,PC,5h 24m
10222,Completionists,PC,5h 25m
10222,Completionists,PC,5h 28m
10222,Completionists,PC,5h 30m
10222,Completionists,PlayStation 4,5h 30m
10222,Completionists,PC,5h 30m
10222,Completionists,PlayStation 4,5h 30m
10222,Completionists,PC,5h 30m
10222,Completionists,PC,5h 30m
10222,Completionists,PC,5h 32m
10222,Completionists,PC,5h 35m
10222,Completionists,PC,5h 36m
10222,Completionists,PC,5h 36m
10222,Completionists,PC,5h 40m
10222,Completionists,PC,5h 40m
10222,Completionists,PC,5h 40m
10222,Completionists,PlayStation 4,5h 40m
10222,Completionists,PC,5h 43m
10222,Completionists,Xbox One,5h 45m
10222,Completionists,PC,5h 46m
10222,Completionists,Xbox One,5h 46m
10222,Completionists,PC,5h 48m
10222,Completionists,PC,5h 50m
10222,Completionists,PC,5h 54m
10222,Completionists,Linux,5h 55m
10222,Completionists,Xbox One,5h 59m
10222,Completionists,PC,6h
10222,Completionists,PC,6h
10222,Completionists,Xbox One,6h
10222,Completionists,PC,6h
10222,Completionists,PC,6h
10222,Completionists,PC,6h
10222,Completionists,PC,6h
10222,Completionists,PC,6h
10222,Completionists,PC,6h
10222,Completionists,PC,6h
10222,Completionists,PC,6h
10222,Completionists,Xbox One,6h
10222,Completionists,PC,6h
10222,Completionists,Xbox One,6h
10222,Completionists,PC,6h
10222,Completionists,PC,6h
10222,Completionists,PC,6h
10222,Completionists,PC,6h
10222,Completionists,PC,6h
10222,Completionists,PC,6h
10222,Completionists,PC,6h
10222,Completionists,PC,6h 02m
10222,Completionists,PC,6h 06m
10222,Completionists,PC,6h 06m
10222,Completionists,PC,6h 06m
10222,Completionists,PC,6h 07m
10222,Completionists,PC,6h 09m
10222,Completionists,Linux,6h 12m
10222,Completionists,Linux,6h 12m
10222,Completionists,Linux,6h 12m
10222,Completionists,PC,6h 18m
10222,Completionists,PC,6h 18m
10222,Completionists,PlayStation 4,6h 25m
10222,Completionists,PlayStation 4,6h 27m
10222,Completionists,PC,6h 30m
10222,Completionists,Linux,6h 30m
10222,Completionists,PC,6h 30m
10222,Completionists,PlayStation 4,6h 30m
10222,Completionists,PlayStation Vita,6h 34m
10222,Completionists,PC,6h 42m
10222,Completionists,PC,6h 42m
10222,Completionists,PC,6h 42m
10222,Completionists,PC,6h 54m
10222,Completionists,PC,6h 54m
10222,Completionists,PC,7h
10222,Completionists,Mac,7h
10222,Completionists,PC,7h
10222,Completionists,PC,7h
10222,Completionists,PC,7h
10222,Completionists,PC,7h
10222,Completionists,PC,7h
10222,Completionists,PC,7h 12m
10222,Completionists,PC,7h 16m
10222,Completionists,Wii U,7h 20m
10222,Completionists,PC,7h 25m
10222,Completionists,Xbox One,7h 25m
10222,Completionists,PC,7h 30m
10222,Completionists,PC,7h 30m
10222,Completionists,Xbox One,7h 34m
10222,Completionists,PC,7h 46m
10222,Completionists,PC,7h 48m
10222,Completionists,Xbox One,7h 53m
10222,Completionists,PC,7h 54m
10222,Completionists,PlayStation 4,8h
10222,Completionists,PC,8h
10222,Completionists,PC,8h
10222,Completionists,PlayStation 4,8h
10222,Completionists,PC,8h
10222,Completionists,Xbox One,8h
10222,Completionists,PC,8h
10222,Completionists,Xbox One,8h
10222,Completionists,PC,8h
10222,Completionists,PC,8h 05m
10222,Completionists,Xbox One,8h 06m
10222,Completionists,PC,8h 24m
10222,Completionists,PC,8h 30m
10222,Completionists,Xbox One,8h 30m
10222,Completionists,Xbox One,8h 39m
10222,Completionists,PC,9h
10222,Completionists,PC,9h
10222,Completionists,PC,9h
10222,Completionists,PC,9h
10222,Completionists,PC,9h
10222,Completionists,Mac,9h 15m
10222,Completionists,PC,9h 20m
10222,Completionists,PC,9h 23m
10222,Completionists,PC,9h 29m
10222,Completionists,PC,9h 31m
10222,Completionists,Xbox One,9h 31m
10222,Completionists,PC,10h
10222,Completionists,PC,10h
10222,Completionists,PC,10h 14m
10222,Completionists,PC,10h 34m
10222,Completionists,PC,10h 40m
10222,Completionists,PC,10h 57m
10222,Completionists,PC,11h
10222,Completionists,PC,11h
10222,Completionists,PlayStation 4,11h
10222,Completionists,PC,11h 15m
10222,Completionists,PC,11h 20m
10222,Completionists,PC,11h 30m
10222,Completionists,PC,12h
10222,Completionists,PC,13h
10222,Completionists,PC,13h
10222,Completionists,PC,14h 30m
10222,Completionists,PC,15h
10222,Speed Run - 100%,PC,2h 10m
10222,Speed Run - 100%,PC,2h 24m
10222,Speed Run - 100%,PC,2h 30m
10222,Speed Run - 100%,PC,3h 30m
10222,Speed Run - 100%,PC,5h 26m 10s
