id,type,platform,time
10228,Main Story,PC,3h 54m
10228,Main Story,PlayStation 2,4h
10228,Main Story,PC,6h
10228,Main Story,PlayStation 2,6h 20m
10228,Main Story,PC,6h 30m
10228,Main Story,PC,6h 31m
10228,Main Story,PlayStation 2,7h
10228,Main Story,Xbox,8h
10228,Main Story,Xbox,8h
10228,Main Story,Xbox,10h
10228,Main Story,PC,10h
10228,Main Story,Xbox,13h 49m
10228,Main + Extras,PC,6h 30m
10228,Main + Extras,PlayStation 2,7h 10m
10228,Main + Extras,PC,8h
10228,Main + Extras,PC,9h 04m
10228,Main + Extras,PC,10h
10228,Main + Extras,PlayStation 2,15h
10228,Completionists,PC,3h 31m
10228,Completionists,PC,5h 12m
10228,Completionists,PlayStation 2,8h
10228,Completionists,PC,9h
10228,Completionists,PlayStation 2,9h
10228,Completionists,Xbox,9h 30m
