id,type,platform,time
10227,Main Story,PC,6h 37m
10227,Main Story,PC,8h
10227,Main Story,PC,8h
10227,Main Story,PC,8h 30m
10227,Main Story,PC,9h 07m
10227,Main Story,PC,9h 52m
10227,Main Story,PC,10h
10227,Main Story,PlayStation 3,10h
10227,Main Story,PC,10h
10227,Main Story,PC,10h
10227,Main Story,PC,10h
10227,Main Story,PC,10h 19m
10227,Main Story,PlayStation 3,10h 30m
10227,Main Story,PC,10h 30m
10227,Main Story,PC,10h 35m
10227,Main Story,PlayStation 3,10h 40m
10227,Main Story,PC,10h 51m
10227,Main Story,PC,10h 59m
10227,Main Story,PC,11h
10227,Main Story,PC,11h
10227,Main Story,PlayStation 3,11h
10227,Main Story,NA,11h
10227,Main Story,PC,11h 13m
10227,Main Story,PlayStation 3,11h 20m
10227,Main Story,PC,12h
10227,Main Story,PC,12h
10227,Main Story,PC,12h
10227,Main Story,PC,12h
10227,Main Story,PlayStation 3,12h
10227,Main Story,PC,12h
10227,Main Story,PC,12h
10227,Main Story,PC,12h 01m
10227,Main Story,PC,12h 24m
10227,Main Story,PlayStation 3,12h 45m
10227,Main Story,PC,12h 52m
10227,Main Story,PC,13h
10227,Main Story,PC,13h
10227,Main Story,PC,14h
10227,Main Story,PC,14h
10227,Main Story,PC,14h 22m
10227,Main Story,Xbox 360,14h 30m
10227,Main Story,Xbox 360,15h
10227,Main Story,PC,15h
10227,Main Story,PC,15h 50m
10227,Main Story,PC,16h
10227,Main Story,PC,16h 26m
10227,Main Story,PlayStation 3,22h 48m
10227,Main Story,PC,25h
10227,Main + Extras,PC,8h 35m
10227,Main + Extras,Xbox 360,8h 58m
10227,Main + Extras,PC,9h
10227,Main + Extras,PC,10h
10227,Main + Extras,PC,10h
10227,Main + Extras,PC,11h 06m
10227,Main + Extras,NA,11h 35m
10227,Main + Extras,PC,12h
10227,Main + Extras,NA,12h
10227,Main + Extras,PC,12h
10227,Main + Extras,PC,12h
10227,Main + Extras,PC,13h
10227,Main + Extras,PlayStation 3,13h
10227,Main + Extras,PC,13h
10227,Main + Extras,PC,13h 09m
10227,Main + Extras,PC,14h
10227,Main + Extras,PC,14h 41m
10227,Main + Extras,PC,16h 10m
10227,Main + Extras,PlayStation 3,17h 24m
10227,Main + Extras,PC,18h
10227,Main + Extras,PlayStation 3,19h 55m
10227,Main + Extras,PC,22h
10227,Completionists,PC,7h 42m
10227,Completionists,PC,8h
10227,Completionists,Xbox 360,8h
10227,Completionists,Xbox 360,8h
10227,Completionists,PC,9h
10227,Completionists,PC,9h 26m
10227,Completionists,PC,9h 36m
10227,Completionists,PlayStation 3,9h 37m
10227,Completionists,PC,10h
10227,Completionists,PC,10h
10227,Completionists,PlayStation 3,10h 12m
10227,Completionists,PC,10h 12m
10227,Completionists,PC,11h
10227,Completionists,PC,11h
10227,Completionists,PC,11h 05m
10227,Completionists,PC,11h 20m
10227,Completionists,PC,11h 30m
10227,Completionists,PC,11h 56m
10227,Completionists,PC,12h
10227,Completionists,PlayStation 3,12h
10227,Completionists,PC,12h
10227,Completionists,PC,12h 12m
10227,Completionists,PC,12h 28m
10227,Completionists,PC,12h 58m
10227,Completionists,PC,13h
10227,Completionists,PC,13h 15m
10227,Completionists,PC,13h 20m
10227,Completionists,PlayStation 3,13h 50m
10227,Completionists,PC,14h
10227,Completionists,PlayStation 3,14h
10227,Completionists,PC,15h
10227,Completionists,PlayStation 3,16h 16m
10227,Completionists,PlayStation 3,16h 58m
10227,Completionists,PC,17h 05m
10227,Completionists,PC,19h
10227,Completionists,PC,19h 56m
10227,Completionists,PlayStation 3,20h
10227,Completionists,PC,21h
10227,Completionists,PC,21h 01m
