id,type,platform,time
1023,Main Story,PlayStation 3,6h 43m
1023,Main Story,PlayStation 3,7h
1023,Main Story,PlayStation 3,7h
1023,Main Story,PlayStation 3,7h 04m
1023,Main Story,PlayStation 3,7h 30m
1023,Main Story,PlayStation 4,8h
1023,Main Story,PlayStation 4,8h
1023,Main Story,PlayStation 3,8h
1023,Main Story,PlayStation 3,8h 05m
1023,Main Story,PlayStation 3,8h 08m
1023,Main Story,PlayStation 3,8h 11m
1023,Main Story,PlayStation 3,8h 11m
1023,Main Story,PlayStation 4,8h 12m
1023,Main Story,PlayStation 4,8h 12m
1023,Main Story,PlayStation 3,8h 16m
1023,Main Story,PlayStation 3,8h 18m
1023,Main Story,PlayStation 3,8h 25m
1023,Main Story,PlayStation 3,8h 30m
1023,Main Story,PlayStation 4,8h 35m
1023,Main Story,PlayStation 4,8h 39m
1023,Main Story,PlayStation 4,8h 42m
1023,Main Story,PlayStation 3,8h 44m
1023,Main Story,PlayStation 4,8h 45m
1023,Main Story,PlayStation 3,8h 49m
1023,Main Story,PlayStation 3,8h 58m
1023,Main Story,PlayStation 3,9h
1023,Main Story,PlayStation 3,9h
1023,Main Story,PlayStation 3,9h
1023,Main Story,PC,9h
1023,Main Story,PlayStation 4,9h
1023,Main Story,PlayStation 4,9h
1023,Main Story,PlayStation 3,9h
1023,Main Story,PlayStation 3,9h
1023,Main Story,PlayStation 3,9h
1023,Main Story,PlayStation 4,9h 01m
1023,Main Story,PlayStation 3,9h 02m
1023,Main Story,PlayStation 4,9h 02m
1023,Main Story,PlayStation 4,9h 03m
1023,Main Story,PlayStation 3,9h 03m
1023,Main Story,PlayStation 3,9h 06m
1023,Main Story,PlayStation 4,9h 08m
1023,Main Story,PlayStation 3,9h 10m
1023,Main Story,PlayStation 4,9h 10m
1023,Main Story,PlayStation 3,9h 12m
1023,Main Story,PlayStation 3,9h 15m
1023,Main Story,PlayStation 4,9h 15m
1023,Main Story,PlayStation 4,9h 18m
1023,Main Story,PlayStation 3,9h 18m
1023,Main Story,PlayStation 3,9h 19m
1023,Main Story,PlayStation 4,9h 20m
1023,Main Story,PlayStation 3,9h 20m
1023,Main Story,PlayStation 4,9h 22m
1023,Main Story,PlayStation 3,9h 22m
1023,Main Story,PlayStation 3,9h 22m
1023,Main Story,PlayStation 3,9h 23m
1023,Main Story,PlayStation 4,9h 23m
1023,Main Story,PlayStation 3,9h 25m
1023,Main Story,PlayStation 3,9h 26m
1023,Main Story,PlayStation 3,9h 30m
1023,Main Story,PlayStation 4,9h 30m
1023,Main Story,PlayStation 3,9h 30m
1023,Main Story,PlayStation 3,9h 30m
1023,Main Story,PlayStation 3,9h 30m
1023,Main Story,PlayStation 4,9h 30m
1023,Main Story,PlayStation 3,9h 30m
1023,Main Story,PlayStation 3,9h 30m
1023,Main Story,PlayStation 3,9h 30m
1023,Main Story,PlayStation 3,9h 30m
1023,Main Story,PlayStation 3,9h 31m
1023,Main Story,PlayStation 4,9h 31m
1023,Main Story,PlayStation 4,9h 32m
1023,Main Story,PlayStation 4,9h 32m
1023,Main Story,PlayStation 4,9h 33m
1023,Main Story,PlayStation 3,9h 34m
1023,Main Story,PlayStation 3,9h 35m
1023,Main Story,PlayStation 3,9h 35m
1023,Main Story,PlayStation 3,9h 36m
1023,Main Story,PlayStation 3,9h 37m
1023,Main Story,PlayStation 3,9h 37m
1023,Main Story,PlayStation Now,9h 42m
1023,Main Story,PlayStation 3,9h 42m
1023,Main Story,PlayStation 4,9h 42m
1023,Main Story,PlayStation 3,9h 44m
1023,Main Story,PlayStation 4,9h 45m
1023,Main Story,PlayStation 4,9h 45m
1023,Main Story,PlayStation 3,9h 45m
1023,Main Story,PlayStation 3,9h 45m
1023,Main Story,PlayStation 3,9h 48m
1023,Main Story,PlayStation 3,9h 48m
1023,Main Story,PlayStation 4,9h 51m
1023,Main Story,PlayStation 4,9h 55m
1023,Main Story,PlayStation 3,9h 57m
1023,Main Story,PlayStation 3,9h 58m
1023,Main Story,PlayStation 3,9h 59m
1023,Main Story,PlayStation 4,9h 59m
1023,Main Story,PlayStation 3,10h
1023,Main Story,PlayStation 3,10h
1023,Main Story,PlayStation 3,10h
1023,Main Story,PC,10h
1023,Main Story,PlayStation 4,10h
1023,Main Story,PlayStation 3,10h
1023,Main Story,PlayStation 4,10h
1023,Main Story,PlayStation 4,10h
1023,Main Story,PlayStation 3,10h
1023,Main Story,PlayStation 3,10h
1023,Main Story,PlayStation 4,10h
1023,Main Story,PlayStation 3,10h
1023,Main Story,PlayStation 3,10h
1023,Main Story,PlayStation 4,10h
1023,Main Story,PlayStation 3,10h
1023,Main Story,PlayStation 4,10h
1023,Main Story,PlayStation 3,10h
1023,Main Story,PlayStation 4,10h
1023,Main Story,PlayStation 3,10h
1023,Main Story,PlayStation 3,10h
1023,Main Story,PlayStation 3,10h
1023,Main Story,PlayStation 4,10h
1023,Main Story,PlayStation 3,10h
1023,Main Story,PlayStation 3,10h
1023,Main Story,PlayStation 3,10h
1023,Main Story,PlayStation 4,10h
1023,Main Story,PlayStation 4,10h
1023,Main Story,PlayStation 3,10h
1023,Main Story,PlayStation 4,10h
1023,Main Story,PlayStation 3,10h
1023,Main Story,PlayStation 4,10h
1023,Main Story,PlayStation 3,10h
1023,Main Story,PlayStation 4,10h
1023,Main Story,PlayStation 4,10h
1023,Main Story,PlayStation 3,10h
1023,Main Story,PlayStation 4,10h
1023,Main Story,PlayStation 3,10h
1023,Main Story,PlayStation 3,10h
1023,Main Story,PlayStation 3,10h
1023,Main Story,PlayStation 3,10h
1023,Main Story,PlayStation 4,10h
1023,Main Story,PlayStation 4,10h
1023,Main Story,PlayStation 3,10h
1023,Main Story,PlayStation 4,10h
1023,Main Story,PlayStation 4,10h
1023,Main Story,PlayStation 3,10h
1023,Main Story,PlayStation 3,10h
1023,Main Story,PlayStation 3,10h
1023,Main Story,PlayStation 3,10h
1023,Main Story,PlayStation 3,10h
1023,Main Story,PlayStation 4,10h
1023,Main Story,PlayStation 3,10h
1023,Main Story,PlayStation 3,10h
1023,Main Story,PlayStation 3,10h
1023,Main Story,PlayStation 3,10h
1023,Main Story,PlayStation 3,10h
1023,Main Story,PlayStation 3,10h
1023,Main Story,PlayStation 3,10h
1023,Main Story,PlayStation 3,10h
1023,Main Story,PlayStation 3,10h
1023,Main Story,PlayStation 3,10h
1023,Main Story,PlayStation 4,10h
1023,Main Story,PlayStation 3,10h
1023,Main Story,PlayStation 3,10h
1023,Main Story,PlayStation 4,10h
1023,Main Story,PlayStation 3,10h
1023,Main Story,PlayStation 4,10h 01m
1023,Main Story,PlayStation 4,10h 02m
1023,Main Story,PlayStation 3,10h 03m
1023,Main Story,PlayStation 3,10h 06m
1023,Main Story,PlayStation 4,10h 10m
1023,Main Story,PlayStation 4,10h 10m
1023,Main Story,PlayStation 4,10h 11m
1023,Main Story,PlayStation 4,10h 11m
1023,Main Story,PlayStation 3,10h 14m
1023,Main Story,PlayStation 4,10h 15m
1023,Main Story,PlayStation 4,10h 15m
1023,Main Story,PlayStation 3,10h 15m
1023,Main Story,PlayStation 3,10h 16m
1023,Main Story,PlayStation 3,10h 17m
1023,Main Story,PlayStation 3,10h 20m
1023,Main Story,PlayStation 4,10h 20m
1023,Main Story,PlayStation 3,10h 20m
1023,Main Story,PlayStation 3,10h 25m
1023,Main Story,PlayStation 4,10h 26m
1023,Main Story,PlayStation 4,10h 27m
1023,Main Story,PlayStation 3,10h 27m
1023,Main Story,PlayStation 3,10h 28m
1023,Main Story,PlayStation 3,10h 28m
1023,Main Story,PlayStation 3,10h 30m
1023,Main Story,PlayStation 4,10h 30m
1023,Main Story,PlayStation 3,10h 30m
1023,Main Story,PlayStation 3,10h 30m
1023,Main Story,PlayStation 4,10h 30m
1023,Main Story,PlayStation 4,10h 30m
1023,Main Story,PlayStation 4,10h 30m
1023,Main Story,PlayStation 3,10h 30m
1023,Main Story,PlayStation 3,10h 30m
1023,Main Story,NA,10h 30m
1023,Main Story,PlayStation 4,10h 30m
1023,Main Story,PlayStation 4,10h 30m
1023,Main Story,PlayStation 3,10h 30m
1023,Main Story,PlayStation 3,10h 30m
1023,Main Story,PlayStation 3,10h 30m
1023,Main Story,PlayStation 3,10h 30m
1023,Main Story,PlayStation 3,10h 30m
1023,Main Story,PlayStation 3,10h 30m
1023,Main Story,PlayStation 3,10h 30m
1023,Main Story,PlayStation 3,10h 30m
1023,Main Story,PlayStation 3,10h 30m
1023,Main Story,PlayStation 3,10h 30m
1023,Main Story,PlayStation 3,10h 31m
1023,Main Story,PlayStation 4,10h 33m
1023,Main Story,PlayStation 3,10h 33m
1023,Main Story,PlayStation 4,10h 35m
1023,Main Story,PlayStation 4,10h 36m
1023,Main Story,PlayStation 3,10h 37m
1023,Main Story,PlayStation 4,10h 38m
1023,Main Story,PlayStation 3,10h 39m
1023,Main Story,PlayStation 3,10h 40m
1023,Main Story,PlayStation 3,10h 40m
1023,Main Story,PlayStation 3,10h 40m
1023,Main Story,PlayStation 3,10h 40m
1023,Main Story,PlayStation 3,10h 43m
1023,Main Story,PlayStation 3,10h 43m
1023,Main Story,PlayStation 4,10h 45m
1023,Main Story,PlayStation 3,10h 45m
1023,Main Story,PlayStation 3,10h 47m
1023,Main Story,PlayStation 3,10h 48m
1023,Main Story,PlayStation 3,10h 50m
1023,Main Story,PlayStation 4,10h 51m
1023,Main Story,PlayStation 3,10h 59m
1023,Main Story,NA,11h
1023,Main Story,PlayStation 3,11h
1023,Main Story,PlayStation 3,11h
1023,Main Story,PlayStation 3,11h
1023,Main Story,PlayStation 3,11h
1023,Main Story,PlayStation 4,11h
1023,Main Story,PlayStation 3,11h
1023,Main Story,PlayStation 3,11h
1023,Main Story,PlayStation 3,11h
1023,Main Story,PlayStation 3,11h
1023,Main Story,PlayStation 3,11h
1023,Main Story,PlayStation 3,11h
1023,Main Story,PlayStation 3,11h
1023,Main Story,PlayStation 3,11h
1023,Main Story,PlayStation 3,11h
1023,Main Story,PlayStation 3,11h
1023,Main Story,PlayStation 3,11h
1023,Main Story,PlayStation 3,11h
1023,Main Story,PlayStation 3,11h
1023,Main Story,PlayStation 3,11h
1023,Main Story,PlayStation 4,11h
1023,Main Story,PlayStation 4,11h
1023,Main Story,PlayStation 3,11h
1023,Main Story,PlayStation 4,11h
1023,Main Story,PlayStation 3,11h
1023,Main Story,PlayStation 3,11h
1023,Main Story,PlayStation 3,11h
1023,Main Story,PlayStation 3,11h
1023,Main Story,PlayStation 4,11h
1023,Main Story,PlayStation 3,11h
1023,Main Story,PlayStation 3,11h
1023,Main Story,PlayStation 3,11h
1023,Main Story,PlayStation 4,11h
1023,Main Story,PlayStation 4,11h
1023,Main Story,PlayStation 4,11h
1023,Main Story,PlayStation 3,11h
1023,Main Story,PlayStation 3,11h
1023,Main Story,PlayStation 3,11h
1023,Main Story,PlayStation 3,11h
1023,Main Story,PlayStation 3,11h
1023,Main Story,PlayStation 3,11h
1023,Main Story,PlayStation 4,11h
1023,Main Story,PlayStation 4,11h
1023,Main Story,PlayStation 4,11h
1023,Main Story,PlayStation 3,11h
1023,Main Story,PlayStation 3,11h
1023,Main Story,PlayStation 4,11h
1023,Main Story,PlayStation 3,11h
1023,Main Story,PlayStation 3,11h
1023,Main Story,PlayStation 4,11h
1023,Main Story,PlayStation 4,11h
1023,Main Story,PlayStation 4,11h
1023,Main Story,PlayStation 3,11h
1023,Main Story,PlayStation 3,11h 01m
1023,Main Story,PlayStation 3,11h 02m
1023,Main Story,PlayStation 3,11h 02m
1023,Main Story,PlayStation 3,11h 05m
1023,Main Story,PlayStation 4,11h 10m
1023,Main Story,PlayStation 3,11h 10m
1023,Main Story,NA,11h 12m
1023,Main Story,PlayStation 3,11h 13m
1023,Main Story,PlayStation 3,11h 14m
1023,Main Story,PlayStation 4,11h 15m
1023,Main Story,PlayStation 3,11h 15m
1023,Main Story,PlayStation 3,11h 15m
1023,Main Story,PlayStation 3,11h 20m
1023,Main Story,PlayStation 3,11h 21m
1023,Main Story,PlayStation 3,11h 30m
1023,Main Story,PlayStation 4,11h 30m
1023,Main Story,PlayStation 4,11h 30m
1023,Main Story,PlayStation 4,11h 30m
1023,Main Story,PlayStation 3,11h 30m
1023,Main Story,PlayStation 3,11h 34m
1023,Main Story,PlayStation 3,11h 34m
1023,Main Story,PlayStation 3,11h 35m
1023,Main Story,PlayStation 3,11h 35m
1023,Main Story,PlayStation 3,11h 37m
1023,Main Story,PlayStation 4,11h 45m
1023,Main Story,PlayStation 4,11h 45m
1023,Main Story,PlayStation 3,11h 48m
1023,Main Story,PlayStation 3,11h 53m
1023,Main Story,PlayStation 4,11h 55m
1023,Main Story,PlayStation 3,12h
1023,Main Story,PlayStation 4,12h
1023,Main Story,PlayStation 3,12h
1023,Main Story,PlayStation 3,12h
1023,Main Story,PlayStation 4,12h
1023,Main Story,PlayStation 3,12h
1023,Main Story,PlayStation 3,12h
1023,Main Story,PlayStation 4,12h
1023,Main Story,PlayStation 3,12h
1023,Main Story,PlayStation 3,12h
1023,Main Story,PlayStation 3,12h
1023,Main Story,PlayStation 3,12h
1023,Main Story,PlayStation 3,12h
1023,Main Story,PlayStation 4,12h
1023,Main Story,PlayStation 3,12h
1023,Main Story,PlayStation 3,12h
1023,Main Story,PlayStation 4,12h
1023,Main Story,PlayStation 3,12h
1023,Main Story,NA,12h
1023,Main Story,PlayStation 3,12h
1023,Main Story,PlayStation 3,12h
1023,Main Story,PlayStation 3,12h
1023,Main Story,PlayStation 3,12h
1023,Main Story,PlayStation 3,12h
1023,Main Story,PlayStation 3,12h
1023,Main Story,PlayStation 3,12h
1023,Main Story,PlayStation 3,12h
1023,Main Story,PlayStation 3,12h
1023,Main Story,PlayStation 3,12h
1023,Main Story,PlayStation 3,12h
1023,Main Story,PlayStation 3,12h
1023,Main Story,PlayStation 4,12h
1023,Main Story,PlayStation 3,12h
1023,Main Story,PlayStation 3,12h
1023,Main Story,PlayStation 4,12h
1023,Main Story,PlayStation 3,12h
1023,Main Story,PlayStation 4,12h
1023,Main Story,PlayStation 4,12h
1023,Main Story,PlayStation 4,12h
1023,Main Story,PlayStation 4,12h
1023,Main Story,PlayStation 3,12h
1023,Main Story,PlayStation 3,12h 01m
1023,Main Story,PlayStation 4,12h 05m
1023,Main Story,PlayStation 3,12h 10m
1023,Main Story,PlayStation 4,12h 20m
1023,Main Story,PlayStation 3,12h 20m
1023,Main Story,PlayStation 3,12h 21m
1023,Main Story,PlayStation 3,12h 23m
1023,Main Story,PlayStation 3,12h 30m
1023,Main Story,PlayStation 3,12h 30m
1023,Main Story,PlayStation 3,12h 34m
1023,Main Story,PlayStation 3,12h 49m
1023,Main Story,PlayStation 4,12h 50m
1023,Main Story,PlayStation 3,13h
1023,Main Story,PlayStation 3,13h
1023,Main Story,PlayStation 3,13h
1023,Main Story,PlayStation 3,13h
1023,Main Story,PlayStation 3,13h
1023,Main Story,PlayStation 4,13h
1023,Main Story,PlayStation 4,13h
1023,Main Story,PlayStation 3,13h
1023,Main Story,PlayStation 4,13h
1023,Main Story,PlayStation 3,13h 05m
1023,Main Story,NA,13h 30m
1023,Main Story,PlayStation 4,14h
1023,Main Story,PlayStation 3,14h
1023,Main Story,PlayStation 3,14h
1023,Main Story,PlayStation 4,14h
1023,Main Story,PlayStation 3,14h 30m
1023,Main Story,PlayStation 3,15h
1023,Main Story,PlayStation 3,15h
1023,Main Story,PlayStation 3,15h
1023,Main Story,PlayStation 4,15h
1023,Main Story,PlayStation 3,15h 16m
1023,Main Story,PlayStation 3,15h 32m
1023,Main Story,PlayStation 4,16h 48m
1023,Main Story,PlayStation 3,20h
1023,Main + Extras,PlayStation 3,8h 34m
1023,Main + Extras,PlayStation 4,9h
1023,Main + Extras,PlayStation 3,9h
1023,Main + Extras,PlayStation Now,9h
1023,Main + Extras,PlayStation 3,9h 28m
1023,Main + Extras,PlayStation 4,9h 40m
1023,Main + Extras,PlayStation 3,9h 45m
1023,Main + Extras,PlayStation 4,9h 50m
1023,Main + Extras,PlayStation 3,9h 54m
1023,Main + Extras,PlayStation 4,9h 58m
1023,Main + Extras,PlayStation 4,10h
1023,Main + Extras,PlayStation 3,10h
1023,Main + Extras,PlayStation 4,10h
1023,Main + Extras,PlayStation 4,10h
1023,Main + Extras,PlayStation 3,10h
1023,Main + Extras,PlayStation 3,10h 20m
1023,Main + Extras,PlayStation 3,10h 20m
1023,Main + Extras,PlayStation 3,10h 23m
1023,Main + Extras,PlayStation 3,10h 30m
1023,Main + Extras,PlayStation 3,10h 30m
1023,Main + Extras,PlayStation 4,10h 30m
1023,Main + Extras,PlayStation 4,10h 50m
1023,Main + Extras,PlayStation 4,10h 50m
1023,Main + Extras,PlayStation 4,10h 57m
1023,Main + Extras,PlayStation 3,11h
1023,Main + Extras,PlayStation 3,11h
1023,Main + Extras,PlayStation 4,11h
1023,Main + Extras,PlayStation 3,11h
1023,Main + Extras,PlayStation 3,11h
1023,Main + Extras,PlayStation 3,11h
1023,Main + Extras,PlayStation 4,11h
1023,Main + Extras,PlayStation 4,11h
1023,Main + Extras,PlayStation 4,11h
1023,Main + Extras,PlayStation 3,11h
1023,Main + Extras,PlayStation 4,11h
1023,Main + Extras,PlayStation 3,11h
1023,Main + Extras,PlayStation 4,11h
1023,Main + Extras,PlayStation 3,11h
1023,Main + Extras,PlayStation 4,11h 05m
1023,Main + Extras,PlayStation 3,11h 10m
1023,Main + Extras,PlayStation 3,11h 15m
1023,Main + Extras,PlayStation 3,11h 16m
1023,Main + Extras,PlayStation 3,11h 24m
1023,Main + Extras,PlayStation 4,11h 26m
1023,Main + Extras,NA,11h 27m
1023,Main + Extras,PlayStation 3,11h 30m
1023,Main + Extras,PlayStation 4,11h 30m
1023,Main + Extras,PlayStation 4,11h 30m
1023,Main + Extras,PlayStation 3,11h 30m
1023,Main + Extras,PlayStation 3,11h 33m
1023,Main + Extras,PlayStation 3,11h 37m
1023,Main + Extras,PlayStation 3,11h 41m
1023,Main + Extras,PlayStation 3,11h 50m
1023,Main + Extras,PlayStation 3,11h 57m
1023,Main + Extras,PlayStation 3,12h
1023,Main + Extras,PlayStation 3,12h
1023,Main + Extras,PlayStation 3,12h
1023,Main + Extras,PlayStation 3,12h
1023,Main + Extras,PlayStation 4,12h
1023,Main + Extras,PlayStation 3,12h
1023,Main + Extras,PlayStation 4,12h
1023,Main + Extras,PlayStation 4,12h
1023,Main + Extras,PlayStation 3,12h
1023,Main + Extras,PlayStation 3,12h
1023,Main + Extras,PlayStation 4,12h
1023,Main + Extras,PlayStation 3,12h
1023,Main + Extras,PlayStation 4,12h
1023,Main + Extras,PlayStation 3,12h
1023,Main + Extras,PlayStation 4,12h
1023,Main + Extras,PlayStation 3,12h
1023,Main + Extras,PlayStation 4,12h
1023,Main + Extras,PlayStation 3,12h
1023,Main + Extras,PlayStation 4,12h
1023,Main + Extras,PlayStation 3,12h
1023,Main + Extras,PlayStation 4,12h
1023,Main + Extras,PlayStation 3,12h
1023,Main + Extras,PlayStation 3,12h
1023,Main + Extras,PlayStation 3,12h
1023,Main + Extras,PlayStation 3,12h
1023,Main + Extras,PlayStation 3,12h
1023,Main + Extras,PlayStation 4,12h
1023,Main + Extras,PlayStation 3,12h
1023,Main + Extras,PlayStation 3,12h
1023,Main + Extras,PlayStation 3,12h
1023,Main + Extras,PlayStation 3,12h
1023,Main + Extras,PlayStation 4,12h
1023,Main + Extras,PlayStation 3,12h 10m
1023,Main + Extras,PlayStation 4,12h 12m
1023,Main + Extras,PlayStation 3,12h 17m
1023,Main + Extras,PlayStation 3,12h 25m
1023,Main + Extras,PlayStation 4,12h 30m
1023,Main + Extras,PlayStation 3,12h 32m
1023,Main + Extras,PlayStation 3,12h 45m
1023,Main + Extras,PlayStation 3,12h 45m
1023,Main + Extras,PlayStation 3,13h
1023,Main + Extras,PlayStation 4,13h
1023,Main + Extras,PlayStation 3,13h
1023,Main + Extras,PlayStation 3,13h
1023,Main + Extras,PlayStation 3,13h
1023,Main + Extras,PlayStation 3,13h
1023,Main + Extras,PlayStation 3,13h
1023,Main + Extras,PlayStation 4,13h
1023,Main + Extras,PlayStation 3,13h
1023,Main + Extras,PlayStation 3,13h
1023,Main + Extras,PlayStation 3,13h 10m
1023,Main + Extras,PlayStation 3,13h 17m
1023,Main + Extras,PlayStation 4,13h 43m
1023,Main + Extras,PlayStation 3,13h 51m
1023,Main + Extras,PlayStation 3,14h
1023,Main + Extras,PC,14h
1023,Main + Extras,PlayStation 3,14h
1023,Main + Extras,PlayStation 3,14h
1023,Main + Extras,PlayStation 4,14h
1023,Main + Extras,PlayStation 3,14h
1023,Main + Extras,PlayStation 3,14h 20m
1023,Main + Extras,PlayStation 3,15h
1023,Main + Extras,PlayStation 3,15h
1023,Main + Extras,PlayStation 3,15h
1023,Main + Extras,PlayStation 3,15h
1023,Main + Extras,PlayStation 4,15h
1023,Main + Extras,PlayStation 3,15h 48m
1023,Main + Extras,PlayStation 3,16h
1023,Main + Extras,PlayStation 4,16h
1023,Main + Extras,PlayStation 3,17h 08m
1023,Main + Extras,PlayStation 4,18h
1023,Main + Extras,PlayStation 3,18h
1023,Main + Extras,PlayStation 3,18h
1023,Main + Extras,PlayStation 3,20h
1023,Main + Extras,PlayStation 3,24h 56m
1023,Completionists,PlayStation 3,13h 44m
1023,Completionists,PlayStation 3,16h 30m
1023,Completionists,PlayStation 3,17h 32m
1023,Completionists,PlayStation 3,19h
1023,Completionists,PlayStation 3,19h 47m
1023,Completionists,PlayStation 4,20h
1023,Completionists,PlayStation 4,20h
1023,Completionists,PlayStation 3,20h
1023,Completionists,PlayStation 3,21h 06m
1023,Completionists,PlayStation 4,22h 30m
1023,Completionists,PlayStation 3,23h
1023,Completionists,PlayStation 4,24h 50m
1023,Completionists,PlayStation 3,25h
1023,Completionists,PlayStation 3,25h
1023,Completionists,PlayStation 4,25h 30m
1023,Completionists,PlayStation 4,26h 24m
1023,Completionists,PlayStation 3,27h
1023,Completionists,PlayStation 3,27h
1023,Completionists,PlayStation 3,27h
1023,Completionists,PlayStation 3,27h 15m
1023,Completionists,PlayStation 3,27h 31m
1023,Completionists,PlayStation 3,28h
1023,Completionists,PlayStation 3,28h
1023,Completionists,PlayStation 3,29h 47m
1023,Completionists,PlayStation 3,30h
1023,Completionists,PlayStation 4,30h
1023,Completionists,PlayStation 3,30h
1023,Completionists,PlayStation 4,30h
1023,Completionists,PlayStation 3,30h 37m
1023,Completionists,PlayStation 4,39h 04m
1023,Completionists,PlayStation 4,45h
1023,Completionists,PlayStation 3,45h
1023,Completionists,PlayStation 3,56h 36m
1023,Speed Run - Any%,PlayStation 3,7h 45m
1023,Co-Op Multiplayer,PlayStation 4,30m
1023,Co-Op Multiplayer,PlayStation 3,10h
1023,Co-Op Multiplayer,PlayStation 3,12h
1023,Co-Op Multiplayer,PlayStation 3,12h
1023,Co-Op Multiplayer,PlayStation 3,14h
