id,type,platform,time
10232,Main Story,NA,2h
10232,Main Story,PC,2h
10232,Main Story,PC,2h
10232,Main Story,PC,2h 10m
10232,Main Story,PC,2h 40m
10232,Main Story,PC,2h 45m
10232,Main Story,PC,2h 48m
10232,Main Story,Linux,2h 55m
10232,Main Story,PC,2h 55m
10232,Main Story,PC,3h
10232,Main Story,PC,3h
10232,Main Story,PC,3h
10232,Main Story,PC,3h
10232,Main Story,PC,3h
10232,Main Story,PC,3h
10232,Main Story,PC,3h
10232,Main Story,PC,3h
10232,Main Story,PC,3h
10232,Main Story,PC,3h
10232,Main Story,PC,3h 05m
10232,Main Story,PC,3h 05m
10232,Main Story,NA,3h 10m
10232,Main Story,PC,3h 10m
10232,Main Story,PC,3h 12m
10232,Main Story,PC,3h 20m
10232,Main Story,PC,3h 23m
10232,Main Story,PC,3h 30m
10232,Main Story,PC,3h 30m
10232,Main Story,Android,3h 30m
10232,Main Story,PC,3h 30m
10232,Main Story,PC,3h 32m
10232,Main Story,PC,3h 43m
10232,Main Story,PC,3h 44m
10232,Main Story,PC,3h 48m
10232,Main Story,PC,3h 50m
10232,Main Story,PC,4h
10232,Main Story,PC,4h
10232,Main Story,PC,4h
10232,Main Story,iOS,4h
10232,Main Story,PC,4h
10232,Main Story,PC,4h
10232,Main Story,PC,4h
10232,Main Story,PC,4h
10232,Main Story,PC,4h 09m
10232,Main Story,PC,4h 12m
10232,Main Story,PC,4h 12m
10232,Main Story,PC,4h 20m
10232,Main Story,PC,4h 30m
10232,Main Story,PC,4h 30m
10232,Main Story,PC,4h 36m
10232,Main Story,PC,5h
10232,Main Story,PC,5h
10232,Main Story,PC,5h
10232,Main Story,PC,5h
10232,Main Story,PC,6h
10232,Main Story,PC,6h 54m
10232,Main Story,PC,7h
10232,Main + Extras,PC,2h 10m
10232,Main + Extras,PC,2h 30m
10232,Main + Extras,PC,2h 48m
10232,Main + Extras,PC,3h
10232,Main + Extras,PC,3h 12m
10232,Main + Extras,PC,3h 15m
10232,Main + Extras,PC,3h 21m
10232,Main + Extras,PC,3h 24m
10232,Main + Extras,PC,3h 30m
10232,Main + Extras,PC,3h 44m
10232,Main + Extras,PC,3h 48m
10232,Main + Extras,PC,3h 51m
10232,Main + Extras,PC,4h
10232,Main + Extras,PC,4h
10232,Main + Extras,PC,4h
10232,Main + Extras,PC,4h 01m
10232,Main + Extras,PC,4h 15m
10232,Main + Extras,PC,4h 50m
10232,Completionists,PC,1h 33m
10232,Completionists,Mac,2h
10232,Completionists,PC,2h 15m
10232,Completionists,PC,2h 33m
10232,Completionists,PC,2h 42m
10232,Completionists,PC,2h 48m
10232,Completionists,PC,2h 48m
10232,Completionists,PC,2h 50m
10232,Completionists,PC,2h 52m
10232,Completionists,PC,2h 56m
10232,Completionists,PC,3h
10232,Completionists,PC,3h
10232,Completionists,PC,3h
10232,Completionists,PC,3h
10232,Completionists,PC,3h
10232,Completionists,PC,3h
10232,Completionists,PC,3h
10232,Completionists,PC,3h 06m
10232,Completionists,PC,3h 08m
10232,Completionists,PC,3h 08m
10232,Completionists,PC,3h 12m
10232,Completionists,PC,3h 17m
10232,Completionists,PC,3h 18m
10232,Completionists,PC,3h 20m
10232,Completionists,PC,3h 22m
10232,Completionists,Linux,3h 28m
10232,Completionists,PC,3h 30m
10232,Completionists,PC,3h 30m
10232,Completionists,PC,3h 30m
10232,Completionists,PC,3h 30m
10232,Completionists,PC,3h 30m
10232,Completionists,PC,3h 31m
10232,Completionists,PC,3h 36m
10232,Completionists,PC,3h 36m
10232,Completionists,PC,3h 40m
10232,Completionists,PC,3h 45m
10232,Completionists,Linux,3h 45m
10232,Completionists,PC,3h 45m
10232,Completionists,PC,3h 48m
10232,Completionists,PC,3h 50m
10232,Completionists,PC,3h 52m
10232,Completionists,PC,4h
10232,Completionists,NA,4h
10232,Completionists,PC,4h
10232,Completionists,PC,4h
10232,Completionists,PC,4h
10232,Completionists,PC,4h
10232,Completionists,PC,4h
10232,Completionists,NA,4h
10232,Completionists,PC,4h
10232,Completionists,Mac,4h
10232,Completionists,PC,4h
10232,Completionists,PC,4h 04m
10232,Completionists,PC,4h 06m
10232,Completionists,PC,4h 45m
10232,Completionists,PC,4h 47m
10232,Completionists,PC,4h 50m
10232,Completionists,PC,5h
10232,Completionists,PC,5h 03m
10232,Completionists,PC,5h 50m
10232,Completionists,PC,7h
10232,Completionists,PC,9h 18m
10232,Completionists,PC,16h
