id,type,platform,time
10238,Main Story,PC,55m
10238,Main Story,PC,2h
10238,Main Story,PC,2h
10238,Main Story,PC,2h
10238,Main Story,PC,2h 24m
10238,Main Story,PC,3h 06m
10238,Main Story,PC,3h 08m
10238,Main Story,PC,3h 20m
10238,Main Story,PC,3h 45m
10238,Main Story,PC,3h 59m
10238,Main Story,PC,4h
10238,Main Story,PC,4h
10238,Main Story,PC,4h 24m
10238,Main Story,PC,4h 30m
10238,Main Story,PC,4h 45m
10238,Main Story,PC,4h 47m
10238,Main Story,PC,4h 55m
10238,Main Story,PC,5h
10238,Main Story,PlayStation 3,5h
10238,Main Story,PC,5h
10238,Main Story,PC,5h
10238,Main Story,PC,5h
10238,Main Story,PC,5h
10238,Main Story,PC,5h
10238,Main Story,PC,5h 05m
10238,Main Story,PlayStation 3,5h 24m
10238,Main Story,PC,5h 30m
10238,Main Story,PC,5h 34m
10238,Main Story,PC,5h 35m
10238,Main Story,PC,5h 45m
10238,Main Story,PC,5h 45m
10238,Main Story,PC,5h 48m
10238,Main Story,PC,5h 55m
10238,Main Story,PC,6h
10238,Main Story,PC,6h
10238,Main Story,PC,6h
10238,Main Story,PC,6h
10238,Main Story,PC,6h
10238,Main Story,PC,6h
10238,Main Story,PC,6h
10238,Main Story,PC,6h
10238,Main Story,PC,6h
10238,Main Story,PC,6h
10238,Main Story,PC,6h
10238,Main Story,PC,6h
10238,Main Story,PC,6h
10238,Main Story,PC,6h
10238,Main Story,PC,6h
10238,Main Story,PC,6h 05m
10238,Main Story,PC,6h 21m
10238,Main Story,PC,6h 30m
10238,Main Story,PC,6h 54m
10238,Main Story,PC,7h
10238,Main Story,PC,7h
10238,Main Story,PC,7h
10238,Main Story,PC,7h
10238,Main Story,PC,7h
10238,Main Story,PC,7h
10238,Main Story,PC,7h 44m
10238,Main Story,PC,8h
10238,Main Story,PC,8h
10238,Main Story,PC,8h
10238,Main Story,PC,8h
10238,Main Story,PC,8h
10238,Main Story,PC,8h
10238,Main Story,PC,8h
10238,Main Story,PC,8h 17m
10238,Main Story,PC,8h 31m
10238,Main Story,PC,9h
10238,Main Story,PC,9h 30m
10238,Main Story,PC,10h
10238,Main Story,PC,10h
10238,Main Story,PC,10h 24m
10238,Main Story,PC,10h 30m
10238,Main Story,PC,10h 48m
10238,Main Story,PC,11h
10238,Main Story,PC,13h
10238,Main + Extras,PC,2h 30m
10238,Main + Extras,PC,5h 23m
10238,Main + Extras,PC,5h 25m
10238,Main + Extras,PC,5h 30m
10238,Main + Extras,PC,5h 30m
10238,Main + Extras,PC,5h 45m
10238,Main + Extras,PC,5h 50m
10238,Main + Extras,PC,6h
10238,Main + Extras,PC,6h 45m
10238,Main + Extras,PC,6h 54m
10238,Main + Extras,PlayStation 3,6h 59m
10238,Main + Extras,PC,7h 03m
10238,Main + Extras,PC,7h 07m
10238,Main + Extras,PC,7h 19m
10238,Main + Extras,PC,7h 23m
10238,Main + Extras,PC,7h 30m
10238,Main + Extras,PC,7h 40m
10238,Main + Extras,PC,7h 45m
10238,Main + Extras,PC,7h 47m
10238,Main + Extras,PC,7h 52m
10238,Main + Extras,PC,7h 57m
10238,Main + Extras,PC,8h
10238,Main + Extras,PC,8h
10238,Main + Extras,PC,8h
10238,Main + Extras,PC,8h
10238,Main + Extras,PC,8h 25m
10238,Main + Extras,PC,8h 50m
10238,Main + Extras,PC,8h 50m
10238,Main + Extras,PC,8h 56m
10238,Main + Extras,PC,9h
10238,Main + Extras,PC,9h 46m
10238,Main + Extras,PC,10h
10238,Main + Extras,PC,10h 11m
10238,Main + Extras,PC,10h 40m
10238,Main + Extras,PC,11h
10238,Main + Extras,PC,12h
10238,Main + Extras,PC,12h
10238,Main + Extras,PC,12h
10238,Main + Extras,PC,15h 20m
10238,Main + Extras,PC,18h 10m
10238,Main + Extras,PC,26h
10238,Completionists,PC,5h 16m
10238,Completionists,PC,6h
10238,Completionists,PC,7h
10238,Completionists,PC,7h 32m
10238,Completionists,PC,7h 40m
10238,Completionists,PC,9h 19m
10238,Completionists,PC,9h 53m
10238,Completionists,PC,9h 57m
10238,Completionists,PC,10h
10238,Completionists,PC,11h
10238,Completionists,PC,11h 10m
10238,Completionists,PC,11h 46m
10238,Completionists,PC,13h
10238,Completionists,PC,13h 30m
10238,Completionists,PC,13h 40m
10238,Completionists,PC,13h 47m
10238,Completionists,PC,15h
10238,Completionists,PC,16h
10238,Completionists,PC,20h 27m
10238,Speed Run - Any%,PC,50m
10238,Speed Run - Any%,PC,1h 57m
10238,Co-Op Multiplayer,PC,8h
