id,type,platform,time
10237,Main Story,PC,40m
10237,Main Story,PC,40m
10237,Main Story,PC,46m
10237,Main Story,PC,53m
10237,Main Story,PC,1h 10m
10237,Main Story,PC,1h 10m
10237,Main Story,PC,1h 17m
10237,Main Story,PC,1h 20m
10237,Main Story,PC,1h 22m
10237,Main Story,PC,1h 24m
10237,Main Story,PC,1h 24m
10237,Main Story,PC,1h 30m
10237,Main Story,PC,1h 30m
10237,Main Story,PC,1h 30m
10237,Main Story,PC,1h 39m
10237,Main Story,PC,1h 58m
10237,Main Story,PC,2h
10237,Main Story,PC,2h 03m
10237,Main Story,PC,2h 30m
10237,Main + Extras,PC,2h
10237,Main + Extras,Dreamcast,3h
10237,Completionists,PC,40m
10237,Completionists,PC,2h 12m
10237,Speed Run - Any%,PC,39m
