id,type,platform,time
10243,Main Story,PlayStation 4,1h 20m
10243,Main Story,PlayStation 4,1h 29m
10243,Main Story,PlayStation 4,1h 30m
10243,Main Story,PlayStation 3,1h 32m
10243,Main Story,PlayStation 4,1h 35m
10243,Main Story,PlayStation 3,1h 39m
10243,Main Story,PlayStation 3,1h 40m
10243,Main Story,PlayStation 3,1h 42m
10243,Main Story,PlayStation 4,1h 43m
10243,Main Story,PlayStation 4,1h 45m
10243,Main Story,PlayStation 3,1h 45m
10243,Main Story,PlayStation 4,1h 45m
10243,Main Story,PlayStation 4,1h 45m
10243,Main Story,PlayStation 4,1h 47m
10243,Main Story,PlayStation 4,1h 50m
10243,Main Story,PlayStation 4,1h 50m
10243,Main Story,PlayStation 4,1h 50m
10243,Main Story,PlayStation 3,1h 50m
10243,Main Story,PlayStation Vita,1h 50m
10243,Main Story,PlayStation Vita,1h 54m
10243,Main Story,PlayStation 4,1h 58m
10243,Main Story,PlayStation 4,2h
10243,Main Story,PlayStation 3,2h
10243,Main Story,PlayStation 3,2h
10243,Main Story,PlayStation 4,2h
10243,Main Story,PlayStation 4,2h
10243,Main Story,PlayStation 4,2h
10243,Main Story,PlayStation 4,2h
10243,Main Story,PlayStation 3,2h
10243,Main Story,PlayStation 4,2h
10243,Main Story,PlayStation 3,2h
10243,Main Story,PlayStation 4,2h
10243,Main Story,PlayStation 4,2h
10243,Main Story,PlayStation 3,2h
10243,Main Story,PlayStation 3,2h
10243,Main Story,PlayStation 3,2h 05m
10243,Main Story,PlayStation 3,2h 07m
10243,Main Story,PlayStation 3,2h 08m
10243,Main Story,PlayStation 4,2h 08m
10243,Main Story,PlayStation Vita,2h 09m
10243,Main Story,PlayStation 4,2h 10m
10243,Main Story,PlayStation 4,2h 10m
10243,Main Story,PlayStation 4,2h 10m
10243,Main Story,PlayStation 4,2h 14m
10243,Main Story,PlayStation 4,2h 15m
10243,Main Story,PlayStation 3,2h 15m
10243,Main Story,PlayStation 3,2h 15m
10243,Main Story,PlayStation 3,2h 15m
10243,Main Story,PlayStation 3,2h 15m
10243,Main Story,PlayStation Vita,2h 17m
10243,Main Story,PlayStation 4,2h 19m
10243,Main Story,PlayStation 4,2h 20m
10243,Main Story,PlayStation 4,2h 20m
10243,Main Story,PlayStation 3,2h 20m
10243,Main Story,PlayStation 4,2h 25m
10243,Main Story,PlayStation 4,2h 25m
10243,Main Story,PlayStation 3,2h 29m
10243,Main Story,PlayStation 4,2h 29m
10243,Main Story,PlayStation 4,2h 29m
10243,Main Story,PlayStation Vita,2h 30m
10243,Main Story,PlayStation Vita,2h 30m
10243,Main Story,PlayStation 4,2h 30m
10243,Main Story,PlayStation 4,2h 30m
10243,Main Story,PlayStation 3,2h 30m
10243,Main Story,PlayStation 3,2h 30m
10243,Main Story,PlayStation 4,2h 30m
10243,Main Story,PlayStation 4,2h 30m
10243,Main Story,PlayStation 4,2h 30m
10243,Main Story,PlayStation Vita,2h 30m
10243,Main Story,PlayStation 4,2h 30m
10243,Main Story,PlayStation 3,2h 30m
10243,Main Story,PlayStation 4,2h 30m
10243,Main Story,PlayStation 4,2h 30m
10243,Main Story,PlayStation 4,2h 30m
10243,Main Story,PlayStation 4,2h 30m
10243,Main Story,PlayStation 4,2h 30m
10243,Main Story,PlayStation 4,2h 30m
10243,Main Story,PlayStation 3,2h 30m
10243,Main Story,PlayStation Vita,2h 30m
10243,Main Story,PlayStation 4,2h 30m
10243,Main Story,PlayStation 3,2h 30m
10243,Main Story,PlayStation 3,2h 30m
10243,Main Story,PlayStation 4,2h 30m
10243,Main Story,PlayStation Vita,2h 30m
10243,Main Story,PlayStation 3,2h 32m
10243,Main Story,PlayStation 4,2h 35m
10243,Main Story,PlayStation 3,2h 37m
10243,Main Story,PlayStation 4,2h 38m
10243,Main Story,PlayStation Now,2h 39m
10243,Main Story,PlayStation 4,2h 40m
10243,Main Story,PlayStation 4,2h 40m
10243,Main Story,PlayStation 4,2h 40m
10243,Main Story,PlayStation 4,2h 40m
10243,Main Story,PlayStation Vita,2h 40m
10243,Main Story,PlayStation 3,2h 45m
10243,Main Story,PlayStation 4,2h 45m
10243,Main Story,PlayStation 3,2h 45m
10243,Main Story,PlayStation 3,2h 45m
10243,Main Story,PlayStation 3,2h 45m
10243,Main Story,PlayStation 4,2h 45m
10243,Main Story,PlayStation 3,2h 45m
10243,Main Story,PlayStation 3,2h 45m
10243,Main Story,PlayStation 4,2h 50m
10243,Main Story,PlayStation Vita,2h 58m
10243,Main Story,PlayStation 3,3h
10243,Main Story,PlayStation 3,3h
10243,Main Story,PlayStation 4,3h
10243,Main Story,PlayStation 4,3h
10243,Main Story,PlayStation 4,3h
10243,Main Story,PlayStation 4,3h
10243,Main Story,PlayStation 4,3h
10243,Main Story,PlayStation 4,3h
10243,Main Story,PlayStation 4,3h
10243,Main Story,PlayStation 4,3h
10243,Main Story,PlayStation 4,3h
10243,Main Story,PlayStation 4,3h
10243,Main Story,PlayStation 4,3h
10243,Main Story,PlayStation 3,3h
10243,Main Story,PlayStation 3,3h
10243,Main Story,PlayStation 3,3h
10243,Main Story,PlayStation 3,3h
10243,Main Story,PlayStation 4,3h
10243,Main Story,PlayStation Vita,3h
10243,Main Story,PlayStation 3,3h
10243,Main Story,PlayStation 3,3h
10243,Main Story,PlayStation 3,3h
10243,Main Story,PlayStation 4,3h
10243,Main Story,PlayStation 4,3h
10243,Main Story,PlayStation 3,3h
10243,Main Story,PlayStation 4,3h
10243,Main Story,PlayStation 4,3h
10243,Main Story,PlayStation Vita,3h
10243,Main Story,PlayStation 4,3h
10243,Main Story,PlayStation Vita,3h 04m
10243,Main Story,PlayStation 4,3h 05m
10243,Main Story,PlayStation 3,3h 12m
10243,Main Story,PlayStation 4,3h 15m
10243,Main Story,PlayStation 3,3h 16m
10243,Main Story,PlayStation 4,3h 20m
10243,Main Story,PlayStation Vita,3h 22m
10243,Main Story,PlayStation 3,3h 30m
10243,Main Story,PlayStation 3,3h 30m
10243,Main Story,NA,3h 40m
10243,Main Story,PlayStation 4,3h 45m
10243,Main Story,PlayStation 3,3h 45m
10243,Main Story,PlayStation 4,4h
10243,Main Story,PlayStation Vita,4h
10243,Main Story,PlayStation 4,4h
10243,Main Story,PlayStation 3,4h
10243,Main Story,PlayStation 4,4h
10243,Main Story,PlayStation 4,4h
10243,Main Story,PlayStation 4,4h 30m
10243,Main Story,PlayStation 4,5h
10243,Main + Extras,PlayStation 4,1h 50m
10243,Main + Extras,PlayStation 4,2h
10243,Main + Extras,PlayStation 4,2h 01m
10243,Main + Extras,PlayStation 3,2h 05m
10243,Main + Extras,PlayStation 3,2h 17m
10243,Main + Extras,PlayStation 4,2h 30m
10243,Main + Extras,PlayStation 3,2h 30m
10243,Main + Extras,PlayStation 3,2h 30m
10243,Main + Extras,PlayStation 4,2h 30m
10243,Main + Extras,PlayStation Vita,2h 30m
10243,Main + Extras,PlayStation 3,2h 42m
10243,Main + Extras,PlayStation 3,2h 45m
10243,Main + Extras,PlayStation Vita,2h 45m
10243,Main + Extras,PlayStation 4,2h 50m
10243,Main + Extras,PlayStation 3,2h 50m
10243,Main + Extras,PlayStation 4,2h 53m
10243,Main + Extras,PlayStation 4,2h 53m
10243,Main + Extras,PlayStation Vita,3h
10243,Main + Extras,PlayStation 4,3h
10243,Main + Extras,PlayStation 3,3h
10243,Main + Extras,PlayStation 4,3h
10243,Main + Extras,PlayStation Vita,3h
10243,Main + Extras,PlayStation 3,3h
10243,Main + Extras,PlayStation 4,3h
10243,Main + Extras,PlayStation Vita,3h
10243,Main + Extras,PlayStation 4,3h
10243,Main + Extras,PlayStation 3,3h
10243,Main + Extras,PlayStation 3,3h
10243,Main + Extras,PlayStation 4,3h
10243,Main + Extras,PlayStation 3,3h
10243,Main + Extras,PlayStation 3,3h
10243,Main + Extras,PlayStation 3,3h
10243,Main + Extras,PlayStation 3,3h
10243,Main + Extras,PlayStation 4,3h 02m
10243,Main + Extras,PlayStation 4,3h 08m
10243,Main + Extras,PlayStation 3,3h 09m
10243,Main + Extras,PlayStation 4,3h 11m
10243,Main + Extras,PlayStation 3,3h 12m
10243,Main + Extras,PlayStation 3,3h 13m
10243,Main + Extras,PlayStation 3,3h 15m
10243,Main + Extras,PlayStation 4,3h 15m
10243,Main + Extras,PlayStation 4,3h 17m
10243,Main + Extras,PlayStation 4,3h 20m
10243,Main + Extras,NA,3h 30m
10243,Main + Extras,PlayStation 4,3h 30m
10243,Main + Extras,PlayStation Vita,3h 30m
10243,Main + Extras,PlayStation 4,3h 30m
10243,Main + Extras,PlayStation 4,3h 30m
10243,Main + Extras,PlayStation 4,3h 30m
10243,Main + Extras,PlayStation 4,3h 30m
10243,Main + Extras,PlayStation 4,3h 35m
10243,Main + Extras,PlayStation 3,3h 35m
10243,Main + Extras,PlayStation 4,3h 38m
10243,Main + Extras,PlayStation 3,3h 45m
10243,Main + Extras,PlayStation 3,3h 45m
10243,Main + Extras,PlayStation 4,3h 49m
10243,Main + Extras,PlayStation 3,3h 53m
10243,Main + Extras,PlayStation 4,4h
10243,Main + Extras,PlayStation 4,4h
10243,Main + Extras,PlayStation 3,4h
10243,Main + Extras,PlayStation 4,4h
10243,Main + Extras,PlayStation 3,4h 30m
10243,Main + Extras,PlayStation 4,4h 42m
10243,Main + Extras,PlayStation 4,4h 45m
10243,Main + Extras,PlayStation 3,5h
10243,Main + Extras,PlayStation 4,5h 30m
10243,Completionists,PlayStation Vita,2h 37m
10243,Completionists,NA,3h
10243,Completionists,PlayStation 4,3h
10243,Completionists,PlayStation 3,3h
10243,Completionists,PlayStation 4,3h 15m
10243,Completionists,PlayStation 4,3h 17m
10243,Completionists,PlayStation 3,3h 20m
10243,Completionists,PlayStation 3,3h 30m
10243,Completionists,PlayStation 3,3h 30m
10243,Completionists,PlayStation 3,3h 30m
10243,Completionists,PlayStation 4,3h 40m
10243,Completionists,PlayStation 3,3h 45m
10243,Completionists,PlayStation 4,3h 46m
10243,Completionists,PlayStation 3,3h 50m
10243,Completionists,PlayStation 4,3h 53m
10243,Completionists,PlayStation 4,3h 54m
10243,Completionists,PlayStation 4,4h
10243,Completionists,PlayStation 3,4h
10243,Completionists,PlayStation 4,4h
10243,Completionists,PlayStation 3,4h
10243,Completionists,PlayStation 3,4h
10243,Completionists,PlayStation 4,4h
10243,Completionists,PlayStation Vita,4h
10243,Completionists,PlayStation 4,4h 03m
10243,Completionists,PlayStation 3,4h 10m
10243,Completionists,PlayStation 3,4h 10m
10243,Completionists,PlayStation 4,4h 30m
10243,Completionists,PlayStation 4,4h 30m
10243,Completionists,PlayStation 3,4h 45m
10243,Completionists,PlayStation 4,5h
10243,Completionists,PlayStation 3,5h
10243,Completionists,PlayStation 4,5h
10243,Completionists,PlayStation 4,5h 10m
10243,Completionists,PlayStation 3,5h 15m
10243,Completionists,PlayStation 3,5h 34m
10243,Completionists,PlayStation 3,5h 50m
10243,Completionists,PlayStation 4,6h 15m
10243,Completionists,PlayStation 4,6h 30m
10243,Completionists,PlayStation 3,6h 50m
10243,Completionists,PlayStation 4,7h
10243,Completionists,PlayStation 3,7h 14m
10243,Completionists,PlayStation 3,8h
