id,type,platform,time
10246,Main Story,Xbox,15h
10246,Main Story,PlayStation 2,16h
10246,Main + Extras,Game Boy Advance,12h 30m
10246,Main + Extras,Game Boy Advance,20h
10246,Main + Extras,Game Boy Advance,20h
10246,Main + Extras,Nintendo DS,21h 43m
10246,Main + Extras,PlayStation 2,25h
10246,Main + Extras,Game Boy Advance,30h
10246,Main + Extras,PlayStation 2,30h
10246,Completionists,Nintendo GameCube,7h 34m
10246,Completionists,Nintendo 3DS,30h 02m
10246,Completionists,Nintendo DS,30h 02m
10246,Co-Op Multiplayer,PlayStation 2,50h
