id,type,platform,time
10248,Main Story,PC,23h
10248,Main Story,PC,24h
10248,Main Story,PC,25h
10248,Main Story,PC,25h
10248,Main Story,PC,27h
10248,Main Story,PC,27h
10248,Main Story,PC,28h
10248,Main Story,PC,28h
10248,Main Story,PC,32h
10248,Main Story,PC,36h
10248,Main + Extras,PC,25h
10248,Main + Extras,PC,30h
10248,Main + Extras,PC,32h
10248,Main + Extras,PC,35h
10248,Main + Extras,PC,35h
10248,Completionists,PC,44h
10248,Completionists,PC,55h
10248,Speed Run - Any%,PC,10h
