id,type,platform,time
10256,Main Story,Xbox 360,1h 15m
10256,Main Story,PC,1h 30m
10256,Main Story,PC,1h 45m
10256,Main Story,Xbox 360,2h
10256,Main Story,PC,2h
10256,Main Story,PC,2h
10256,Main Story,PC,2h
10256,Main Story,PC,2h 10m
10256,Main Story,PlayStation 4,2h 15m
10256,Main Story,PlayStation 3,2h 20m
10256,Main Story,PC,2h 22m
10256,Main Story,PlayStation 4,2h 23m
10256,Main Story,PC,2h 24m
10256,Main Story,NA,2h 24m
10256,Main Story,PC,2h 25m
10256,Main Story,PC,2h 29m
10256,Main Story,PC,2h 30m
10256,Main Story,PC,2h 30m
10256,Main Story,PC,2h 30m
10256,Main Story,PC,2h 30m
10256,Main Story,PlayStation 3,2h 30m
10256,Main Story,PlayStation Vita,2h 30m
10256,Main Story,PC,2h 30m
10256,Main Story,PC,2h 30m
10256,Main Story,PC,2h 30m
10256,Main Story,Xbox 360,2h 30m
10256,Main Story,PC,2h 30m
10256,Main Story,PlayStation 3,2h 30m
10256,Main Story,PC,2h 30m
10256,Main Story,PC,2h 30m
10256,Main Story,PC,2h 30m
10256,Main Story,PC,2h 30m
10256,Main Story,PC,2h 30m
10256,Main Story,Mac,2h 30m
10256,Main Story,Xbox 360,2h 30m
10256,Main Story,PlayStation 3,2h 30m
10256,Main Story,PC,2h 30m
10256,Main Story,PlayStation 3,2h 30m
10256,Main Story,PC,2h 30m
10256,Main Story,PlayStation 3,2h 30m
10256,Main Story,PC,2h 30m
10256,Main Story,PC,2h 31m
10256,Main Story,PC,2h 32m
10256,Main Story,Mac,2h 32m
10256,Main Story,PC,2h 34m
10256,Main Story,PC,2h 35m
10256,Main Story,PC,2h 35m
10256,Main Story,PC,2h 36m
10256,Main Story,PC,2h 36m
10256,Main Story,PlayStation 4,2h 37m
10256,Main Story,PC,2h 38m
10256,Main Story,PC,2h 39m
10256,Main Story,Xbox 360,2h 39m
10256,Main Story,PC,2h 39m
10256,Main Story,Xbox 360,2h 39m
10256,Main Story,PC,2h 40m
10256,Main Story,Xbox 360,2h 40m
10256,Main Story,PC,2h 40m
10256,Main Story,PC,2h 40m
10256,Main Story,PC,2h 40m
10256,Main Story,PC,2h 40m
10256,Main Story,PC,2h 40m
10256,Main Story,PC,2h 40m
10256,Main Story,Android,2h 40m
10256,Main Story,PC,2h 41m
10256,Main Story,PC,2h 41m
10256,Main Story,PlayStation 3,2h 41m
10256,Main Story,PC,2h 42m
10256,Main Story,PC,2h 42m
10256,Main Story,PC,2h 42m
10256,Main Story,PlayStation 3,2h 43m
10256,Main Story,PC,2h 45m
10256,Main Story,Xbox 360,2h 45m
10256,Main Story,PC,2h 45m
10256,Main Story,PC,2h 45m
10256,Main Story,Xbox 360,2h 45m
10256,Main Story,Mac,2h 45m
10256,Main Story,PC,2h 45m
10256,Main Story,iOS,2h 45m
10256,Main Story,PlayStation 3,2h 45m
10256,Main Story,PC,2h 45m
10256,Main Story,PC,2h 45m
10256,Main Story,PlayStation 3,2h 46m
10256,Main Story,PC,2h 47m
10256,Main Story,PC,2h 47m
10256,Main Story,PC,2h 48m
10256,Main Story,PlayStation 3,2h 48m
10256,Main Story,Xbox 360,2h 48m
10256,Main Story,PC,2h 48m
10256,Main Story,PlayStation 4,2h 48m
10256,Main Story,PC,2h 49m
10256,Main Story,PC,2h 50m
10256,Main Story,PlayStation 3,2h 50m
10256,Main Story,PC,2h 50m
10256,Main Story,NA,2h 50m
10256,Main Story,PC,2h 50m
10256,Main Story,PlayStation 3,2h 51m
10256,Main Story,PC,2h 52m
10256,Main Story,PlayStation 3,2h 53m
10256,Main Story,PC,2h 54m
10256,Main Story,PC,2h 55m
10256,Main Story,PC,2h 55m
10256,Main Story,Xbox 360,2h 55m
10256,Main Story,PlayStation 3,2h 55m
10256,Main Story,PC,2h 57m
10256,Main Story,PC,2h 57m
10256,Main Story,PC,2h 57m
10256,Main Story,PC,3h
10256,Main Story,PC,3h
10256,Main Story,Xbox 360,3h
10256,Main Story,PC,3h
10256,Main Story,PC,3h
10256,Main Story,PC,3h
10256,Main Story,PC,3h
10256,Main Story,PC,3h
10256,Main Story,PC,3h
10256,Main Story,PlayStation 3,3h
10256,Main Story,PC,3h
10256,Main Story,PC,3h
10256,Main Story,PC,3h
10256,Main Story,PC,3h
10256,Main Story,PC,3h
10256,Main Story,PC,3h
10256,Main Story,PC,3h
10256,Main Story,iOS,3h
10256,Main Story,PC,3h
10256,Main Story,PC,3h
10256,Main Story,Xbox 360,3h
10256,Main Story,PlayStation 3,3h
10256,Main Story,Xbox 360,3h 05m
10256,Main Story,PC,3h 09m
10256,Main Story,PC,3h 12m
10256,Main Story,PlayStation 4,3h 14m
10256,Main Story,PC,3h 20m
10256,Main Story,PC,3h 20m
10256,Main Story,PC,3h 24m
10256,Main Story,NA,3h 30m
10256,Main Story,Mac,3h 30m
10256,Main Story,PC,3h 42m
10256,Main Story,PC,4h
10256,Main Story,PC,4h
10256,Main Story,PC,4h 40m
10256,Main + Extras,Xbox One,2h 02m
10256,Main + Extras,PC,2h 25m
10256,Main + Extras,PC,2h 30m
10256,Main + Extras,PC,2h 30m
10256,Main + Extras,PlayStation 3,2h 30m
10256,Main + Extras,PC,2h 30m
10256,Main + Extras,PC,2h 30m
10256,Main + Extras,PC,2h 30m
10256,Main + Extras,PC,2h 35m
10256,Main + Extras,PC,2h 36m
10256,Main + Extras,PC,2h 37m
10256,Main + Extras,PC,2h 37m
10256,Main + Extras,PC,2h 37m
10256,Main + Extras,PlayStation 4,2h 41m
10256,Main + Extras,Xbox 360,2h 44m
10256,Main + Extras,PC,2h 45m
10256,Main + Extras,PC,2h 45m
10256,Main + Extras,PlayStation 3,2h 51m
10256,Main + Extras,PC,2h 54m
10256,Main + Extras,PC,2h 58m
10256,Main + Extras,iOS,3h
10256,Main + Extras,PC,3h
10256,Main + Extras,PC,3h 05m
10256,Main + Extras,PlayStation 3,3h 06m
10256,Main + Extras,PlayStation 3,3h 10m
10256,Main + Extras,PC,3h 15m
10256,Main + Extras,PC,3h 30m
10256,Main + Extras,PC,4h
10256,Main + Extras,Xbox 360,4h 30m
10256,Completionists,PC,1h 56m
10256,Completionists,PlayStation 3,2h 10m
10256,Completionists,Xbox 360,2h 19m
10256,Completionists,PC,2h 20m
10256,Completionists,PC,2h 24m
10256,Completionists,PlayStation 3,2h 25m
10256,Completionists,PC,2h 30m
10256,Completionists,PC,2h 30m
10256,Completionists,PC,2h 30m
10256,Completionists,PC,2h 30m
10256,Completionists,PlayStation 4,2h 30m
10256,Completionists,PC,2h 30m
10256,Completionists,iOS,2h 30m
10256,Completionists,PC,2h 30m
10256,Completionists,PC,2h 30m
10256,Completionists,PC,2h 30m
10256,Completionists,PC,2h 33m
10256,Completionists,PC,2h 35m
10256,Completionists,PC,2h 35m
10256,Completionists,Xbox 360,2h 37m
10256,Completionists,Mac,2h 38m
10256,Completionists,PC,2h 40m
10256,Completionists,PC,2h 40m
10256,Completionists,PC,2h 40m
10256,Completionists,PC,2h 40m
10256,Completionists,PC,2h 40m
10256,Completionists,PlayStation 3,2h 41m
10256,Completionists,PlayStation 4,2h 44m
10256,Completionists,PC,2h 45m
10256,Completionists,PC,2h 45m
10256,Completionists,Xbox 360,2h 45m
10256,Completionists,Xbox 360,2h 45m
10256,Completionists,Xbox 360,2h 45m
10256,Completionists,PC,2h 45m
10256,Completionists,PC,2h 48m
10256,Completionists,PC,2h 49m
10256,Completionists,PC,2h 50m
10256,Completionists,Xbox 360,2h 50m
10256,Completionists,PlayStation 3,2h 52m
10256,Completionists,Xbox 360,2h 53m
10256,Completionists,iOS,2h 55m
10256,Completionists,PC,2h 55m
10256,Completionists,PlayStation 3,2h 55m
10256,Completionists,PC,2h 57m
10256,Completionists,PC,2h 59m
10256,Completionists,Xbox One,3h
10256,Completionists,PlayStation 3,3h
10256,Completionists,PC,3h
10256,Completionists,PC,3h
10256,Completionists,Xbox 360,3h
10256,Completionists,PC,3h
10256,Completionists,PC,3h
10256,Completionists,PlayStation 3,3h
10256,Completionists,PC,3h 06m
10256,Completionists,PC,3h 12m
10256,Completionists,Xbox One,3h 36m
10256,Completionists,PC,4h 40m
