id,type,platform,time
10254,Main Story,Xbox 360,1h 15m
10254,Main Story,PC,1h 35m
10254,Main Story,Xbox One,1h 45m
10254,Main Story,Xbox 360,1h 45m
10254,Main Story,Xbox One,1h 46m
10254,Main Story,PC,1h 50m
10254,Main Story,PC,1h 53m
10254,Main Story,Mac,1h 57m
10254,Main Story,PC,2h
10254,Main Story,PC,2h
10254,Main Story,PC,2h
10254,Main Story,PC,2h
10254,Main Story,Xbox 360,2h
10254,Main Story,PC,2h
10254,Main Story,PlayStation 3,2h
10254,Main Story,PC,2h
10254,Main Story,PC,2h
10254,Main Story,Mac,2h
10254,Main Story,PC,2h
10254,Main Story,PC,2h
10254,Main Story,PC,2h
10254,Main Story,Android,2h
10254,Main Story,PC,2h
10254,Main Story,PC,2h
10254,Main Story,iOS,2h
10254,Main Story,Xbox 360,2h 01m
10254,Main Story,Xbox 360,2h 01m
10254,Main Story,PC,2h 04m
10254,Main Story,PlayStation 4,2h 05m
10254,Main Story,PC,2h 06m
10254,Main Story,PC,2h 07m
10254,Main Story,PC,2h 10m
10254,Main Story,PC,2h 10m
10254,Main Story,PC,2h 10m
10254,Main Story,PC,2h 10m
10254,Main Story,PC,2h 14m
10254,Main Story,Mac,2h 15m
10254,Main Story,PC,2h 15m
10254,Main Story,Xbox 360,2h 15m
10254,Main Story,Xbox One,2h 15m
10254,Main Story,PC,2h 15m
10254,Main Story,PC,2h 15m
10254,Main Story,Xbox One,2h 15m
10254,Main Story,PlayStation 4,2h 16m
10254,Main Story,PlayStation 4,2h 18m
10254,Main Story,PC,2h 18m
10254,Main Story,Xbox 360,2h 19m
10254,Main Story,PC,2h 19m
10254,Main Story,PC,2h 20m
10254,Main Story,Xbox 360,2h 20m
10254,Main Story,PlayStation 3,2h 20m
10254,Main Story,PC,2h 20m
10254,Main Story,Xbox 360,2h 20m
10254,Main Story,PC,2h 23m
10254,Main Story,PC,2h 24m
10254,Main Story,Mac,2h 24m
10254,Main Story,Xbox 360,2h 25m
10254,Main Story,PC,2h 25m
10254,Main Story,PC,2h 26m
10254,Main Story,PC,2h 26m
10254,Main Story,Xbox 360,2h 27m
10254,Main Story,PC,2h 30m
10254,Main Story,PC,2h 30m
10254,Main Story,Xbox 360,2h 30m
10254,Main Story,PC,2h 30m
10254,Main Story,NA,2h 30m
10254,Main Story,PC,2h 30m
10254,Main Story,PC,2h 30m
10254,Main Story,PC,2h 30m
10254,Main Story,PlayStation 3,2h 30m
10254,Main Story,PC,2h 30m
10254,Main Story,PlayStation Vita,2h 30m
10254,Main Story,PC,2h 30m
10254,Main Story,PC,2h 30m
10254,Main Story,PC,2h 30m
10254,Main Story,PC,2h 30m
10254,Main Story,iOS,2h 30m
10254,Main Story,PC,2h 30m
10254,Main Story,PC,2h 30m
10254,Main Story,PC,2h 30m
10254,Main Story,PlayStation 3,2h 30m
10254,Main Story,PC,2h 30m
10254,Main Story,PC,2h 30m
10254,Main Story,PC,2h 30m
10254,Main Story,PC,2h 30m
10254,Main Story,PC,2h 30m
10254,Main Story,PC,2h 30m
10254,Main Story,iOS,2h 30m
10254,Main Story,PC,2h 30m
10254,Main Story,Xbox 360,2h 30m
10254,Main Story,PlayStation 3,2h 30m
10254,Main Story,PC,2h 30m
10254,Main Story,PC,2h 30m
10254,Main Story,PC,2h 30m
10254,Main Story,PlayStation 3,2h 30m
10254,Main Story,PC,2h 30m
10254,Main Story,PC,2h 30m
10254,Main Story,PlayStation 4,2h 30m
10254,Main Story,PlayStation 3,2h 30m
10254,Main Story,PlayStation 4,2h 31m
10254,Main Story,PlayStation 3,2h 32m
10254,Main Story,PC,2h 32m
10254,Main Story,PlayStation 3,2h 33m
10254,Main Story,PlayStation 3,2h 33m
10254,Main Story,PC,2h 34m
10254,Main Story,PC,2h 34m
10254,Main Story,PC,2h 35m
10254,Main Story,PlayStation 3,2h 35m
10254,Main Story,PC,2h 35m
10254,Main Story,PC,2h 36m
10254,Main Story,PC,2h 36m
10254,Main Story,PC,2h 36m
10254,Main Story,PlayStation 4,2h 36m
10254,Main Story,PC,2h 36m
10254,Main Story,PC,2h 36m
10254,Main Story,PC,2h 36m
10254,Main Story,PlayStation 3,2h 36m
10254,Main Story,PC,2h 37m
10254,Main Story,Xbox 360,2h 38m
10254,Main Story,PC,2h 38m
10254,Main Story,NA,2h 40m
10254,Main Story,Xbox 360,2h 40m
10254,Main Story,Xbox 360,2h 40m
10254,Main Story,NA,2h 40m
10254,Main Story,PC,2h 40m
10254,Main Story,PC,2h 40m
10254,Main Story,PC,2h 40m
10254,Main Story,PC,2h 40m
10254,Main Story,PlayStation 3,2h 40m
10254,Main Story,PC,2h 40m
10254,Main Story,PC,2h 42m
10254,Main Story,PC,2h 42m
10254,Main Story,PlayStation 3,2h 43m
10254,Main Story,PC,2h 44m
10254,Main Story,PC,2h 44m
10254,Main Story,PC,2h 44m
10254,Main Story,PC,2h 45m
10254,Main Story,PC,2h 45m
10254,Main Story,PC,2h 45m
10254,Main Story,PC,2h 45m
10254,Main Story,PC,2h 45m
10254,Main Story,PC,2h 45m
10254,Main Story,PlayStation 3,2h 45m
10254,Main Story,PC,2h 45m
10254,Main Story,PlayStation 3,2h 45m
10254,Main Story,PC,2h 46m
10254,Main Story,PlayStation 3,2h 47m
10254,Main Story,PC,2h 48m
10254,Main Story,PC,2h 48m
10254,Main Story,Xbox 360,2h 48m
10254,Main Story,PC,2h 50m
10254,Main Story,PlayStation 3,2h 50m
10254,Main Story,PlayStation 3,2h 52m
10254,Main Story,PC,2h 55m
10254,Main Story,NA,3h
10254,Main Story,PC,3h
10254,Main Story,NA,3h
10254,Main Story,PC,3h
10254,Main Story,Xbox 360,3h
10254,Main Story,PC,3h
10254,Main Story,PC,3h
10254,Main Story,Xbox 360,3h
10254,Main Story,PC,3h
10254,Main Story,PC,3h
10254,Main Story,PC,3h
10254,Main Story,PC,3h
10254,Main Story,PC,3h
10254,Main Story,PlayStation 3,3h
10254,Main Story,PC,3h
10254,Main Story,Mac,3h
10254,Main Story,Xbox 360,3h
10254,Main Story,Xbox 360,3h
10254,Main Story,PC,3h 05m
10254,Main Story,PlayStation 3,3h 05m
10254,Main Story,PC,3h 20m
10254,Main Story,NA,3h 30m
10254,Main Story,PC,4h
10254,Main Story,PC,4h
10254,Main + Extras,PC,1h 58m
10254,Main + Extras,PC,1h 58m
10254,Main + Extras,iOS,2h
10254,Main + Extras,PC,2h 14m
10254,Main + Extras,PC,2h 20m
10254,Main + Extras,Xbox 360,2h 30m
10254,Main + Extras,PC,2h 30m
10254,Main + Extras,PC,2h 30m
10254,Main + Extras,PC,2h 30m
10254,Main + Extras,Xbox 360,2h 30m
10254,Main + Extras,PC,2h 30m
10254,Main + Extras,PC,2h 30m
10254,Main + Extras,PlayStation 3,2h 30m
10254,Main + Extras,PC,2h 30m
10254,Main + Extras,PC,2h 31m
10254,Main + Extras,PlayStation 4,2h 34m
10254,Main + Extras,PC,2h 35m
10254,Main + Extras,PlayStation 3,2h 40m
10254,Main + Extras,PC,2h 40m
10254,Main + Extras,PC,2h 40m
10254,Main + Extras,PC,2h 41m
10254,Main + Extras,Xbox 360,2h 41m
10254,Main + Extras,PC,2h 45m
10254,Main + Extras,PC,2h 46m
10254,Main + Extras,PC,3h
10254,Main + Extras,PC,3h 10m
10254,Main + Extras,PlayStation 3,3h 14m
10254,Main + Extras,Xbox 360,3h 20m
10254,Main + Extras,PC,3h 30m
10254,Completionists,PC,1h 57m
10254,Completionists,Xbox 360,1h 59m
10254,Completionists,PC,2h
10254,Completionists,NA,2h
10254,Completionists,Xbox 360,2h
10254,Completionists,PC,2h
10254,Completionists,iOS,2h
10254,Completionists,PlayStation 3,2h 03m
10254,Completionists,PC,2h 08m
10254,Completionists,PC,2h 14m
10254,Completionists,PlayStation 3,2h 15m
10254,Completionists,NA,2h 15m
10254,Completionists,Mac,2h 15m
10254,Completionists,PC,2h 15m
10254,Completionists,PlayStation 3,2h 15m
10254,Completionists,PC,2h 20m
10254,Completionists,PC,2h 22m
10254,Completionists,PlayStation 4,2h 25m
10254,Completionists,PC,2h 25m
10254,Completionists,Xbox One,2h 27m
10254,Completionists,PC,2h 28m
10254,Completionists,PC,2h 30m
10254,Completionists,PC,2h 30m
10254,Completionists,PC,2h 30m
10254,Completionists,PC,2h 30m
10254,Completionists,PC,2h 30m
10254,Completionists,PlayStation 3,2h 30m
10254,Completionists,PC,2h 30m
10254,Completionists,Xbox 360,2h 30m
10254,Completionists,Xbox 360,2h 30m
10254,Completionists,PlayStation 4,2h 30m
10254,Completionists,Xbox 360,2h 30m
10254,Completionists,PC,2h 30m
10254,Completionists,Xbox 360,2h 30m
10254,Completionists,PC,2h 30m
10254,Completionists,PC,2h 30m
10254,Completionists,Xbox 360,2h 31m
10254,Completionists,PC,2h 33m
10254,Completionists,PC,2h 34m
10254,Completionists,PlayStation 3,2h 35m
10254,Completionists,Xbox 360,2h 35m
10254,Completionists,Xbox 360,2h 35m
10254,Completionists,PC,2h 37m
10254,Completionists,PC,2h 39m
10254,Completionists,PC,2h 40m
10254,Completionists,PC,2h 40m
10254,Completionists,PC,2h 40m
10254,Completionists,PC,2h 40m
10254,Completionists,PC,2h 40m
10254,Completionists,Xbox 360,2h 41m
10254,Completionists,PlayStation 3,2h 42m
10254,Completionists,PC,2h 42m
10254,Completionists,PlayStation 3,2h 43m
10254,Completionists,PC,2h 45m
10254,Completionists,PC,2h 45m
10254,Completionists,PC,3h
10254,Completionists,PC,3h
10254,Completionists,Xbox 360,3h
10254,Completionists,PlayStation 3,3h
10254,Completionists,Xbox 360,3h
10254,Completionists,PC,3h
10254,Completionists,PC,3h
10254,Completionists,PC,3h
10254,Completionists,Xbox 360,3h
10254,Completionists,Xbox One,3h 20m
10254,Completionists,PC,3h 30m
10254,Completionists,PC,3h 30m
10254,Completionists,PC,4h 40m
