id,type,platform,time
10253,Main Story,Xbox One,1h 30m
10253,Main Story,Xbox 360,1h 30m
10253,Main Story,PC,1h 30m
10253,Main Story,PC,1h 45m
10253,Main Story,PC,1h 45m
10253,Main Story,PC,1h 45m
10253,Main Story,Xbox 360,1h 48m
10253,Main Story,Xbox 360,1h 48m
10253,Main Story,PC,1h 48m
10253,Main Story,PC,1h 49m
10253,Main Story,PC,1h 50m
10253,Main Story,PlayStation 4,1h 51m
10253,Main Story,PlayStation 3,1h 53m
10253,Main Story,PC,1h 53m
10253,Main Story,Xbox One,1h 54m
10253,Main Story,PlayStation 4,1h 55m
10253,Main Story,PC,1h 55m
10253,Main Story,PC,1h 56m
10253,Main Story,PC,1h 56m
10253,Main Story,Xbox 360,1h 58m
10253,Main Story,PC,1h 59m
10253,Main Story,PC,2h
10253,Main Story,PC,2h
10253,Main Story,PC,2h
10253,Main Story,PC,2h
10253,Main Story,Xbox 360,2h
10253,Main Story,PC,2h
10253,Main Story,PC,2h
10253,Main Story,PC,2h
10253,Main Story,PlayStation 3,2h
10253,Main Story,PC,2h
10253,Main Story,Xbox 360,2h
10253,Main Story,NA,2h
10253,Main Story,Mac,2h
10253,Main Story,PC,2h
10253,Main Story,Xbox 360,2h
10253,Main Story,PC,2h
10253,Main Story,PC,2h
10253,Main Story,PC,2h
10253,Main Story,iOS,2h
10253,Main Story,PlayStation 3,2h
10253,Main Story,PC,2h
10253,Main Story,PC,2h
10253,Main Story,PlayStation 4,2h 01m
10253,Main Story,PlayStation 4,2h 03m
10253,Main Story,PC,2h 04m
10253,Main Story,PC,2h 05m
10253,Main Story,PC,2h 05m
10253,Main Story,PC,2h 05m
10253,Main Story,PC,2h 05m
10253,Main Story,PlayStation 3,2h 06m
10253,Main Story,PC,2h 06m
10253,Main Story,PC,2h 06m
10253,Main Story,PC,2h 06m
10253,Main Story,PC,2h 06m
10253,Main Story,PC,2h 06m
10253,Main Story,PC,2h 07m
10253,Main Story,PC,2h 08m
10253,Main Story,PC,2h 08m
10253,Main Story,PlayStation 3,2h 08m
10253,Main Story,Mac,2h 09m
10253,Main Story,PC,2h 10m
10253,Main Story,Xbox 360,2h 10m
10253,Main Story,Xbox One,2h 10m
10253,Main Story,Xbox One,2h 10m
10253,Main Story,PC,2h 10m
10253,Main Story,PC,2h 10m
10253,Main Story,PlayStation 4,2h 10m
10253,Main Story,PlayStation 3,2h 11m
10253,Main Story,PlayStation 4,2h 11m
10253,Main Story,PC,2h 12m
10253,Main Story,PC,2h 12m
10253,Main Story,PC,2h 12m
10253,Main Story,PlayStation 3,2h 13m
10253,Main Story,PC,2h 13m
10253,Main Story,Xbox 360,2h 13m
10253,Main Story,Mac,2h 14m
10253,Main Story,PlayStation 3,2h 14m
10253,Main Story,PC,2h 15m
10253,Main Story,PC,2h 15m
10253,Main Story,PlayStation 3,2h 15m
10253,Main Story,PC,2h 15m
10253,Main Story,NA,2h 15m
10253,Main Story,PlayStation 3,2h 15m
10253,Main Story,PC,2h 15m
10253,Main Story,PC,2h 15m
10253,Main Story,PC,2h 15m
10253,Main Story,PC,2h 15m
10253,Main Story,PC,2h 15m
10253,Main Story,PlayStation 3,2h 15m
10253,Main Story,PlayStation 3,2h 15m
10253,Main Story,PlayStation 4,2h 16m
10253,Main Story,PC,2h 18m
10253,Main Story,PC,2h 18m
10253,Main Story,PC,2h 18m
10253,Main Story,Mac,2h 18m
10253,Main Story,PC,2h 19m
10253,Main Story,PC,2h 19m
10253,Main Story,PC,2h 20m
10253,Main Story,PC,2h 20m
10253,Main Story,PC,2h 20m
10253,Main Story,PC,2h 20m
10253,Main Story,PC,2h 20m
10253,Main Story,PC,2h 20m
10253,Main Story,Xbox 360,2h 20m
10253,Main Story,PC,2h 20m
10253,Main Story,PC,2h 20m
10253,Main Story,PC,2h 20m
10253,Main Story,Android,2h 20m
10253,Main Story,PC,2h 20m
10253,Main Story,PC,2h 20m
10253,Main Story,PC,2h 20m
10253,Main Story,PC,2h 21m
10253,Main Story,PlayStation 3,2h 21m
10253,Main Story,PC,2h 24m
10253,Main Story,PC,2h 24m
10253,Main Story,PC,2h 25m
10253,Main Story,PlayStation 3,2h 25m
10253,Main Story,PC,2h 25m
10253,Main Story,PC,2h 25m
10253,Main Story,PC,2h 25m
10253,Main Story,PC,2h 25m
10253,Main Story,PC,2h 26m
10253,Main Story,PC,2h 28m
10253,Main Story,PC,2h 28m
10253,Main Story,PC,2h 29m
10253,Main Story,iOS,2h 30m
10253,Main Story,PC,2h 30m
10253,Main Story,NA,2h 30m
10253,Main Story,PC,2h 30m
10253,Main Story,PlayStation 4,2h 30m
10253,Main Story,Xbox 360,2h 30m
10253,Main Story,PC,2h 30m
10253,Main Story,NA,2h 30m
10253,Main Story,PC,2h 30m
10253,Main Story,PC,2h 30m
10253,Main Story,Xbox 360,2h 30m
10253,Main Story,PlayStation 3,2h 30m
10253,Main Story,PC,2h 30m
10253,Main Story,PlayStation Vita,2h 30m
10253,Main Story,PC,2h 30m
10253,Main Story,PC,2h 30m
10253,Main Story,PC,2h 30m
10253,Main Story,PC,2h 30m
10253,Main Story,PC,2h 30m
10253,Main Story,PlayStation 3,2h 30m
10253,Main Story,PC,2h 30m
10253,Main Story,PC,2h 30m
10253,Main Story,PC,2h 30m
10253,Main Story,Xbox 360,2h 30m
10253,Main Story,PlayStation 3,2h 30m
10253,Main Story,PC,2h 30m
10253,Main Story,PC,2h 30m
10253,Main Story,PC,2h 30m
10253,Main Story,iOS,2h 30m
10253,Main Story,PC,2h 30m
10253,Main Story,Xbox 360,2h 30m
10253,Main Story,Xbox 360,2h 30m
10253,Main Story,PlayStation 3,2h 30m
10253,Main Story,PC,2h 30m
10253,Main Story,PlayStation 3,2h 30m
10253,Main Story,PlayStation 3,2h 30m
10253,Main Story,PlayStation 3,2h 30m
10253,Main Story,PC,2h 30m
10253,Main Story,PC,2h 30m
10253,Main Story,PlayStation 3,2h 30m
10253,Main Story,PC,2h 35m
10253,Main Story,PC,2h 35m
10253,Main Story,PC,2h 35m
10253,Main Story,PlayStation 3,2h 35m
10253,Main Story,PC,2h 35m
10253,Main Story,PC,2h 36m
10253,Main Story,PC,2h 36m
10253,Main Story,PC,2h 38m
10253,Main Story,Xbox 360,2h 38m
10253,Main Story,Xbox 360,2h 38m
10253,Main Story,PC,2h 40m
10253,Main Story,PC,2h 40m
10253,Main Story,PC,2h 40m
10253,Main Story,Xbox One,2h 40m
10253,Main Story,PC,2h 42m
10253,Main Story,PC,2h 42m
10253,Main Story,PC,2h 45m
10253,Main Story,PlayStation 3,2h 45m
10253,Main Story,PC,2h 45m
10253,Main Story,PC,2h 45m
10253,Main Story,Xbox 360,2h 48m
10253,Main Story,PlayStation 4,2h 48m
10253,Main Story,PC,2h 48m
10253,Main Story,PlayStation 3,2h 48m
10253,Main Story,PlayStation 3,2h 50m
10253,Main Story,PC,2h 51m
10253,Main Story,Xbox 360,2h 55m
10253,Main Story,Xbox One,2h 57m
10253,Main Story,NA,3h
10253,Main Story,PC,3h
10253,Main Story,PC,3h
10253,Main Story,PlayStation 3,3h
10253,Main Story,PC,3h
10253,Main Story,PC,3h
10253,Main Story,PC,3h
10253,Main Story,PC,3h
10253,Main Story,PC,3h
10253,Main Story,PlayStation 3,3h
10253,Main Story,PC,3h
10253,Main Story,Mac,3h
10253,Main Story,Xbox 360,3h
10253,Main Story,PC,3h
10253,Main Story,PC,3h
10253,Main Story,Xbox 360,3h
10253,Main Story,PC,3h
10253,Main Story,PC,3h 02m
10253,Main Story,PC,3h 05m
10253,Main Story,Xbox 360,3h 10m
10253,Main Story,PlayStation 3,3h 14m
10253,Main Story,PC,3h 16m
10253,Main Story,PC,3h 19m
10253,Main Story,NA,3h 30m
10253,Main Story,iOS,3h 44m
10253,Main Story,PC,4h
10253,Main Story,PC,4h
10253,Main + Extras,PC,1h 30m
10253,Main + Extras,PC,1h 45m
10253,Main + Extras,Xbox One,1h 53m
10253,Main + Extras,PC,1h 57m
10253,Main + Extras,PC,1h 58m
10253,Main + Extras,PC,1h 58m
10253,Main + Extras,PC,1h 59m
10253,Main + Extras,iOS,2h
10253,Main + Extras,NA,2h
10253,Main + Extras,PC,2h
10253,Main + Extras,PC,2h
10253,Main + Extras,PC,2h
10253,Main + Extras,PC,2h
10253,Main + Extras,PC,2h 10m
10253,Main + Extras,PlayStation 4,2h 13m
10253,Main + Extras,PC,2h 16m
10253,Main + Extras,PlayStation 3,2h 16m
10253,Main + Extras,PC,2h 17m
10253,Main + Extras,NA,2h 18m
10253,Main + Extras,PC,2h 20m
10253,Main + Extras,PC,2h 23m
10253,Main + Extras,PC,2h 25m
10253,Main + Extras,Xbox 360,2h 30m
10253,Main + Extras,PC,2h 30m
10253,Main + Extras,PC,2h 30m
10253,Main + Extras,PC,2h 30m
10253,Main + Extras,PC,2h 30m
10253,Main + Extras,PC,2h 30m
10253,Main + Extras,Xbox 360,2h 32m
10253,Main + Extras,PC,2h 35m
10253,Main + Extras,PlayStation 3,2h 44m
10253,Main + Extras,PC,2h 45m
10253,Main + Extras,PlayStation 3,2h 50m
10253,Main + Extras,Xbox 360,2h 50m
10253,Main + Extras,PC,2h 52m
10253,Main + Extras,PC,3h
10253,Completionists,NA,1h 30m
10253,Completionists,Xbox 360,1h 49m
10253,Completionists,PC,1h 55m
10253,Completionists,PlayStation 3,1h 55m
10253,Completionists,PC,1h 57m
10253,Completionists,PC,2h
10253,Completionists,PC,2h
10253,Completionists,PC,2h
10253,Completionists,NA,2h
10253,Completionists,PC,2h
10253,Completionists,PlayStation 3,2h
10253,Completionists,PC,2h
10253,Completionists,iOS,2h
10253,Completionists,PC,2h
10253,Completionists,PC,2h 05m
10253,Completionists,PlayStation 3,2h 10m
10253,Completionists,PC,2h 10m
10253,Completionists,PC,2h 10m
10253,Completionists,Xbox One,2h 11m
10253,Completionists,PC,2h 13m
10253,Completionists,Mac,2h 15m
10253,Completionists,PC,2h 15m
10253,Completionists,PlayStation 3,2h 17m
10253,Completionists,PC,2h 19m
10253,Completionists,PC,2h 20m
10253,Completionists,PC,2h 20m
10253,Completionists,PC,2h 20m
10253,Completionists,PC,2h 20m
10253,Completionists,PlayStation 3,2h 20m
10253,Completionists,PlayStation 4,2h 20m
10253,Completionists,NA,2h 22m
10253,Completionists,PC,2h 25m
10253,Completionists,PlayStation 3,2h 25m
10253,Completionists,PC,2h 25m
10253,Completionists,PC,2h 29m
10253,Completionists,PlayStation 3,2h 30m
10253,Completionists,PC,2h 30m
10253,Completionists,Xbox 360,2h 30m
10253,Completionists,PC,2h 30m
10253,Completionists,PC,2h 30m
10253,Completionists,PC,2h 30m
10253,Completionists,PC,2h 30m
10253,Completionists,iOS,2h 30m
10253,Completionists,PC,2h 30m
10253,Completionists,Mobile,2h 30m
10253,Completionists,Xbox 360,2h 30m
10253,Completionists,Xbox 360,2h 30m
10253,Completionists,PC,2h 30m
10253,Completionists,PlayStation 4,2h 30m
10253,Completionists,Xbox 360,2h 30m
10253,Completionists,Xbox 360,2h 30m
10253,Completionists,PC,2h 30m
10253,Completionists,Xbox 360,2h 30m
10253,Completionists,PC,2h 30m
10253,Completionists,PC,2h 30m
10253,Completionists,PC,2h 30m
10253,Completionists,Xbox 360,2h 30m
10253,Completionists,PC,2h 30m
10253,Completionists,PlayStation 3,2h 31m
10253,Completionists,PC,2h 32m
10253,Completionists,Xbox 360,2h 32m
10253,Completionists,PC,2h 32m
10253,Completionists,Xbox 360,2h 34m
10253,Completionists,PC,2h 35m
10253,Completionists,Xbox 360,2h 35m
10253,Completionists,PC,2h 36m
10253,Completionists,PC,2h 40m
10253,Completionists,PC,2h 40m
10253,Completionists,PC,2h 53m
10253,Completionists,PC,2h 59m
10253,Completionists,PC,3h
10253,Completionists,PC,3h
10253,Completionists,Xbox 360,3h
10253,Completionists,PlayStation 3,3h
10253,Completionists,Xbox 360,3h
10253,Completionists,PC,3h
10253,Completionists,Xbox 360,3h
10253,Completionists,Xbox 360,3h
10253,Completionists,Xbox One,3h 02m
10253,Completionists,Xbox 360,3h 15m
10253,Completionists,PC,4h 40m
