id,type,platform,time
10252,Main Story,PC,30m
10252,Main Story,PC,35m
10252,Main Story,PC,42m
10252,Main Story,Xbox 360,44m
10252,Main Story,PC,45m
10252,Main Story,NA,1h
10252,Main Story,PC,1h
10252,Main Story,PC,1h
10252,Main Story,PlayStation Vita,1h
10252,Main Story,PC,1h
10252,Main Story,PC,1h
10252,Main Story,PC,1h
10252,Main Story,PC,1h
10252,Main Story,iOS,1h
10252,Main Story,PC,1h
10252,Main Story,PC,1h
10252,Main Story,PC,1h
10252,Main Story,PC,1h
10252,Main Story,PC,1h
10252,Main Story,PC,1h
10252,Main Story,PC,1h
10252,Main Story,PC,1h
10252,Main Story,PC,1h
10252,Main Story,PC,1h
10252,Main Story,PC,1h
10252,Main Story,PC,1h
10252,Main Story,PC,1h
10252,Main Story,PC,1h
10252,Main Story,Mac,1h
10252,Main Story,PC,1h
10252,Main Story,PC,1h
10252,Main Story,Xbox 360,1h
10252,Main Story,PlayStation 3,1h
10252,Main Story,NA,1h 05m
10252,Main Story,PC,1h 06m
10252,Main Story,PC,1h 08m
10252,Main Story,PC,1h 08m
10252,Main Story,PC,1h 10m
10252,Main Story,PC,1h 10m
10252,Main Story,PC,1h 10m
10252,Main Story,PC,1h 10m
10252,Main Story,PC,1h 10m
10252,Main Story,Xbox One,1h 12m
10252,Main Story,PlayStation 3,1h 15m
10252,Main Story,Xbox 360,1h 15m
10252,Main Story,PC,1h 15m
10252,Main Story,PlayStation 3,1h 15m
10252,Main Story,PC,1h 15m
10252,Main Story,PC,1h 15m
10252,Main Story,PC,1h 15m
10252,Main Story,PlayStation 4,1h 15m
10252,Main Story,Xbox 360,1h 15m
10252,Main Story,PC,1h 15m
10252,Main Story,Xbox 360,1h 15m
10252,Main Story,PC,1h 15m
10252,Main Story,Xbox 360,1h 17m
10252,Main Story,PC,1h 17m
10252,Main Story,PC,1h 18m
10252,Main Story,PC,1h 20m
10252,Main Story,Xbox 360,1h 20m
10252,Main Story,PC,1h 20m
10252,Main Story,PC,1h 20m
10252,Main Story,PC,1h 20m
10252,Main Story,PC,1h 20m
10252,Main Story,PlayStation 4,1h 20m
10252,Main Story,PC,1h 20m
10252,Main Story,PC,1h 20m
10252,Main Story,PC,1h 20m
10252,Main Story,PC,1h 20m
10252,Main Story,PC,1h 20m
10252,Main Story,PC,1h 20m
10252,Main Story,PC,1h 20m
10252,Main Story,Xbox 360,1h 20m
10252,Main Story,PlayStation 3,1h 20m
10252,Main Story,PC,1h 20m
10252,Main Story,Xbox 360,1h 20m
10252,Main Story,PC,1h 20m
10252,Main Story,PlayStation 3,1h 20m
10252,Main Story,Android,1h 20m
10252,Main Story,PC,1h 21m
10252,Main Story,PC,1h 21m
10252,Main Story,PC,1h 21m
10252,Main Story,PC,1h 22m
10252,Main Story,PlayStation 3,1h 23m
10252,Main Story,PC,1h 23m
10252,Main Story,PlayStation 3,1h 23m
10252,Main Story,PC,1h 23m
10252,Main Story,PC,1h 23m
10252,Main Story,PlayStation 3,1h 24m
10252,Main Story,PC,1h 24m
10252,Main Story,PC,1h 24m
10252,Main Story,PC,1h 24m
10252,Main Story,PC,1h 24m
10252,Main Story,PlayStation 3,1h 24m
10252,Main Story,PC,1h 24m
10252,Main Story,PC,1h 24m
10252,Main Story,PC,1h 25m
10252,Main Story,PC,1h 25m
10252,Main Story,Mac,1h 25m
10252,Main Story,PC,1h 25m
10252,Main Story,PlayStation 3,1h 25m
10252,Main Story,PC,1h 25m
10252,Main Story,PlayStation 4,1h 25m
10252,Main Story,PC,1h 25m
10252,Main Story,PC,1h 25m
10252,Main Story,PC,1h 25m
10252,Main Story,PC,1h 25m
10252,Main Story,PC,1h 25m
10252,Main Story,PC,1h 25m
10252,Main Story,Xbox 360,1h 25m
10252,Main Story,PlayStation 3,1h 25m
10252,Main Story,PC,1h 26m
10252,Main Story,PC,1h 26m
10252,Main Story,PC,1h 26m
10252,Main Story,PC,1h 26m
10252,Main Story,NA,1h 27m
10252,Main Story,Mac,1h 27m
10252,Main Story,PC,1h 27m
10252,Main Story,NA,1h 27m
10252,Main Story,PC,1h 27m
10252,Main Story,PlayStation 4,1h 27m
10252,Main Story,PC,1h 28m
10252,Main Story,PC,1h 28m
10252,Main Story,PC,1h 28m
10252,Main Story,PlayStation 4,1h 28m
10252,Main Story,PC,1h 28m
10252,Main Story,PC,1h 29m
10252,Main Story,PlayStation 3,1h 29m
10252,Main Story,PC,1h 29m
10252,Main Story,Xbox 360,1h 30m
10252,Main Story,PlayStation 3,1h 30m
10252,Main Story,PC,1h 30m
10252,Main Story,PC,1h 30m
10252,Main Story,PlayStation 3,1h 30m
10252,Main Story,PC,1h 30m
10252,Main Story,PC,1h 30m
10252,Main Story,PC,1h 30m
10252,Main Story,PC,1h 30m
10252,Main Story,PC,1h 30m
10252,Main Story,PC,1h 30m
10252,Main Story,PC,1h 30m
10252,Main Story,PlayStation 3,1h 30m
10252,Main Story,Mac,1h 30m
10252,Main Story,PC,1h 30m
10252,Main Story,PC,1h 30m
10252,Main Story,PC,1h 30m
10252,Main Story,PC,1h 30m
10252,Main Story,PC,1h 30m
10252,Main Story,PC,1h 30m
10252,Main Story,PC,1h 30m
10252,Main Story,PC,1h 30m
10252,Main Story,PC,1h 30m
10252,Main Story,PlayStation 3,1h 30m
10252,Main Story,PC,1h 30m
10252,Main Story,PC,1h 30m
10252,Main Story,NA,1h 30m
10252,Main Story,PC,1h 30m
10252,Main Story,PC,1h 30m
10252,Main Story,PlayStation 3,1h 30m
10252,Main Story,PlayStation 4,1h 30m
10252,Main Story,PlayStation Vita,1h 30m
10252,Main Story,PC,1h 30m
10252,Main Story,PC,1h 30m
10252,Main Story,PC,1h 30m
10252,Main Story,PC,1h 30m
10252,Main Story,PlayStation 3,1h 30m
10252,Main Story,PlayStation 3,1h 30m
10252,Main Story,PC,1h 30m
10252,Main Story,PC,1h 30m
10252,Main Story,PC,1h 30m
10252,Main Story,PC,1h 30m
10252,Main Story,PC,1h 30m
10252,Main Story,PC,1h 30m
10252,Main Story,Xbox One,1h 30m
10252,Main Story,PC,1h 30m
10252,Main Story,PC,1h 30m
10252,Main Story,NA,1h 30m
10252,Main Story,PC,1h 30m
10252,Main Story,PC,1h 30m
10252,Main Story,PC,1h 30m
10252,Main Story,PC,1h 30m
10252,Main Story,PC,1h 30m
10252,Main Story,Xbox 360,1h 30m
10252,Main Story,PC,1h 30m
10252,Main Story,PlayStation 3,1h 30m
10252,Main Story,PC,1h 30m
10252,Main Story,PC,1h 30m
10252,Main Story,PC,1h 30m
10252,Main Story,PC,1h 30m
10252,Main Story,PC,1h 30m
10252,Main Story,PC,1h 30m
10252,Main Story,PC,1h 30m
10252,Main Story,PC,1h 30m
10252,Main Story,PC,1h 30m
10252,Main Story,PC,1h 30m
10252,Main Story,PlayStation 3,1h 30m
10252,Main Story,PC,1h 30m
10252,Main Story,PlayStation 3,1h 30m
10252,Main Story,PC,1h 30m
10252,Main Story,PC,1h 30m
10252,Main Story,iOS,1h 30m
10252,Main Story,Xbox 360,1h 30m
10252,Main Story,PC,1h 30m
10252,Main Story,PC,1h 30m
10252,Main Story,PC,1h 30m
10252,Main Story,PC,1h 30m
10252,Main Story,PC,1h 30m
10252,Main Story,Xbox 360,1h 30m
10252,Main Story,PlayStation 3,1h 30m
10252,Main Story,PC,1h 30m
10252,Main Story,PC,1h 30m
10252,Main Story,PC,1h 30m
10252,Main Story,PC,1h 30m
10252,Main Story,PC,1h 30m
10252,Main Story,PC,1h 30m
10252,Main Story,PC,1h 30m
10252,Main Story,PC,1h 30m
10252,Main Story,PlayStation 3,1h 30m
10252,Main Story,PC,1h 30m
10252,Main Story,PlayStation 3,1h 30m
10252,Main Story,PC,1h 30m
10252,Main Story,PlayStation 3,1h 30m
10252,Main Story,PC,1h 30m
10252,Main Story,PC,1h 30m
10252,Main Story,PC,1h 30m
10252,Main Story,PC,1h 30m
10252,Main Story,PC,1h 30m
10252,Main Story,PC,1h 30m
10252,Main Story,PC,1h 30m
10252,Main Story,PC,1h 30m
10252,Main Story,PC,1h 30m
10252,Main Story,PlayStation 3,1h 30m
10252,Main Story,Xbox 360,1h 31m
10252,Main Story,PC,1h 31m
10252,Main Story,Xbox 360,1h 31m
10252,Main Story,PC,1h 32m
10252,Main Story,PC,1h 32m
10252,Main Story,PC,1h 32m
10252,Main Story,PC,1h 32m
10252,Main Story,PlayStation Vita,1h 32m
10252,Main Story,PC,1h 33m
10252,Main Story,PC,1h 33m
10252,Main Story,PC,1h 33m
10252,Main Story,PC,1h 33m
10252,Main Story,Xbox 360,1h 33m
10252,Main Story,PC,1h 34m
10252,Main Story,PC,1h 34m
10252,Main Story,PC,1h 35m
10252,Main Story,PC,1h 35m
10252,Main Story,PC,1h 35m
10252,Main Story,PC,1h 35m
10252,Main Story,PC,1h 35m
10252,Main Story,PlayStation 4,1h 35m
10252,Main Story,PC,1h 35m
10252,Main Story,PlayStation 3,1h 35m
10252,Main Story,Xbox 360,1h 35m
10252,Main Story,PC,1h 35m
10252,Main Story,PC,1h 36m
10252,Main Story,PC,1h 36m
10252,Main Story,PC,1h 36m
10252,Main Story,PC,1h 37m
10252,Main Story,PlayStation 4,1h 38m
10252,Main Story,PlayStation 4,1h 38m
10252,Main Story,PlayStation 3,1h 38m
10252,Main Story,PC,1h 40m
10252,Main Story,PC,1h 40m
10252,Main Story,PC,1h 40m
10252,Main Story,PC,1h 40m
10252,Main Story,PC,1h 40m
10252,Main Story,PC,1h 40m
10252,Main Story,PC,1h 40m
10252,Main Story,PC,1h 40m
10252,Main Story,iOS,1h 40m
10252,Main Story,NA,1h 41m
10252,Main Story,PlayStation Vita,1h 41m
10252,Main Story,PC,1h 42m
10252,Main Story,PC,1h 42m
10252,Main Story,Xbox 360,1h 44m
10252,Main Story,PC,1h 45m
10252,Main Story,PC,1h 45m
10252,Main Story,Xbox 360,1h 45m
10252,Main Story,Xbox 360,1h 45m
10252,Main Story,iOS,1h 45m
10252,Main Story,PlayStation Vita,1h 45m
10252,Main Story,PC,1h 45m
10252,Main Story,PC,1h 45m
10252,Main Story,PC,1h 45m
10252,Main Story,PlayStation 3,1h 45m
10252,Main Story,PlayStation 3,1h 46m
10252,Main Story,PC,1h 48m
10252,Main Story,PC,1h 48m
10252,Main Story,PC,1h 50m
10252,Main Story,PC,1h 52m
10252,Main Story,PC,1h 56m
10252,Main Story,NA,2h
10252,Main Story,PC,2h
10252,Main Story,PC,2h
10252,Main Story,PlayStation 4,2h
10252,Main Story,PlayStation 3,2h
10252,Main Story,PlayStation 3,2h
10252,Main Story,PC,2h
10252,Main Story,PC,2h
10252,Main Story,PlayStation 4,2h
10252,Main Story,PC,2h
10252,Main Story,PC,2h
10252,Main Story,PC,2h
10252,Main Story,PlayStation 3,2h
10252,Main Story,PlayStation 3,2h
10252,Main Story,PlayStation 4,2h
10252,Main Story,PC,2h
10252,Main Story,PlayStation 3,2h
10252,Main Story,Xbox 360,2h
10252,Main Story,PC,2h
10252,Main Story,PC,2h
10252,Main Story,PC,2h
10252,Main Story,PC,2h
10252,Main Story,PC,2h
10252,Main Story,PlayStation 3,2h
10252,Main Story,PC,2h
10252,Main Story,PC,2h
10252,Main Story,PC,2h
10252,Main Story,PC,2h
10252,Main Story,PC,2h
10252,Main Story,PC,2h
10252,Main Story,Xbox 360,2h
10252,Main Story,PlayStation 3,2h
10252,Main Story,Xbox 360,2h
10252,Main Story,PlayStation 3,2h
10252,Main Story,Xbox One,2h
10252,Main Story,PC,2h
10252,Main Story,PC,2h
10252,Main Story,Xbox One,2h
10252,Main Story,PC,2h
10252,Main Story,PC,2h
10252,Main Story,Xbox One,2h
10252,Main Story,PC,2h
10252,Main Story,PlayStation 3,2h 05m
10252,Main Story,PC,2h 11m
10252,Main Story,PC,2h 14m
10252,Main Story,PC,2h 30m
10252,Main Story,Xbox 360,2h 30m
10252,Main Story,PC,3h
10252,Main Story,PlayStation 4,3h
10252,Main Story,Xbox One,3h
10252,Main + Extras,PC,50m
10252,Main + Extras,PC,1h
10252,Main + Extras,PC,1h
10252,Main + Extras,PC,1h
10252,Main + Extras,PlayStation 4,1h
10252,Main + Extras,PC,1h
10252,Main + Extras,PC,1h 01m
10252,Main + Extras,PC,1h 05m
10252,Main + Extras,PC,1h 15m
10252,Main + Extras,PC,1h 15m
10252,Main + Extras,Xbox One,1h 20m
10252,Main + Extras,PC,1h 20m
10252,Main + Extras,PC,1h 20m
10252,Main + Extras,PC,1h 21m
10252,Main + Extras,PC,1h 22m
10252,Main + Extras,PC,1h 22m
10252,Main + Extras,PC,1h 25m
10252,Main + Extras,PlayStation 3,1h 25m
10252,Main + Extras,PC,1h 27m
10252,Main + Extras,PC,1h 27m
10252,Main + Extras,PlayStation 3,1h 28m
10252,Main + Extras,PC,1h 29m
10252,Main + Extras,PlayStation 4,1h 29m
10252,Main + Extras,PC,1h 30m
10252,Main + Extras,iOS,1h 30m
10252,Main + Extras,PC,1h 30m
10252,Main + Extras,PC,1h 30m
10252,Main + Extras,PC,1h 30m
10252,Main + Extras,PC,1h 30m
10252,Main + Extras,PC,1h 30m
10252,Main + Extras,PC,1h 30m
10252,Main + Extras,PC,1h 30m
10252,Main + Extras,PC,1h 30m
10252,Main + Extras,PC,1h 30m
10252,Main + Extras,PC,1h 30m
10252,Main + Extras,PC,1h 30m
10252,Main + Extras,PC,1h 30m
10252,Main + Extras,PC,1h 30m
10252,Main + Extras,PC,1h 30m
10252,Main + Extras,Xbox 360,1h 30m
10252,Main + Extras,PC,1h 30m
10252,Main + Extras,PlayStation 3,1h 31m
10252,Main + Extras,PlayStation 3,1h 31m
10252,Main + Extras,PC,1h 32m
10252,Main + Extras,PC,1h 32m
10252,Main + Extras,PC,1h 33m
10252,Main + Extras,Xbox 360,1h 33m
10252,Main + Extras,PC,1h 34m
10252,Main + Extras,PC,1h 35m
10252,Main + Extras,PC,1h 35m
10252,Main + Extras,PC,1h 35m
10252,Main + Extras,PC,1h 36m
10252,Main + Extras,PC,1h 38m
10252,Main + Extras,PlayStation 4,1h 39m
10252,Main + Extras,PC,1h 39m
10252,Main + Extras,Xbox 360,1h 40m
10252,Main + Extras,PC,1h 41m
10252,Main + Extras,PC,1h 43m
10252,Main + Extras,PC,1h 45m
10252,Main + Extras,PC,1h 48m
10252,Main + Extras,PC,1h 50m
10252,Main + Extras,PC,1h 53m
10252,Main + Extras,PC,2h
10252,Main + Extras,PC,2h
10252,Main + Extras,PC,2h
10252,Main + Extras,PC,2h
10252,Main + Extras,PC,2h
10252,Main + Extras,PC,2h
10252,Main + Extras,Xbox 360,2h
10252,Main + Extras,PC,2h
10252,Main + Extras,PC,2h
10252,Main + Extras,PC,2h 20m
10252,Main + Extras,PC,3h
10252,Main + Extras,PC,3h
10252,Completionists,PlayStation 3,49m
10252,Completionists,PC,52m
10252,Completionists,PC,55m
10252,Completionists,PC,56m
10252,Completionists,PC,1h
10252,Completionists,Xbox One,1h
10252,Completionists,PC,1h
10252,Completionists,PC,1h
10252,Completionists,PlayStation 4,1h
10252,Completionists,Xbox One,1h
10252,Completionists,PC,1h
10252,Completionists,PC,1h
10252,Completionists,PlayStation 4,1h
10252,Completionists,PC,1h 10m
10252,Completionists,PC,1h 10m
10252,Completionists,NA,1h 15m
10252,Completionists,Xbox One,1h 15m
10252,Completionists,PC,1h 15m
10252,Completionists,PlayStation 4,1h 15m
10252,Completionists,PlayStation 3,1h 15m
10252,Completionists,PC,1h 15m
10252,Completionists,PC,1h 17m
10252,Completionists,PC,1h 19m
10252,Completionists,PC,1h 20m
10252,Completionists,PC,1h 20m
10252,Completionists,PC,1h 20m
10252,Completionists,PC,1h 20m
10252,Completionists,PC,1h 20m
10252,Completionists,PC,1h 21m
10252,Completionists,Xbox 360,1h 22m
10252,Completionists,PC,1h 23m
10252,Completionists,PC,1h 23m
10252,Completionists,Xbox 360,1h 25m
10252,Completionists,Xbox 360,1h 25m
10252,Completionists,PC,1h 25m
10252,Completionists,PC,1h 26m
10252,Completionists,PC,1h 26m
10252,Completionists,PC,1h 27m
10252,Completionists,PC,1h 27m
10252,Completionists,Xbox 360,1h 27m
10252,Completionists,PC,1h 28m
10252,Completionists,PC,1h 28m
10252,Completionists,PlayStation 4,1h 28m
10252,Completionists,PC,1h 29m
10252,Completionists,PC,1h 29m
10252,Completionists,PC,1h 29m
10252,Completionists,Xbox 360,1h 30m
10252,Completionists,PC,1h 30m
10252,Completionists,PlayStation 3,1h 30m
10252,Completionists,PC,1h 30m
10252,Completionists,Mac,1h 30m
10252,Completionists,PC,1h 30m
10252,Completionists,Xbox 360,1h 30m
10252,Completionists,PC,1h 30m
10252,Completionists,PC,1h 30m
10252,Completionists,Xbox 360,1h 30m
10252,Completionists,PC,1h 30m
10252,Completionists,PC,1h 30m
10252,Completionists,PC,1h 30m
10252,Completionists,PlayStation Vita,1h 30m
10252,Completionists,PlayStation 3,1h 30m
10252,Completionists,PC,1h 30m
10252,Completionists,PC,1h 30m
10252,Completionists,PC,1h 30m
10252,Completionists,PlayStation 3,1h 30m
10252,Completionists,PC,1h 30m
10252,Completionists,PC,1h 30m
10252,Completionists,Xbox 360,1h 30m
10252,Completionists,PC,1h 30m
10252,Completionists,PC,1h 30m
10252,Completionists,PC,1h 30m
10252,Completionists,PC,1h 30m
10252,Completionists,PC,1h 30m
10252,Completionists,PC,1h 30m
10252,Completionists,PC,1h 30m
10252,Completionists,PC,1h 30m
10252,Completionists,PC,1h 30m
10252,Completionists,PC,1h 30m
10252,Completionists,Xbox One,1h 30m
10252,Completionists,Xbox 360,1h 30m
10252,Completionists,PC,1h 30m
10252,Completionists,PC,1h 30m
10252,Completionists,PlayStation 4,1h 30m
10252,Completionists,PC,1h 30m
10252,Completionists,PC,1h 30m
10252,Completionists,PlayStation Vita,1h 30m
10252,Completionists,PC,1h 30m
10252,Completionists,PC,1h 30m
10252,Completionists,PC,1h 30m
10252,Completionists,PC,1h 30m
10252,Completionists,PlayStation 3,1h 30m
10252,Completionists,PC,1h 30m
10252,Completionists,PC,1h 31m
10252,Completionists,PlayStation 3,1h 32m
10252,Completionists,PlayStation 4,1h 32m
10252,Completionists,PC,1h 32m
10252,Completionists,PC,1h 32m
10252,Completionists,PlayStation 3,1h 33m
10252,Completionists,Xbox One,1h 34m
10252,Completionists,PC,1h 34m
10252,Completionists,PC,1h 35m
10252,Completionists,Xbox 360,1h 35m
10252,Completionists,PC,1h 35m
10252,Completionists,PC,1h 35m
10252,Completionists,PC,1h 35m
10252,Completionists,PC,1h 35m
10252,Completionists,PC,1h 37m
10252,Completionists,PC,1h 37m
10252,Completionists,PlayStation 3,1h 37m
10252,Completionists,PlayStation 3,1h 38m
10252,Completionists,PC,1h 40m
10252,Completionists,PlayStation 3,1h 40m
10252,Completionists,PC,1h 40m
10252,Completionists,PC,1h 40m
10252,Completionists,PC,1h 40m
10252,Completionists,PC,1h 40m
10252,Completionists,PlayStation 4,1h 40m
10252,Completionists,PC,1h 40m
10252,Completionists,PlayStation 4,1h 40m
10252,Completionists,PC,1h 41m
10252,Completionists,PC,1h 42m
10252,Completionists,PC,1h 45m
10252,Completionists,PC,1h 45m
10252,Completionists,PlayStation Vita,1h 45m
10252,Completionists,PC,1h 45m
10252,Completionists,PC,1h 45m
10252,Completionists,PC,1h 45m
10252,Completionists,PC,1h 47m
10252,Completionists,PC,1h 48m
10252,Completionists,PC,1h 48m
10252,Completionists,PC,1h 48m
10252,Completionists,Xbox One,1h 50m
10252,Completionists,PC,1h 50m
10252,Completionists,PC,1h 50m
10252,Completionists,PC,1h 52m
10252,Completionists,PC,1h 54m
10252,Completionists,PC,1h 54m
10252,Completionists,PC,1h 55m
10252,Completionists,PC,1h 56m
10252,Completionists,Xbox 360,2h
10252,Completionists,PC,2h
10252,Completionists,PlayStation 3,2h
10252,Completionists,PC,2h
10252,Completionists,PC,2h
10252,Completionists,PC,2h
10252,Completionists,PC,2h
10252,Completionists,PC,2h
10252,Completionists,PC,2h
10252,Completionists,PC,2h
10252,Completionists,PC,2h
10252,Completionists,PC,2h
10252,Completionists,PC,2h
10252,Completionists,PC,2h
10252,Completionists,PC,2h
10252,Completionists,PlayStation 4,2h
10252,Completionists,PC,2h
10252,Completionists,Xbox 360,2h
10252,Completionists,PC,2h
10252,Completionists,PC,2h
10252,Completionists,PC,2h
10252,Completionists,PC,2h
10252,Completionists,Xbox 360,2h
10252,Completionists,PC,2h
10252,Completionists,PC,2h
10252,Completionists,PC,2h
10252,Completionists,Xbox 360,2h
10252,Completionists,PlayStation Vita,2h
10252,Completionists,NA,2h
10252,Completionists,PC,2h
10252,Completionists,PC,2h
10252,Completionists,PC,2h
10252,Completionists,PC,2h
10252,Completionists,PC,2h 06m
10252,Completionists,PC,2h 15m
10252,Completionists,PC,2h 15m
10252,Completionists,PlayStation 3,2h 20m
10252,Completionists,PC,2h 20m
10252,Completionists,PC,2h 30m
10252,Completionists,PlayStation 3,2h 30m
10252,Completionists,PC,2h 30m
10252,Completionists,PC,2h 42m
10252,Completionists,PC,2h 45m
10252,Completionists,PC,3h
10252,Completionists,PC,3h
10252,Completionists,PC,3h
10252,Completionists,PC,3h
10252,Completionists,Xbox 360,3h
10252,Completionists,PC,3h
10252,Completionists,PC,3h
10252,Completionists,PC,3h 30m
10252,Completionists,PC,4h 25m
10252,Completionists,PC,6h
