id,type,platform,time
10257,Main Story,PC,1h 13m
10257,Main Story,PC,1h 15m
10257,Main Story,PC,1h 15m
10257,Main Story,PC,1h 17m
10257,Main Story,PC,1h 18m
10257,Main Story,PC,1h 20m
10257,Main Story,Xbox 360,1h 20m
10257,Main Story,PC,1h 20m
10257,Main Story,Xbox 360,1h 20m
10257,Main Story,Xbox 360,1h 21m
10257,Main Story,PC,1h 22m
10257,Main Story,PC,1h 22m
10257,Main Story,PlayStation 3,1h 23m
10257,Main Story,PC,1h 24m
10257,Main Story,PC,1h 25m
10257,Main Story,PlayStation 3,1h 25m
10257,Main Story,PC,1h 25m
10257,Main Story,PC,1h 26m
10257,Main Story,PlayStation 3,1h 26m
10257,Main Story,PlayStation 3,1h 27m
10257,Main Story,Xbox 360,1h 28m
10257,Main Story,PC,1h 28m
10257,Main Story,PlayStation 4,1h 28m
10257,Main Story,PC,1h 28m
10257,Main Story,PC,1h 29m
10257,Main Story,PC,1h 29m
10257,Main Story,PC,1h 29m
10257,Main Story,PC,1h 29m
10257,Main Story,PC,1h 30m
10257,Main Story,PlayStation Vita,1h 30m
10257,Main Story,Xbox One,1h 30m
10257,Main Story,PC,1h 30m
10257,Main Story,PC,1h 30m
10257,Main Story,PC,1h 30m
10257,Main Story,Xbox 360,1h 30m
10257,Main Story,PC,1h 30m
10257,Main Story,Xbox 360,1h 30m
10257,Main Story,PlayStation 3,1h 30m
10257,Main Story,PC,1h 30m
10257,Main Story,PC,1h 30m
10257,Main Story,PC,1h 30m
10257,Main Story,Mac,1h 30m
10257,Main Story,Xbox 360,1h 30m
10257,Main Story,PC,1h 30m
10257,Main Story,PC,1h 30m
10257,Main Story,PC,1h 30m
10257,Main Story,PC,1h 30m
10257,Main Story,PC,1h 30m
10257,Main Story,PlayStation 3,1h 30m
10257,Main Story,Xbox 360,1h 30m
10257,Main Story,PC,1h 30m
10257,Main Story,PC,1h 30m
10257,Main Story,PC,1h 30m
10257,Main Story,Xbox 360,1h 30m
10257,Main Story,Mac,1h 30m
10257,Main Story,PC,1h 30m
10257,Main Story,PC,1h 30m
10257,Main Story,Android,1h 30m
10257,Main Story,PC,1h 30m
10257,Main Story,PC,1h 30m
10257,Main Story,PlayStation 3,1h 30m
10257,Main Story,PC,1h 30m
10257,Main Story,PC,1h 30m
10257,Main Story,PC,1h 30m
10257,Main Story,PlayStation 3,1h 30m
10257,Main Story,PC,1h 30m
10257,Main Story,Xbox 360,1h 30m
10257,Main Story,PC,1h 31m
10257,Main Story,PC,1h 31m
10257,Main Story,PC,1h 32m
10257,Main Story,PC,1h 32m
10257,Main Story,PC,1h 32m
10257,Main Story,PlayStation 3,1h 32m
10257,Main Story,PlayStation 4,1h 32m
10257,Main Story,PC,1h 32m
10257,Main Story,PlayStation 3,1h 33m
10257,Main Story,PC,1h 34m
10257,Main Story,PlayStation 3,1h 34m
10257,Main Story,PC,1h 35m
10257,Main Story,PlayStation 3,1h 35m
10257,Main Story,PC,1h 35m
10257,Main Story,PC,1h 35m
10257,Main Story,PC,1h 35m
10257,Main Story,PC,1h 36m
10257,Main Story,PC,1h 36m
10257,Main Story,PC,1h 36m
10257,Main Story,PC,1h 36m
10257,Main Story,PlayStation 3,1h 37m
10257,Main Story,PC,1h 37m
10257,Main Story,PC,1h 38m
10257,Main Story,PlayStation 4,1h 38m
10257,Main Story,PC,1h 40m
10257,Main Story,Xbox 360,1h 40m
10257,Main Story,PC,1h 40m
10257,Main Story,PlayStation 3,1h 40m
10257,Main Story,PC,1h 40m
10257,Main Story,PC,1h 40m
10257,Main Story,PlayStation 3,1h 40m
10257,Main Story,PC,1h 40m
10257,Main Story,PC,1h 41m
10257,Main Story,PC,1h 42m
10257,Main Story,PC,1h 42m
10257,Main Story,PC,1h 42m
10257,Main Story,PC,1h 42m
10257,Main Story,PC,1h 43m
10257,Main Story,PC,1h 45m
10257,Main Story,Xbox 360,1h 45m
10257,Main Story,PC,1h 45m
10257,Main Story,PC,1h 45m
10257,Main Story,PC,1h 45m
10257,Main Story,PC,1h 45m
10257,Main Story,iOS,1h 45m
10257,Main Story,PlayStation 3,1h 45m
10257,Main Story,PC,1h 45m
10257,Main Story,PC,1h 46m
10257,Main Story,PC,1h 47m
10257,Main Story,Xbox 360,1h 48m
10257,Main Story,PC,1h 48m
10257,Main Story,PlayStation 4,1h 49m
10257,Main Story,PC,1h 57m
10257,Main Story,PC,2h
10257,Main Story,PC,2h
10257,Main Story,PC,2h
10257,Main Story,PC,2h
10257,Main Story,PC,2h
10257,Main Story,PC,2h
10257,Main Story,NA,2h
10257,Main Story,PC,2h
10257,Main Story,Xbox 360,2h
10257,Main Story,Mac,2h
10257,Main Story,Xbox 360,2h
10257,Main Story,PlayStation 3,2h
10257,Main Story,PC,2h
10257,Main Story,PC,2h
10257,Main Story,PlayStation 3,2h
10257,Main Story,PC,2h 05m
10257,Main Story,PC,2h 30m
10257,Main Story,PlayStation Vita,2h 30m
10257,Main Story,Mac,2h 30m
10257,Main Story,PC,3h
10257,Main Story,PC,3h
10257,Main Story,Xbox 360,3h
10257,Main + Extras,PC,1h
10257,Main + Extras,PC,1h 20m
10257,Main + Extras,PlayStation 3,1h 24m
10257,Main + Extras,PC,1h 26m
10257,Main + Extras,PC,1h 29m
10257,Main + Extras,iOS,1h 30m
10257,Main + Extras,PC,1h 30m
10257,Main + Extras,PC,1h 30m
10257,Main + Extras,PC,1h 30m
10257,Main + Extras,PC,1h 32m
10257,Main + Extras,PlayStation Vita,1h 35m
10257,Main + Extras,PC,1h 35m
10257,Main + Extras,PC,1h 35m
10257,Main + Extras,PC,1h 35m
10257,Main + Extras,PC,1h 35m
10257,Main + Extras,PlayStation 3,1h 41m
10257,Main + Extras,Xbox 360,1h 43m
10257,Main + Extras,PlayStation 4,1h 43m
10257,Main + Extras,PC,1h 45m
10257,Main + Extras,PlayStation 3,1h 45m
10257,Main + Extras,PC,1h 45m
10257,Main + Extras,PC,1h 49m
10257,Main + Extras,Xbox 360,1h 50m
10257,Main + Extras,PC,1h 50m
10257,Main + Extras,PlayStation 3,1h 50m
10257,Main + Extras,PC,1h 58m
10257,Main + Extras,PC,2h
10257,Main + Extras,PC,2h
10257,Completionists,PC,1h 15m
10257,Completionists,PlayStation 3,1h 15m
10257,Completionists,PC,1h 20m
10257,Completionists,PC,1h 20m
10257,Completionists,Mac,1h 21m
10257,Completionists,Xbox 360,1h 23m
10257,Completionists,PlayStation 3,1h 23m
10257,Completionists,NA,1h 25m
10257,Completionists,PC,1h 25m
10257,Completionists,PC,1h 25m
10257,Completionists,PC,1h 27m
10257,Completionists,PlayStation 4,1h 29m
10257,Completionists,Xbox One,1h 30m
10257,Completionists,PlayStation 3,1h 30m
10257,Completionists,PC,1h 30m
10257,Completionists,PC,1h 30m
10257,Completionists,PC,1h 30m
10257,Completionists,Xbox 360,1h 30m
10257,Completionists,PC,1h 30m
10257,Completionists,iOS,1h 30m
10257,Completionists,PC,1h 30m
10257,Completionists,PlayStation 4,1h 30m
10257,Completionists,Xbox 360,1h 30m
10257,Completionists,PC,1h 30m
10257,Completionists,PC,1h 30m
10257,Completionists,PC,1h 31m
10257,Completionists,PC,1h 31m
10257,Completionists,PC,1h 31m
10257,Completionists,Xbox 360,1h 33m
10257,Completionists,PC,1h 33m
10257,Completionists,PC,1h 35m
10257,Completionists,PlayStation 4,1h 35m
10257,Completionists,PC,1h 35m
10257,Completionists,PC,1h 36m
10257,Completionists,PlayStation 3,1h 37m
10257,Completionists,Xbox 360,1h 37m
10257,Completionists,Xbox 360,1h 38m
10257,Completionists,PC,1h 40m
10257,Completionists,PC,1h 40m
10257,Completionists,PC,1h 40m
10257,Completionists,PlayStation 3,1h 40m
10257,Completionists,PlayStation 3,1h 42m
10257,Completionists,PlayStation 3,1h 43m
10257,Completionists,PC,1h 45m
10257,Completionists,Xbox 360,1h 45m
10257,Completionists,PC,1h 49m
10257,Completionists,PlayStation Vita,1h 50m
10257,Completionists,PC,1h 50m
10257,Completionists,PC,1h 55m
10257,Completionists,PC,1h 59m
10257,Completionists,PC,2h
10257,Completionists,PC,2h
10257,Completionists,Xbox 360,2h
10257,Completionists,PC,2h
10257,Completionists,PC,2h 02m
10257,Completionists,PC,2h 06m
10257,Completionists,Xbox One,2h 19m
10257,Completionists,Xbox 360,2h 30m
10257,Completionists,PC,3h
10257,Completionists,PC,3h
10257,Completionists,PlayStation 3,3h
10257,Completionists,PC,4h 40m
