id,type,platform,time
10255,Main Story,Xbox 360,1h 15m
10255,Main Story,PC,1h 40m
10255,Main Story,PC,1h 45m
10255,Main Story,PC,1h 56m
10255,Main Story,PC,2h
10255,Main Story,Xbox One,2h
10255,Main Story,PC,2h
10255,Main Story,PC,2h
10255,Main Story,PC,2h
10255,Main Story,Mac,2h
10255,Main Story,Mac,2h
10255,Main Story,PC,2h
10255,Main Story,PC,2h
10255,Main Story,Android,2h
10255,Main Story,PC,2h 03m
10255,Main Story,PC,2h 03m
10255,Main Story,PlayStation 4,2h 03m
10255,Main Story,PC,2h 05m
10255,Main Story,PlayStation 4,2h 08m
10255,Main Story,PC,2h 11m
10255,Main Story,PC,2h 13m
10255,Main Story,PC,2h 14m
10255,Main Story,PC,2h 14m
10255,Main Story,PC,2h 15m
10255,Main Story,Xbox One,2h 16m
10255,Main Story,PC,2h 16m
10255,Main Story,PlayStation 4,2h 18m
10255,Main Story,Xbox 360,2h 19m
10255,Main Story,PC,2h 20m
10255,Main Story,Xbox 360,2h 20m
10255,Main Story,PC,2h 20m
10255,Main Story,PC,2h 20m
10255,Main Story,PlayStation 4,2h 21m
10255,Main Story,PC,2h 22m
10255,Main Story,Xbox One,2h 24m
10255,Main Story,PC,2h 24m
10255,Main Story,PC,2h 24m
10255,Main Story,PC,2h 25m
10255,Main Story,Mac,2h 25m
10255,Main Story,Mac,2h 25m
10255,Main Story,PC,2h 25m
10255,Main Story,PC,2h 25m
10255,Main Story,PC,2h 26m
10255,Main Story,PlayStation 3,2h 28m
10255,Main Story,PC,2h 29m
10255,Main Story,PC,2h 30m
10255,Main Story,PC,2h 30m
10255,Main Story,Xbox 360,2h 30m
10255,Main Story,PC,2h 30m
10255,Main Story,PC,2h 30m
10255,Main Story,Xbox 360,2h 30m
10255,Main Story,PlayStation 3,2h 30m
10255,Main Story,PlayStation Vita,2h 30m
10255,Main Story,PC,2h 30m
10255,Main Story,PC,2h 30m
10255,Main Story,PlayStation Vita,2h 30m
10255,Main Story,Xbox 360,2h 30m
10255,Main Story,PlayStation 3,2h 30m
10255,Main Story,PC,2h 30m
10255,Main Story,PC,2h 30m
10255,Main Story,PC,2h 30m
10255,Main Story,PC,2h 30m
10255,Main Story,Mac,2h 30m
10255,Main Story,Xbox 360,2h 30m
10255,Main Story,PlayStation 3,2h 30m
10255,Main Story,iOS,2h 30m
10255,Main Story,PlayStation 3,2h 30m
10255,Main Story,PlayStation 3,2h 30m
10255,Main Story,PC,2h 30m
10255,Main Story,PC,2h 31m
10255,Main Story,PlayStation 4,2h 33m
10255,Main Story,PC,2h 34m
10255,Main Story,PC,2h 34m
10255,Main Story,PC,2h 35m
10255,Main Story,PlayStation 3,2h 35m
10255,Main Story,PC,2h 35m
10255,Main Story,PC,2h 35m
10255,Main Story,PC,2h 36m
10255,Main Story,PC,2h 36m
10255,Main Story,PC,2h 36m
10255,Main Story,PlayStation 3,2h 36m
10255,Main Story,PC,2h 36m
10255,Main Story,PC,2h 39m
10255,Main Story,PC,2h 39m
10255,Main Story,PC,2h 40m
10255,Main Story,PlayStation 3,2h 40m
10255,Main Story,Xbox 360,2h 40m
10255,Main Story,PC,2h 40m
10255,Main Story,PlayStation 4,2h 40m
10255,Main Story,PC,2h 40m
10255,Main Story,PlayStation 3,2h 41m
10255,Main Story,PC,2h 42m
10255,Main Story,PC,2h 42m
10255,Main Story,PC,2h 42m
10255,Main Story,PlayStation 3,2h 42m
10255,Main Story,PC,2h 42m
10255,Main Story,PC,2h 43m
10255,Main Story,PC,2h 44m
10255,Main Story,Xbox 360,2h 44m
10255,Main Story,NA,2h 45m
10255,Main Story,Xbox 360,2h 45m
10255,Main Story,PC,2h 45m
10255,Main Story,PC,2h 45m
10255,Main Story,PC,2h 45m
10255,Main Story,PC,2h 45m
10255,Main Story,PC,2h 45m
10255,Main Story,iOS,2h 45m
10255,Main Story,PC,2h 45m
10255,Main Story,PlayStation 3,2h 45m
10255,Main Story,PC,2h 46m
10255,Main Story,PlayStation 3,2h 46m
10255,Main Story,PC,2h 46m
10255,Main Story,PC,2h 47m
10255,Main Story,PC,2h 48m
10255,Main Story,Xbox 360,2h 50m
10255,Main Story,PC,2h 50m
10255,Main Story,PC,2h 50m
10255,Main Story,PC,2h 50m
10255,Main Story,PC,2h 50m
10255,Main Story,PC,2h 50m
10255,Main Story,PC,2h 54m
10255,Main Story,PC,2h 55m
10255,Main Story,PC,2h 56m
10255,Main Story,PlayStation 3,2h 56m
10255,Main Story,PlayStation 3,2h 56m
10255,Main Story,PC,3h
10255,Main Story,PC,3h
10255,Main Story,PC,3h
10255,Main Story,PC,3h
10255,Main Story,Xbox 360,3h
10255,Main Story,PC,3h
10255,Main Story,PC,3h
10255,Main Story,Xbox 360,3h
10255,Main Story,PC,3h
10255,Main Story,PC,3h
10255,Main Story,PC,3h
10255,Main Story,Xbox 360,3h
10255,Main Story,PC,3h
10255,Main Story,PC,3h
10255,Main Story,PC,3h
10255,Main Story,Xbox 360,3h
10255,Main Story,PC,3h
10255,Main Story,PlayStation 3,3h
10255,Main Story,PC,3h 05m
10255,Main Story,PlayStation 3,3h 05m
10255,Main Story,PC,3h 05m
10255,Main Story,PC,3h 05m
10255,Main Story,PlayStation 3,3h 05m
10255,Main Story,PC,3h 10m
10255,Main Story,PC,3h 10m
10255,Main Story,PC,3h 15m
10255,Main Story,PC,3h 30m
10255,Main Story,NA,3h 30m
10255,Main + Extras,PC,1h 50m
10255,Main + Extras,PC,2h 18m
10255,Main + Extras,PC,2h 20m
10255,Main + Extras,PC,2h 25m
10255,Main + Extras,PC,2h 26m
10255,Main + Extras,PC,2h 26m
10255,Main + Extras,iOS,2h 30m
10255,Main + Extras,PC,2h 30m
10255,Main + Extras,PC,2h 30m
10255,Main + Extras,PlayStation 3,2h 30m
10255,Main + Extras,PC,2h 30m
10255,Main + Extras,PC,2h 30m
10255,Main + Extras,PlayStation 4,2h 33m
10255,Main + Extras,PC,2h 35m
10255,Main + Extras,PC,2h 37m
10255,Main + Extras,Xbox 360,2h 39m
10255,Main + Extras,PC,2h 40m
10255,Main + Extras,PC,2h 40m
10255,Main + Extras,PC,2h 46m
10255,Main + Extras,PC,2h 51m
10255,Main + Extras,PC,2h 58m
10255,Main + Extras,PC,3h
10255,Main + Extras,PC,3h
10255,Main + Extras,PC,3h
10255,Main + Extras,Xbox 360,3h 10m
10255,Main + Extras,PC,3h 15m
10255,Main + Extras,PlayStation 3,3h 16m
10255,Completionists,PC,2h
10255,Completionists,iOS,2h
10255,Completionists,Xbox One,2h 03m
10255,Completionists,PC,2h 06m
10255,Completionists,PlayStation 3,2h 07m
10255,Completionists,PC,2h 07m
10255,Completionists,Mac,2h 10m
10255,Completionists,Xbox 360,2h 16m
10255,Completionists,PC,2h 17m
10255,Completionists,PC,2h 19m
10255,Completionists,PC,2h 25m
10255,Completionists,Xbox One,2h 26m
10255,Completionists,PC,2h 29m
10255,Completionists,PC,2h 30m
10255,Completionists,PlayStation 3,2h 30m
10255,Completionists,PC,2h 30m
10255,Completionists,PC,2h 30m
10255,Completionists,Xbox 360,2h 30m
10255,Completionists,PC,2h 30m
10255,Completionists,iOS,2h 30m
10255,Completionists,Xbox 360,2h 30m
10255,Completionists,PlayStation 4,2h 30m
10255,Completionists,PC,2h 31m
10255,Completionists,PC,2h 35m
10255,Completionists,PC,2h 35m
10255,Completionists,PlayStation 4,2h 35m
10255,Completionists,PC,2h 39m
10255,Completionists,Xbox 360,2h 40m
10255,Completionists,PC,2h 40m
10255,Completionists,PC,2h 40m
10255,Completionists,PC,2h 40m
10255,Completionists,PlayStation 3,2h 40m
10255,Completionists,Xbox 360,2h 45m
10255,Completionists,Xbox 360,2h 45m
10255,Completionists,Xbox 360,2h 46m
10255,Completionists,PlayStation 3,2h 48m
10255,Completionists,PC,2h 49m
10255,Completionists,PlayStation 3,2h 49m
10255,Completionists,PC,2h 50m
10255,Completionists,PC,2h 50m
10255,Completionists,PC,2h 50m
10255,Completionists,PC,2h 52m
10255,Completionists,PC,2h 52m
10255,Completionists,PlayStation 3,2h 56m
10255,Completionists,PC,3h
10255,Completionists,PC,3h
10255,Completionists,PC,3h
10255,Completionists,Xbox 360,3h
10255,Completionists,PC,3h
10255,Completionists,PC,3h
10255,Completionists,Xbox 360,3h
10255,Completionists,PC,3h 08m
10255,Completionists,PC,3h 20m
10255,Completionists,PC,3h 30m
10255,Completionists,PC,4h 12m
10255,Completionists,PC,4h 40m
