id,type,platform,time
10250,Main Story,Xbox 360,4h 30m
10250,Main Story,PC,5h
10250,Main Story,PC,5h
10250,Main Story,PC,6h
10250,Main Story,PlayStation 3,6h
10250,Main Story,PlayStation 4,6h 30m
10250,Main Story,PC,7h
10250,Main Story,PC,7h
10250,Main Story,PC,7h
10250,Main Story,PlayStation Vita,7h
10250,Main Story,PlayStation Vita,7h
10250,Main Story,PC,7h
10250,Main Story,Xbox One,7h
10250,Main Story,PC,7h 12m
10250,Main Story,PC,7h 23m
10250,Main Story,PlayStation Vita,7h 30m
10250,Main Story,PC,7h 30m
10250,Main Story,PC,8h
10250,Main Story,Xbox 360,8h
10250,Main Story,PC,8h
10250,Main Story,PC,8h
10250,Main Story,PC,8h
10250,Main Story,NA,8h
10250,Main Story,PC,8h
10250,Main Story,PC,8h 11m
10250,Main Story,PC,8h 18m
10250,Main Story,PC,8h 30m
10250,Main Story,Xbox 360,8h 30m
10250,Main Story,NA,8h 30m
10250,Main Story,PC,8h 35m
10250,Main Story,PC,9h
10250,Main Story,PC,9h
10250,Main Story,PlayStation 4,9h
10250,Main Story,PlayStation 4,9h
10250,Main Story,PlayStation Vita,9h
10250,Main Story,Mac,9h
10250,Main Story,PlayStation 3,9h
10250,Main Story,PC,9h
10250,Main Story,PC,9h
10250,Main Story,Xbox 360,9h
10250,Main Story,PC,9h
10250,Main Story,PlayStation 4,9h
10250,Main Story,PC,9h
10250,Main Story,PC,9h
10250,Main Story,PlayStation 4,9h 11m
10250,Main Story,PC,9h 23m
10250,Main Story,Xbox 360,9h 24m
10250,Main Story,PC,9h 30m
10250,Main Story,PC,9h 30m
10250,Main Story,PC,9h 40m
10250,Main Story,PlayStation 4,9h 40m
10250,Main Story,PC,9h 42m
10250,Main Story,PlayStation Vita,9h 45m
10250,Main Story,PC,9h 45m
10250,Main Story,PC,9h 51m
10250,Main Story,PC,9h 57m
10250,Main Story,PC,9h 59m
10250,Main Story,PC,9h 59m
10250,Main Story,NA,10h
10250,Main Story,PC,10h
10250,Main Story,PC,10h
10250,Main Story,PC,10h
10250,Main Story,PlayStation 4,10h
10250,Main Story,PC,10h
10250,Main Story,PC,10h
10250,Main Story,PC,10h
10250,Main Story,PlayStation 4,10h
10250,Main Story,PlayStation 3,10h
10250,Main Story,PC,10h
10250,Main Story,PC,10h
10250,Main Story,PC,10h
10250,Main Story,Xbox 360,10h
10250,Main Story,PC,10h
10250,Main Story,PC,10h
10250,Main Story,PC,10h
10250,Main Story,PC,10h
10250,Main Story,PlayStation 3,10h
10250,Main Story,PC,10h
10250,Main Story,PlayStation 3,10h
10250,Main Story,PC,10h
10250,Main Story,PC,10h
10250,Main Story,PC,10h
10250,Main Story,Xbox 360,10h
10250,Main Story,Android,10h
10250,Main Story,PlayStation 3,10h
10250,Main Story,PC,10h
10250,Main Story,PC,10h
10250,Main Story,PC,10h
10250,Main Story,PC,10h
10250,Main Story,PC,10h
10250,Main Story,PC,10h
10250,Main Story,PC,10h
10250,Main Story,PlayStation 3,10h
10250,Main Story,PC,10h
10250,Main Story,PC,10h
10250,Main Story,PC,10h
10250,Main Story,PC,10h
10250,Main Story,NA,10h
10250,Main Story,PC,10h
10250,Main Story,PC,10h
10250,Main Story,PC,10h
10250,Main Story,Xbox 360,10h
10250,Main Story,PlayStation Vita,10h
10250,Main Story,PC,10h
10250,Main Story,PC,10h
10250,Main Story,PlayStation 3,10h
10250,Main Story,PC,10h
10250,Main Story,Xbox One,10h
10250,Main Story,PC,10h
10250,Main Story,iOS,10h
10250,Main Story,PC,10h
10250,Main Story,Android,10h
10250,Main Story,PlayStation Vita,10h
10250,Main Story,PC,10h
10250,Main Story,PC,10h
10250,Main Story,PC,10h
10250,Main Story,Xbox 360,10h
10250,Main Story,PC,10h
10250,Main Story,Xbox 360,10h
10250,Main Story,PC,10h
10250,Main Story,Xbox 360,10h
10250,Main Story,PlayStation 3,10h
10250,Main Story,Xbox One,10h
10250,Main Story,Xbox 360,10h
10250,Main Story,PC,10h
10250,Main Story,NA,10h
10250,Main Story,PC,10h
10250,Main Story,PC,10h 04m
10250,Main Story,Mac,10h 09m
10250,Main Story,PC,10h 09m
10250,Main Story,PC,10h 10m
10250,Main Story,Xbox One,10h 10m
10250,Main Story,PC,10h 12m
10250,Main Story,PC,10h 12m
10250,Main Story,PC,10h 15m
10250,Main Story,PlayStation 4,10h 20m
10250,Main Story,PC,10h 20m
10250,Main Story,PC,10h 21m
10250,Main Story,PC,10h 21m
10250,Main Story,PC,10h 24m
10250,Main Story,PC,10h 24m
10250,Main Story,iOS,10h 25m
10250,Main Story,PlayStation 3,10h 26m
10250,Main Story,PlayStation 3,10h 28m
10250,Main Story,NA,10h 30m
10250,Main Story,Xbox One,10h 30m
10250,Main Story,PC,10h 30m
10250,Main Story,PC,10h 30m
10250,Main Story,PC,10h 30m
10250,Main Story,PC,10h 34m
10250,Main Story,PlayStation 3,10h 34m
10250,Main Story,PlayStation 3,10h 37m
10250,Main Story,PC,10h 40m
10250,Main Story,PC,10h 41m
10250,Main Story,PC,10h 45m
10250,Main Story,PC,10h 45m
10250,Main Story,PC,10h 48m
10250,Main Story,PC,10h 48m
10250,Main Story,PC,10h 49m
10250,Main Story,PC,10h 50m
10250,Main Story,PC,10h 50m
10250,Main Story,PC,10h 50m
10250,Main Story,PlayStation Vita,10h 50m
10250,Main Story,Mac,10h 51m
10250,Main Story,PC,10h 54m
10250,Main Story,PC,10h 54m
10250,Main Story,PC,10h 54m
10250,Main Story,PC,10h 56m
10250,Main Story,PC,11h
10250,Main Story,PC,11h
10250,Main Story,PC,11h
10250,Main Story,Mac,11h
10250,Main Story,PC,11h
10250,Main Story,PC,11h
10250,Main Story,PC,11h
10250,Main Story,Xbox 360,11h
10250,Main Story,PC,11h
10250,Main Story,PC,11h
10250,Main Story,Mac,11h
10250,Main Story,PC,11h
10250,Main Story,PC,11h
10250,Main Story,PC,11h
10250,Main Story,PC,11h
10250,Main Story,PC,11h
10250,Main Story,PC,11h
10250,Main Story,PC,11h
10250,Main Story,PlayStation 3,11h
10250,Main Story,PC,11h
10250,Main Story,PC,11h
10250,Main Story,PC,11h
10250,Main Story,PC,11h
10250,Main Story,PC,11h
10250,Main Story,PC,11h
10250,Main Story,PlayStation 4,11h
10250,Main Story,PC,11h
10250,Main Story,PC,11h
10250,Main Story,PC,11h
10250,Main Story,PC,11h
10250,Main Story,PC,11h
10250,Main Story,PC,11h
10250,Main Story,PC,11h
10250,Main Story,PlayStation 4,11h
10250,Main Story,PC,11h
10250,Main Story,PC,11h
10250,Main Story,PC,11h
10250,Main Story,PC,11h
10250,Main Story,PC,11h
10250,Main Story,PC,11h
10250,Main Story,Xbox 360,11h
10250,Main Story,PC,11h
10250,Main Story,PC,11h
10250,Main Story,PC,11h
10250,Main Story,Xbox One,11h
10250,Main Story,PC,11h
10250,Main Story,PC,11h
10250,Main Story,PC,11h
10250,Main Story,PC,11h
10250,Main Story,PC,11h
10250,Main Story,PC,11h
10250,Main Story,PC,11h
10250,Main Story,Xbox One,11h
10250,Main Story,PlayStation Vita,11h
10250,Main Story,PlayStation 3,11h
10250,Main Story,PC,11h
10250,Main Story,PlayStation Vita,11h
10250,Main Story,PC,11h
10250,Main Story,PC,11h
10250,Main Story,PC,11h
10250,Main Story,PC,11h
10250,Main Story,PC,11h
10250,Main Story,PC,11h
10250,Main Story,PlayStation 3,11h
10250,Main Story,PC,11h
10250,Main Story,NA,11h
10250,Main Story,PC,11h
10250,Main Story,PC,11h
10250,Main Story,PC,11h
10250,Main Story,PC,11h
10250,Main Story,PC,11h
10250,Main Story,PlayStation 3,11h
10250,Main Story,Xbox One,11h
10250,Main Story,PC,11h
10250,Main Story,PC,11h
10250,Main Story,PC,11h
10250,Main Story,PC,11h
10250,Main Story,PC,11h
10250,Main Story,PC,11h
10250,Main Story,PC,11h
10250,Main Story,Xbox 360,11h
10250,Main Story,PC,11h
10250,Main Story,PC,11h
10250,Main Story,PC,11h
10250,Main Story,PC,11h
10250,Main Story,PC,11h
10250,Main Story,PC,11h
10250,Main Story,PC,11h
10250,Main Story,PC,11h
10250,Main Story,PC,11h
10250,Main Story,PC,11h 01m
10250,Main Story,PlayStation Vita,11h 03m
10250,Main Story,PC,11h 03m
10250,Main Story,PC,11h 03m
10250,Main Story,PC,11h 05m
10250,Main Story,PlayStation 4,11h 06m
10250,Main Story,PC,11h 06m
10250,Main Story,PC,11h 07m
10250,Main Story,PC,11h 08m
10250,Main Story,PC,11h 09m
10250,Main Story,PC,11h 10m
10250,Main Story,PC,11h 10m
10250,Main Story,PC,11h 10m
10250,Main Story,PC,11h 10m
10250,Main Story,PC,11h 11m
10250,Main Story,PC,11h 12m
10250,Main Story,PC,11h 12m
10250,Main Story,PC,11h 12m
10250,Main Story,PlayStation 3,11h 13m
10250,Main Story,PC,11h 15m
10250,Main Story,Xbox 360,11h 15m
10250,Main Story,PC,11h 18m
10250,Main Story,PC,11h 20m
10250,Main Story,PC,11h 20m
10250,Main Story,PC,11h 20m
10250,Main Story,PC,11h 20m
10250,Main Story,Xbox One,11h 20m
10250,Main Story,PC,11h 20m
10250,Main Story,PlayStation 4,11h 20m
10250,Main Story,PC,11h 22m
10250,Main Story,PC,11h 22m
10250,Main Story,PlayStation 4,11h 22m
10250,Main Story,PlayStation 3,11h 23m
10250,Main Story,PC,11h 24m
10250,Main Story,PlayStation 4,11h 25m
10250,Main Story,PC,11h 26m
10250,Main Story,Xbox 360,11h 26m
10250,Main Story,Xbox One,11h 27m
10250,Main Story,PlayStation 3,11h 27m
10250,Main Story,PC,11h 27m
10250,Main Story,PC,11h 28m
10250,Main Story,PC,11h 29m
10250,Main Story,PC,11h 30m
10250,Main Story,PlayStation 3,11h 30m
10250,Main Story,PC,11h 30m
10250,Main Story,PC,11h 30m
10250,Main Story,PC,11h 30m
10250,Main Story,PC,11h 30m
10250,Main Story,PC,11h 30m
10250,Main Story,PC,11h 30m
10250,Main Story,PlayStation 3,11h 30m
10250,Main Story,PC,11h 30m
10250,Main Story,PC,11h 30m
10250,Main Story,PC,11h 30m
10250,Main Story,PC,11h 30m
10250,Main Story,PC,11h 30m
10250,Main Story,PC,11h 30m
10250,Main Story,Xbox One,11h 30m
10250,Main Story,PC,11h 30m
10250,Main Story,PC,11h 30m
10250,Main Story,PC,11h 30m
10250,Main Story,Xbox 360,11h 30m
10250,Main Story,PC,11h 30m
10250,Main Story,Xbox One,11h 30m
10250,Main Story,PC,11h 30m
10250,Main Story,PC,11h 30m
10250,Main Story,PlayStation 4,11h 30m
10250,Main Story,PC,11h 30m
10250,Main Story,PlayStation 4,11h 30m
10250,Main Story,PC,11h 30m
10250,Main Story,PlayStation 4,11h 31m
10250,Main Story,PlayStation 3,11h 34m
10250,Main Story,PC,11h 35m
10250,Main Story,PC,11h 35m
10250,Main Story,PC,11h 35m
10250,Main Story,PC,11h 36m
10250,Main Story,PC,11h 36m
10250,Main Story,PC,11h 36m
10250,Main Story,PC,11h 36m
10250,Main Story,PC,11h 36m
10250,Main Story,PlayStation Vita,11h 36m
10250,Main Story,PC,11h 38m
10250,Main Story,Xbox 360,11h 40m
10250,Main Story,PC,11h 40m
10250,Main Story,Xbox One,11h 41m
10250,Main Story,PC,11h 42m
10250,Main Story,PC,11h 42m
10250,Main Story,PC,11h 42m
10250,Main Story,PlayStation 4,11h 42m
10250,Main Story,PC,11h 42m
10250,Main Story,PC,11h 44m
10250,Main Story,PC,11h 45m
10250,Main Story,PC,11h 45m
10250,Main Story,PlayStation 3,11h 45m
10250,Main Story,PC,11h 45m
10250,Main Story,PlayStation 3,11h 46m
10250,Main Story,Xbox 360,11h 46m
10250,Main Story,PC,11h 47m
10250,Main Story,PC,11h 48m
10250,Main Story,PC,11h 48m
10250,Main Story,PC,11h 48m
10250,Main Story,PC,11h 48m
10250,Main Story,PC,11h 48m
10250,Main Story,PC,11h 50m
10250,Main Story,PC,11h 50m
10250,Main Story,Xbox One,11h 51m
10250,Main Story,PC,11h 51m
10250,Main Story,PC,11h 53m
10250,Main Story,PC,11h 53m
10250,Main Story,PC,11h 53m
10250,Main Story,PC,11h 54m
10250,Main Story,PC,11h 54m
10250,Main Story,PC,11h 55m
10250,Main Story,PC,11h 56m
10250,Main Story,Xbox 360,11h 56m
10250,Main Story,PlayStation 3,11h 57m
10250,Main Story,PC,11h 58m
10250,Main Story,PC,11h 59m
10250,Main Story,PC,12h
10250,Main Story,PC,12h
10250,Main Story,PC,12h
10250,Main Story,NA,12h
10250,Main Story,PlayStation Vita,12h
10250,Main Story,PC,12h
10250,Main Story,PC,12h
10250,Main Story,PC,12h
10250,Main Story,PC,12h
10250,Main Story,PC,12h
10250,Main Story,PC,12h
10250,Main Story,PC,12h
10250,Main Story,PC,12h
10250,Main Story,PC,12h
10250,Main Story,PC,12h
10250,Main Story,PC,12h
10250,Main Story,PC,12h
10250,Main Story,Xbox One,12h
10250,Main Story,PC,12h
10250,Main Story,PlayStation 3,12h
10250,Main Story,Xbox One,12h
10250,Main Story,PlayStation 3,12h
10250,Main Story,PC,12h
10250,Main Story,PC,12h
10250,Main Story,PlayStation 3,12h
10250,Main Story,PC,12h
10250,Main Story,Xbox One,12h
10250,Main Story,Xbox 360,12h
10250,Main Story,PC,12h
10250,Main Story,Xbox 360,12h
10250,Main Story,PlayStation 3,12h
10250,Main Story,PlayStation 3,12h
10250,Main Story,PC,12h
10250,Main Story,PC,12h
10250,Main Story,PC,12h
10250,Main Story,PC,12h
10250,Main Story,PC,12h
10250,Main Story,PC,12h
10250,Main Story,PlayStation 4,12h
10250,Main Story,Xbox One,12h
10250,Main Story,PC,12h
10250,Main Story,PC,12h
10250,Main Story,PC,12h
10250,Main Story,PC,12h
10250,Main Story,PC,12h
10250,Main Story,PC,12h
10250,Main Story,PlayStation 4,12h
10250,Main Story,PC,12h
10250,Main Story,PlayStation 4,12h
10250,Main Story,Xbox One,12h
10250,Main Story,PC,12h
10250,Main Story,PC,12h
10250,Main Story,PC,12h
10250,Main Story,PlayStation 3,12h
10250,Main Story,PC,12h
10250,Main Story,PC,12h
10250,Main Story,PC,12h
10250,Main Story,PC,12h
10250,Main Story,PC,12h
10250,Main Story,PlayStation 4,12h
10250,Main Story,PC,12h
10250,Main Story,PC,12h
10250,Main Story,PC,12h
10250,Main Story,PlayStation 4,12h
10250,Main Story,Xbox 360,12h
10250,Main Story,PC,12h
10250,Main Story,Xbox 360,12h
10250,Main Story,Xbox 360,12h
10250,Main Story,PC,12h
10250,Main Story,PC,12h
10250,Main Story,PC,12h
10250,Main Story,PC,12h
10250,Main Story,PlayStation 3,12h
10250,Main Story,PC,12h
10250,Main Story,PC,12h
10250,Main Story,PC,12h
10250,Main Story,PlayStation 3,12h
10250,Main Story,PC,12h
10250,Main Story,PC,12h
10250,Main Story,PC,12h
10250,Main Story,Xbox 360,12h
10250,Main Story,PC,12h
10250,Main Story,PlayStation 4,12h
10250,Main Story,PC,12h
10250,Main Story,PC,12h
10250,Main Story,PC,12h
10250,Main Story,Xbox 360,12h
10250,Main Story,PC,12h
10250,Main Story,PC,12h
10250,Main Story,PlayStation 4,12h
10250,Main Story,PlayStation 3,12h
10250,Main Story,PlayStation 4,12h
10250,Main Story,PlayStation 4,12h
10250,Main Story,PlayStation 4,12h
10250,Main Story,Xbox 360,12h
10250,Main Story,Xbox 360,12h
10250,Main Story,Xbox 360,12h
10250,Main Story,PC,12h
10250,Main Story,PC,12h
10250,Main Story,PC,12h
10250,Main Story,PC,12h
10250,Main Story,PC,12h
10250,Main Story,PC,12h
10250,Main Story,PC,12h
10250,Main Story,PC,12h
10250,Main Story,Xbox 360,12h
10250,Main Story,PlayStation 3,12h
10250,Main Story,PC,12h
10250,Main Story,PC,12h
10250,Main Story,PC,12h
10250,Main Story,PC,12h
10250,Main Story,PC,12h
10250,Main Story,PC,12h
10250,Main Story,PC,12h
10250,Main Story,PC,12h
10250,Main Story,PC,12h
10250,Main Story,PC,12h
10250,Main Story,PC,12h
10250,Main Story,PC,12h
10250,Main Story,PlayStation Vita,12h
10250,Main Story,PlayStation 3,12h
10250,Main Story,PC,12h
10250,Main Story,PC,12h
10250,Main Story,PC,12h
10250,Main Story,PC,12h
10250,Main Story,PlayStation 4,12h
10250,Main Story,PC,12h
10250,Main Story,PC,12h
10250,Main Story,PC,12h
10250,Main Story,Xbox 360,12h
10250,Main Story,PC,12h
10250,Main Story,PC,12h
10250,Main Story,PC,12h
10250,Main Story,PC,12h
10250,Main Story,PC,12h
10250,Main Story,Xbox 360,12h
10250,Main Story,PC,12h
10250,Main Story,PC,12h
10250,Main Story,NA,12h
10250,Main Story,PC,12h
10250,Main Story,PC,12h
10250,Main Story,PC,12h
10250,Main Story,PC,12h
10250,Main Story,PlayStation 4,12h
10250,Main Story,PlayStation 4,12h
10250,Main Story,PlayStation 3,12h
10250,Main Story,PlayStation Vita,12h
10250,Main Story,PC,12h
10250,Main Story,PC,12h
10250,Main Story,PC,12h
10250,Main Story,NA,12h
10250,Main Story,PlayStation Vita,12h
10250,Main Story,PC,12h
10250,Main Story,PC,12h
10250,Main Story,PC,12h
10250,Main Story,PC,12h
10250,Main Story,PC,12h
10250,Main Story,PC,12h
10250,Main Story,PC,12h
10250,Main Story,PC,12h
10250,Main Story,PC,12h
10250,Main Story,PC,12h
10250,Main Story,PC,12h
10250,Main Story,PC,12h
10250,Main Story,PC,12h
10250,Main Story,PlayStation 3,12h
10250,Main Story,PC,12h
10250,Main Story,PlayStation 3,12h
10250,Main Story,PC,12h
10250,Main Story,Xbox 360,12h
10250,Main Story,Xbox One,12h
10250,Main Story,PC,12h
10250,Main Story,PC,12h
10250,Main Story,PlayStation 3,12h
10250,Main Story,Xbox 360,12h
10250,Main Story,PC,12h
10250,Main Story,PlayStation 3,12h
10250,Main Story,Xbox 360,12h
10250,Main Story,PlayStation 4,12h
10250,Main Story,NA,12h
10250,Main Story,NA,12h
10250,Main Story,PC,12h
10250,Main Story,iOS,12h
10250,Main Story,PC,12h
10250,Main Story,PC,12h
10250,Main Story,Xbox One,12h
10250,Main Story,Android,12h
10250,Main Story,PC,12h
10250,Main Story,Xbox 360,12h
10250,Main Story,PC,12h
10250,Main Story,PlayStation 3,12h
10250,Main Story,PC,12h
10250,Main Story,PC,12h
10250,Main Story,PC,12h
10250,Main Story,PC,12h
10250,Main Story,PC,12h
10250,Main Story,PlayStation 3,12h
10250,Main Story,PC,12h
10250,Main Story,PC,12h
10250,Main Story,PC,12h
10250,Main Story,NA,12h
10250,Main Story,PC,12h
10250,Main Story,PC,12h
10250,Main Story,Xbox One,12h
10250,Main Story,PC,12h
10250,Main Story,PlayStation Vita,12h
10250,Main Story,PC,12h
10250,Main Story,PC,12h
10250,Main Story,PC,12h
10250,Main Story,PC,12h
10250,Main Story,PC,12h
10250,Main Story,PC,12h
10250,Main Story,PC,12h
10250,Main Story,Xbox 360,12h
10250,Main Story,Xbox 360,12h
10250,Main Story,PC,12h
10250,Main Story,PC,12h
10250,Main Story,Xbox 360,12h
10250,Main Story,PC,12h
10250,Main Story,PlayStation 3,12h
10250,Main Story,Mac,12h
10250,Main Story,PC,12h
10250,Main Story,PC,12h
10250,Main Story,PlayStation 3,12h
10250,Main Story,PlayStation 3,12h
10250,Main Story,PC,12h
10250,Main Story,PC,12h
10250,Main Story,PC,12h
10250,Main Story,PC,12h
10250,Main Story,PlayStation 4,12h
10250,Main Story,PC,12h
10250,Main Story,PC,12h
10250,Main Story,PC,12h
10250,Main Story,PlayStation 3,12h
10250,Main Story,PC,12h
10250,Main Story,Mac,12h 01m
10250,Main Story,PC,12h 02m
10250,Main Story,PC,12h 03m
10250,Main Story,PC,12h 04m
10250,Main Story,PC,12h 05m
10250,Main Story,PC,12h 05m
10250,Main Story,PC,12h 05m
10250,Main Story,PC,12h 06m
10250,Main Story,PC,12h 06m
10250,Main Story,PC,12h 06m
10250,Main Story,PC,12h 06m
10250,Main Story,PC,12h 07m
10250,Main Story,PC,12h 07m
10250,Main Story,PC,12h 07m
10250,Main Story,PC,12h 08m
10250,Main Story,Xbox One,12h 09m
10250,Main Story,PC,12h 10m
10250,Main Story,PC,12h 10m
10250,Main Story,PC,12h 10m
10250,Main Story,PlayStation 3,12h 10m
10250,Main Story,PC,12h 10m
10250,Main Story,PC,12h 10m
10250,Main Story,PlayStation 4,12h 10m
10250,Main Story,PC,12h 10m
10250,Main Story,Xbox 360,12h 11m
10250,Main Story,PC,12h 11m
10250,Main Story,PC,12h 12m
10250,Main Story,PlayStation 4,12h 12m
10250,Main Story,PC,12h 12m
10250,Main Story,PC,12h 12m
10250,Main Story,PC,12h 13m
10250,Main Story,PC,12h 13m
10250,Main Story,PC,12h 13m
10250,Main Story,PC,12h 13m
10250,Main Story,PC,12h 14m
10250,Main Story,PC,12h 14m
10250,Main Story,PC,12h 15m
10250,Main Story,PlayStation 3,12h 15m
10250,Main Story,Xbox One,12h 15m
10250,Main Story,PC,12h 15m
10250,Main Story,PC,12h 15m
10250,Main Story,PC,12h 15m
10250,Main Story,PC,12h 15m
10250,Main Story,PC,12h 15m
10250,Main Story,PC,12h 15m
10250,Main Story,PC,12h 15m
10250,Main Story,PC,12h 15m
10250,Main Story,Xbox 360,12h 16m
10250,Main Story,PlayStation 3,12h 16m
10250,Main Story,Xbox 360,12h 17m
10250,Main Story,PC,12h 18m
10250,Main Story,PC,12h 18m
10250,Main Story,Xbox One,12h 18m
10250,Main Story,PC,12h 18m
10250,Main Story,PC,12h 19m
10250,Main Story,PC,12h 20m
10250,Main Story,PC,12h 20m
10250,Main Story,PC,12h 20m
10250,Main Story,PlayStation 3,12h 20m
10250,Main Story,PC,12h 20m
10250,Main Story,PC,12h 21m
10250,Main Story,PC,12h 22m
10250,Main Story,PC,12h 22m
10250,Main Story,PlayStation 3,12h 23m
10250,Main Story,PC,12h 24m
10250,Main Story,PlayStation 4,12h 25m
10250,Main Story,PC,12h 29m
10250,Main Story,PC,12h 29m
10250,Main Story,NA,12h 30m
10250,Main Story,Xbox 360,12h 30m
10250,Main Story,PC,12h 30m
10250,Main Story,PC,12h 30m
10250,Main Story,PlayStation 3,12h 30m
10250,Main Story,PC,12h 30m
10250,Main Story,PC,12h 30m
10250,Main Story,Xbox 360,12h 30m
10250,Main Story,PlayStation 4,12h 30m
10250,Main Story,Xbox 360,12h 30m
10250,Main Story,PC,12h 30m
10250,Main Story,PC,12h 30m
10250,Main Story,PlayStation Vita,12h 30m
10250,Main Story,PlayStation 3,12h 30m
10250,Main Story,Xbox 360,12h 30m
10250,Main Story,PC,12h 30m
10250,Main Story,PC,12h 30m
10250,Main Story,PlayStation 3,12h 30m
10250,Main Story,PC,12h 30m
10250,Main Story,PC,12h 30m
10250,Main Story,PC,12h 30m
10250,Main Story,PC,12h 30m
10250,Main Story,PC,12h 30m
10250,Main Story,PC,12h 30m
10250,Main Story,PC,12h 30m
10250,Main Story,PC,12h 30m
10250,Main Story,PC,12h 30m
10250,Main Story,PC,12h 30m
10250,Main Story,Xbox 360,12h 30m
10250,Main Story,PC,12h 30m
10250,Main Story,PC,12h 30m
10250,Main Story,PC,12h 30m
10250,Main Story,PC,12h 30m
10250,Main Story,Xbox 360,12h 30m
10250,Main Story,PC,12h 30m
10250,Main Story,PC,12h 30m
10250,Main Story,PC,12h 30m
10250,Main Story,PC,12h 30m
10250,Main Story,PC,12h 30m
10250,Main Story,PC,12h 30m
10250,Main Story,PlayStation Vita,12h 30m
10250,Main Story,PC,12h 30m
10250,Main Story,PC,12h 30m
10250,Main Story,PC,12h 30m
10250,Main Story,Xbox 360,12h 30m
10250,Main Story,Xbox 360,12h 30m
10250,Main Story,PC,12h 30m
10250,Main Story,PC,12h 30m
10250,Main Story,PlayStation Vita,12h 30m
10250,Main Story,PC,12h 30m
10250,Main Story,Xbox 360,12h 30m
10250,Main Story,PC,12h 30m
10250,Main Story,PlayStation 3,12h 30m
10250,Main Story,PC,12h 31m
10250,Main Story,PC,12h 31m
10250,Main Story,PC,12h 32m
10250,Main Story,PC,12h 32m
10250,Main Story,PC,12h 32m
10250,Main Story,PlayStation 3,12h 32m
10250,Main Story,PC,12h 33m
10250,Main Story,PlayStation 4,12h 34m
10250,Main Story,PC,12h 34m
10250,Main Story,PC,12h 35m
10250,Main Story,PC,12h 35m
10250,Main Story,PC,12h 36m
10250,Main Story,PC,12h 36m
10250,Main Story,PC,12h 40m
10250,Main Story,PC,12h 40m
10250,Main Story,PlayStation 3,12h 40m
10250,Main Story,PC,12h 40m
10250,Main Story,PC,12h 40m
10250,Main Story,PC,12h 41m
10250,Main Story,PC,12h 42m
10250,Main Story,PC,12h 42m
10250,Main Story,PC,12h 42m
10250,Main Story,PC,12h 42m
10250,Main Story,PlayStation 3,12h 43m
10250,Main Story,PC,12h 44m
10250,Main Story,PC,12h 44m
10250,Main Story,PC,12h 45m
10250,Main Story,PC,12h 45m
10250,Main Story,PC,12h 45m
10250,Main Story,PlayStation 3,12h 45m
10250,Main Story,PlayStation 3,12h 45m
10250,Main Story,PC,12h 46m
10250,Main Story,Xbox One,12h 47m
10250,Main Story,PlayStation 4,12h 47m
10250,Main Story,PC,12h 48m
10250,Main Story,PC,12h 48m
10250,Main Story,PC,12h 48m
10250,Main Story,PlayStation 3,12h 48m
10250,Main Story,PC,12h 49m
10250,Main Story,Android,12h 50m
10250,Main Story,PC,12h 50m
10250,Main Story,PC,12h 54m
10250,Main Story,Xbox 360,12h 54m
10250,Main Story,PC,12h 55m
10250,Main Story,PC,12h 55m
10250,Main Story,PlayStation 3,12h 59m
10250,Main Story,PC,12h 59m
10250,Main Story,PC,13h
10250,Main Story,NA,13h
10250,Main Story,PC,13h
10250,Main Story,NA,13h
10250,Main Story,PC,13h
10250,Main Story,PC,13h
10250,Main Story,PC,13h
10250,Main Story,PC,13h
10250,Main Story,PC,13h
10250,Main Story,PlayStation 4,13h
10250,Main Story,PC,13h
10250,Main Story,PC,13h
10250,Main Story,PC,13h
10250,Main Story,PC,13h
10250,Main Story,PC,13h
10250,Main Story,PC,13h
10250,Main Story,PC,13h
10250,Main Story,PC,13h
10250,Main Story,PC,13h
10250,Main Story,PC,13h
10250,Main Story,PC,13h
10250,Main Story,PC,13h
10250,Main Story,PC,13h
10250,Main Story,PC,13h
10250,Main Story,PC,13h
10250,Main Story,PC,13h
10250,Main Story,PlayStation 4,13h
10250,Main Story,PC,13h
10250,Main Story,PC,13h
10250,Main Story,PC,13h
10250,Main Story,PlayStation 3,13h
10250,Main Story,PC,13h
10250,Main Story,PC,13h
10250,Main Story,PC,13h
10250,Main Story,Xbox One,13h
10250,Main Story,PC,13h
10250,Main Story,PC,13h
10250,Main Story,PC,13h
10250,Main Story,PC,13h
10250,Main Story,PC,13h
10250,Main Story,PC,13h
10250,Main Story,PC,13h
10250,Main Story,PC,13h
10250,Main Story,PlayStation 3,13h
10250,Main Story,PC,13h
10250,Main Story,PC,13h
10250,Main Story,PC,13h
10250,Main Story,PC,13h
10250,Main Story,PlayStation 3,13h
10250,Main Story,PC,13h
10250,Main Story,PC,13h
10250,Main Story,PlayStation 4,13h
10250,Main Story,PC,13h
10250,Main Story,PC,13h
10250,Main Story,PC,13h
10250,Main Story,NA,13h
10250,Main Story,PlayStation 3,13h
10250,Main Story,PC,13h
10250,Main Story,PC,13h
10250,Main Story,PC,13h
10250,Main Story,PC,13h
10250,Main Story,PlayStation 3,13h
10250,Main Story,PC,13h
10250,Main Story,PC,13h
10250,Main Story,PC,13h
10250,Main Story,PlayStation 4,13h
10250,Main Story,PC,13h
10250,Main Story,PlayStation Vita,13h
10250,Main Story,PC,13h
10250,Main Story,PC,13h
10250,Main Story,Xbox 360,13h
10250,Main Story,PC,13h
10250,Main Story,PC,13h
10250,Main Story,PC,13h
10250,Main Story,PC,13h
10250,Main Story,PlayStation 4,13h
10250,Main Story,PC,13h
10250,Main Story,PC,13h
10250,Main Story,Xbox 360,13h
10250,Main Story,PC,13h
10250,Main Story,PlayStation 3,13h
10250,Main Story,NA,13h
10250,Main Story,PC,13h
10250,Main Story,PC,13h
10250,Main Story,PC,13h
10250,Main Story,iOS,13h
10250,Main Story,PC,13h
10250,Main Story,PC,13h
10250,Main Story,PC,13h
10250,Main Story,PC,13h
10250,Main Story,PC,13h
10250,Main Story,PlayStation Vita,13h
10250,Main Story,PC,13h
10250,Main Story,PC,13h
10250,Main Story,Xbox 360,13h
10250,Main Story,PC,13h
10250,Main Story,PC,13h
10250,Main Story,PC,13h
10250,Main Story,PC,13h
10250,Main Story,PC,13h
10250,Main Story,PC,13h
10250,Main Story,PC,13h
10250,Main Story,PC,13h
10250,Main Story,PlayStation Vita,13h
10250,Main Story,PC,13h
10250,Main Story,iOS,13h
10250,Main Story,PC,13h
10250,Main Story,PC,13h
10250,Main Story,PC,13h
10250,Main Story,PC,13h
10250,Main Story,PC,13h
10250,Main Story,PC,13h
10250,Main Story,PC,13h
10250,Main Story,PlayStation 3,13h
10250,Main Story,Xbox One,13h
10250,Main Story,PC,13h
10250,Main Story,PC,13h
10250,Main Story,PC,13h
10250,Main Story,PC,13h
10250,Main Story,PC,13h
10250,Main Story,PlayStation 3,13h
10250,Main Story,PC,13h
10250,Main Story,PC,13h
10250,Main Story,Xbox One,13h
10250,Main Story,PC,13h
10250,Main Story,PC,13h
10250,Main Story,PC,13h
10250,Main Story,PC,13h
10250,Main Story,PC,13h
10250,Main Story,PC,13h
10250,Main Story,PC,13h
10250,Main Story,PlayStation Vita,13h
10250,Main Story,PC,13h
10250,Main Story,PC,13h
10250,Main Story,PC,13h
10250,Main Story,Mac,13h
10250,Main Story,PC,13h
10250,Main Story,PlayStation 4,13h
10250,Main Story,PC,13h
10250,Main Story,PC,13h
10250,Main Story,PlayStation 3,13h
10250,Main Story,PC,13h
10250,Main Story,PlayStation 3,13h
10250,Main Story,PC,13h
10250,Main Story,PC,13h
10250,Main Story,PC,13h
10250,Main Story,NA,13h
10250,Main Story,PC,13h
10250,Main Story,PlayStation 4,13h
10250,Main Story,PC,13h 02m
10250,Main Story,PlayStation Vita,13h 02m
10250,Main Story,PC,13h 03m
10250,Main Story,PC,13h 03m
10250,Main Story,Xbox 360,13h 03m
10250,Main Story,PlayStation Vita,13h 05m
10250,Main Story,PC,13h 05m
10250,Main Story,PC,13h 06m
10250,Main Story,PC,13h 06m
10250,Main Story,PC,13h 08m
10250,Main Story,PC,13h 09m
10250,Main Story,PC,13h 09m
10250,Main Story,PC,13h 10m
10250,Main Story,PC,13h 12m
10250,Main Story,PC,13h 12m
10250,Main Story,PlayStation 3,13h 12m
10250,Main Story,PC,13h 12m
10250,Main Story,PC,13h 12m
10250,Main Story,PC,13h 12m
10250,Main Story,PC,13h 13m
10250,Main Story,PlayStation 3,13h 14m
10250,Main Story,PlayStation 3,13h 15m
10250,Main Story,Mac,13h 15m
10250,Main Story,PC,13h 15m
10250,Main Story,PC,13h 15m
10250,Main Story,PC,13h 17m
10250,Main Story,PC,13h 18m
10250,Main Story,PC,13h 18m
10250,Main Story,PC,13h 20m
10250,Main Story,PC,13h 20m
10250,Main Story,PC,13h 21m
10250,Main Story,PC,13h 26m
10250,Main Story,PC,13h 27m
10250,Main Story,PC,13h 30m
10250,Main Story,PC,13h 30m
10250,Main Story,PC,13h 30m
10250,Main Story,Xbox 360,13h 30m
10250,Main Story,PC,13h 30m
10250,Main Story,PC,13h 30m
10250,Main Story,PC,13h 30m
10250,Main Story,PC,13h 30m
10250,Main Story,PC,13h 30m
10250,Main Story,PC,13h 32m
10250,Main Story,PC,13h 34m
10250,Main Story,PC,13h 36m
10250,Main Story,PC,13h 36m
10250,Main Story,PC,13h 36m
10250,Main Story,PC,13h 38m
10250,Main Story,PC,13h 40m
10250,Main Story,PC,13h 40m
10250,Main Story,PC,13h 40m
10250,Main Story,PC,13h 40m
10250,Main Story,PC,13h 41m
10250,Main Story,PC,13h 45m
10250,Main Story,PC,13h 45m
10250,Main Story,PC,13h 45m
10250,Main Story,Xbox 360,13h 45m
10250,Main Story,PC,13h 45m
10250,Main Story,PlayStation 4,13h 45m
10250,Main Story,PC,13h 46m
10250,Main Story,PC,13h 48m
10250,Main Story,PC,13h 50m
10250,Main Story,Xbox 360,13h 50m
10250,Main Story,PC,13h 50m
10250,Main Story,PC,13h 54m
10250,Main Story,PC,13h 54m
10250,Main Story,PC,13h 54m
10250,Main Story,Xbox One,13h 56m
10250,Main Story,PC,14h
10250,Main Story,PC,14h
10250,Main Story,PC,14h
10250,Main Story,PC,14h
10250,Main Story,PC,14h
10250,Main Story,PC,14h
10250,Main Story,PC,14h
10250,Main Story,PC,14h
10250,Main Story,PC,14h
10250,Main Story,PC,14h
10250,Main Story,PC,14h
10250,Main Story,PC,14h
10250,Main Story,PC,14h
10250,Main Story,PC,14h
10250,Main Story,Xbox One,14h
10250,Main Story,PC,14h
10250,Main Story,PC,14h
10250,Main Story,PlayStation 3,14h
10250,Main Story,PC,14h
10250,Main Story,PlayStation 3,14h
10250,Main Story,PC,14h
10250,Main Story,PC,14h
10250,Main Story,PC,14h
10250,Main Story,PC,14h
10250,Main Story,PlayStation 3,14h
10250,Main Story,PC,14h
10250,Main Story,PC,14h
10250,Main Story,PC,14h
10250,Main Story,PC,14h
10250,Main Story,PC,14h
10250,Main Story,PC,14h
10250,Main Story,PC,14h
10250,Main Story,PC,14h
10250,Main Story,PC,14h
10250,Main Story,PC,14h
10250,Main Story,PC,14h
10250,Main Story,PC,14h
10250,Main Story,PC,14h
10250,Main Story,PC,14h
10250,Main Story,PC,14h
10250,Main Story,PC,14h
10250,Main Story,PC,14h
10250,Main Story,PC,14h
10250,Main Story,PC,14h
10250,Main Story,PC,14h
10250,Main Story,PlayStation 3,14h
10250,Main Story,PC,14h
10250,Main Story,PC,14h
10250,Main Story,PC,14h
10250,Main Story,PC,14h
10250,Main Story,PC,14h
10250,Main Story,PC,14h
10250,Main Story,PC,14h
10250,Main Story,PlayStation 3,14h
10250,Main Story,Xbox 360,14h
10250,Main Story,PC,14h
10250,Main Story,PlayStation 3,14h
10250,Main Story,PC,14h
10250,Main Story,PC,14h
10250,Main Story,PC,14h
10250,Main Story,PC,14h
10250,Main Story,PC,14h
10250,Main Story,PC,14h
10250,Main Story,PlayStation 3,14h
10250,Main Story,PC,14h
10250,Main Story,Xbox 360,14h
10250,Main Story,PC,14h
10250,Main Story,PC,14h
10250,Main Story,PC,14h
10250,Main Story,PC,14h
10250,Main Story,PC,14h
10250,Main Story,Xbox 360,14h
10250,Main Story,Xbox 360,14h
10250,Main Story,PC,14h
10250,Main Story,PC,14h
10250,Main Story,PC,14h
10250,Main Story,PC,14h 02m
10250,Main Story,PC,14h 06m
10250,Main Story,PC,14h 18m
10250,Main Story,PC,14h 20m
10250,Main Story,PC,14h 20m
10250,Main Story,PC,14h 20m
10250,Main Story,PlayStation 3,14h 20m
10250,Main Story,PC,14h 21m
10250,Main Story,PC,14h 22m
10250,Main Story,PC,14h 23m
10250,Main Story,PlayStation 3,14h 23m
10250,Main Story,PC,14h 24m
10250,Main Story,PC,14h 30m
10250,Main Story,PC,14h 30m
10250,Main Story,PC,14h 30m
10250,Main Story,PC,14h 30m
10250,Main Story,PC,14h 30m
10250,Main Story,PC,14h 30m
10250,Main Story,PC,14h 30m
10250,Main Story,PC,14h 30m
10250,Main Story,PC,14h 30m
10250,Main Story,PC,14h 50m
10250,Main Story,PC,14h 51m
10250,Main Story,PC,14h 53m
10250,Main Story,PC,14h 54m
10250,Main Story,PC,14h 54m
10250,Main Story,PC,14h 54m
10250,Main Story,PC,15h
10250,Main Story,PC,15h
10250,Main Story,PlayStation 3,15h
10250,Main Story,PC,15h
10250,Main Story,PlayStation Vita,15h
10250,Main Story,PC,15h
10250,Main Story,PC,15h
10250,Main Story,PC,15h
10250,Main Story,PC,15h
10250,Main Story,PlayStation 3,15h
10250,Main Story,PC,15h
10250,Main Story,PC,15h
10250,Main Story,PC,15h
10250,Main Story,PC,15h
10250,Main Story,PC,15h
10250,Main Story,PC,15h
10250,Main Story,PC,15h
10250,Main Story,PC,15h
10250,Main Story,NA,15h
10250,Main Story,PC,15h
10250,Main Story,PlayStation 3,15h
10250,Main Story,PC,15h
10250,Main Story,PC,15h
10250,Main Story,PC,15h
10250,Main Story,PC,15h
10250,Main Story,iOS,15h
10250,Main Story,PlayStation 3,15h
10250,Main Story,PlayStation 3,15h
10250,Main Story,PC,15h
10250,Main Story,Xbox One,15h
10250,Main Story,PC,15h
10250,Main Story,PC,15h
10250,Main Story,PC,15h
10250,Main Story,PC,15h
10250,Main Story,PC,15h
10250,Main Story,PC,15h
10250,Main Story,PC,15h
10250,Main Story,PC,15h
10250,Main Story,Xbox 360,15h
10250,Main Story,PC,15h
10250,Main Story,Xbox 360,15h
10250,Main Story,PC,15h
10250,Main Story,Mac,15h
10250,Main Story,PC,15h
10250,Main Story,PC,15h
10250,Main Story,PC,15h
10250,Main Story,PC,15h
10250,Main Story,PC,15h
10250,Main Story,PC,15h
10250,Main Story,PC,15h
10250,Main Story,PC,15h
10250,Main Story,PC,15h
10250,Main Story,PC,15h
10250,Main Story,Xbox One,15h 04m
10250,Main Story,PC,15h 05m
10250,Main Story,PC,15h 07m
10250,Main Story,PC,15h 10m
10250,Main Story,PC,15h 11m
10250,Main Story,PC,15h 12m
10250,Main Story,PC,15h 15m
10250,Main Story,PC,15h 19m
10250,Main Story,PC,15h 20m
10250,Main Story,PC,15h 24m
10250,Main Story,PC,15h 29m
10250,Main Story,PC,15h 30m
10250,Main Story,PC,15h 30m
10250,Main Story,PC,15h 30m
10250,Main Story,PC,15h 35m
10250,Main Story,PC,15h 35m
10250,Main Story,PC,15h 36m
10250,Main Story,PC,15h 41m
10250,Main Story,PC,15h 42m
10250,Main Story,PC,15h 42m
10250,Main Story,PC,15h 45m
10250,Main Story,PC,15h 50m
10250,Main Story,Xbox One,15h 50m
10250,Main Story,PC,16h
10250,Main Story,PC,16h
10250,Main Story,PC,16h
10250,Main Story,PC,16h
10250,Main Story,PC,16h
10250,Main Story,PC,16h
10250,Main Story,PC,16h
10250,Main Story,PC,16h
10250,Main Story,PC,16h
10250,Main Story,PC,16h
10250,Main Story,PC,16h
10250,Main Story,PC,16h
10250,Main Story,PC,16h
10250,Main Story,PC,16h
10250,Main Story,PC,16h
10250,Main Story,PC,16h
10250,Main Story,PC,16h
10250,Main Story,PC,16h
10250,Main Story,PC,16h
10250,Main Story,PC,16h
10250,Main Story,PC,16h
10250,Main Story,PC,16h
10250,Main Story,PC,16h
10250,Main Story,PC,16h
10250,Main Story,PC,16h
10250,Main Story,PC,16h
10250,Main Story,PC,16h
10250,Main Story,PC,16h
10250,Main Story,PC,16h
10250,Main Story,PC,16h 01m
10250,Main Story,PC,16h 06m
10250,Main Story,PC,16h 06m
10250,Main Story,PC,16h 12m
10250,Main Story,PC,16h 15m
10250,Main Story,PC,16h 30m
10250,Main Story,PC,16h 30m
10250,Main Story,PC,16h 43m
10250,Main Story,PC,16h 55m
10250,Main Story,PC,17h
10250,Main Story,PC,17h
10250,Main Story,PC,17h
10250,Main Story,PC,17h
10250,Main Story,PC,17h
10250,Main Story,PC,17h
10250,Main Story,PC,17h
10250,Main Story,PC,17h
10250,Main Story,PC,17h
10250,Main Story,Xbox 360,17h
10250,Main Story,PC,17h
10250,Main Story,Xbox One,17h 03m
10250,Main Story,PC,17h 25m
10250,Main Story,PC,17h 26m
10250,Main Story,PC,17h 29m
10250,Main Story,PC,17h 41m
10250,Main Story,PC,18h
10250,Main Story,Xbox One,18h
10250,Main Story,PC,18h
10250,Main Story,PC,18h
10250,Main Story,Xbox One,18h
10250,Main Story,PC,18h 09m
10250,Main Story,Xbox One,18h 54m
10250,Main Story,PC,19h
10250,Main Story,PC,19h
10250,Main Story,PC,19h 40m
10250,Main Story,PC,20h
10250,Main Story,PC,20h
10250,Main Story,PC,20h
10250,Main Story,PC,20h
10250,Main Story,PC,21h
10250,Main Story,PC,21h
10250,Main Story,PC,21h
10250,Main Story,PC,21h
10250,Main Story,PC,21h
10250,Main Story,PlayStation Vita,21h 47m
10250,Main Story,Xbox 360,22h
10250,Main Story,PC,22h
10250,Main Story,PC,23h
10250,Main Story,Xbox One,23h 11m
10250,Main Story,PC,24h
10250,Main Story,PC,24h
10250,Main Story,PC,24h
10250,Main Story,Xbox 360,24h 40m
10250,Main Story,PC,25h
10250,Main Story,PC,25h
10250,Main Story,PC,25h 30m
10250,Main Story,PC,26h
10250,Main + Extras,PlayStation 3,6h
10250,Main + Extras,PC,6h
10250,Main + Extras,PlayStation 4,6h 35m
10250,Main + Extras,PC,7h 20m
10250,Main + Extras,PC,8h
10250,Main + Extras,NA,8h 30m
10250,Main + Extras,PlayStation 4,10h
10250,Main + Extras,Xbox 360,10h
10250,Main + Extras,PC,10h
10250,Main + Extras,iOS,10h
10250,Main + Extras,PC,10h 01m
10250,Main + Extras,PC,10h 12m
10250,Main + Extras,PC,10h 15m
10250,Main + Extras,PC,10h 30m
10250,Main + Extras,PC,11h
10250,Main + Extras,PC,11h
10250,Main + Extras,PC,11h
10250,Main + Extras,PC,11h
10250,Main + Extras,PC,11h
10250,Main + Extras,PC,11h
10250,Main + Extras,PC,11h
10250,Main + Extras,PlayStation 3,11h
10250,Main + Extras,PC,11h
10250,Main + Extras,PC,11h
10250,Main + Extras,PC,11h 01m
10250,Main + Extras,PC,11h 07m
10250,Main + Extras,PC,11h 09m
10250,Main + Extras,PC,11h 13m
10250,Main + Extras,PC,11h 15m
10250,Main + Extras,PC,11h 15m
10250,Main + Extras,PC,11h 15m
10250,Main + Extras,PC,11h 26m
10250,Main + Extras,PC,11h 30m
10250,Main + Extras,PlayStation 3,11h 30m
10250,Main + Extras,PC,11h 30m
10250,Main + Extras,PC,11h 30m
10250,Main + Extras,PC,11h 32m
10250,Main + Extras,PC,11h 37m
10250,Main + Extras,PC,11h 45m
10250,Main + Extras,PC,11h 48m
10250,Main + Extras,PC,11h 48m
10250,Main + Extras,PC,11h 54m
10250,Main + Extras,PC,12h
10250,Main + Extras,PC,12h
10250,Main + Extras,PC,12h
10250,Main + Extras,PC,12h
10250,Main + Extras,PC,12h
10250,Main + Extras,PC,12h
10250,Main + Extras,PC,12h
10250,Main + Extras,PC,12h
10250,Main + Extras,PC,12h
10250,Main + Extras,Xbox 360,12h
10250,Main + Extras,PC,12h
10250,Main + Extras,PC,12h
10250,Main + Extras,PC,12h
10250,Main + Extras,PC,12h
10250,Main + Extras,PC,12h
10250,Main + Extras,PC,12h
10250,Main + Extras,PC,12h
10250,Main + Extras,NA,12h
10250,Main + Extras,PC,12h
10250,Main + Extras,PC,12h
10250,Main + Extras,PC,12h
10250,Main + Extras,Xbox 360,12h
10250,Main + Extras,PC,12h
10250,Main + Extras,PC,12h
10250,Main + Extras,PC,12h
10250,Main + Extras,PlayStation Vita,12h
10250,Main + Extras,NA,12h
10250,Main + Extras,PC,12h 01m
10250,Main + Extras,NA,12h 01m
10250,Main + Extras,PlayStation 4,12h 01m
10250,Main + Extras,PC,12h 02m
10250,Main + Extras,PC,12h 02m
10250,Main + Extras,PlayStation Vita,12h 04m
10250,Main + Extras,PC,12h 05m
10250,Main + Extras,PC,12h 06m
10250,Main + Extras,Xbox One,12h 06m
10250,Main + Extras,PC,12h 06m
10250,Main + Extras,PC,12h 08m
10250,Main + Extras,PlayStation 4,12h 12m
10250,Main + Extras,PC,12h 12m
10250,Main + Extras,Mac,12h 18m
10250,Main + Extras,PC,12h 20m
10250,Main + Extras,PlayStation 3,12h 23m
10250,Main + Extras,PC,12h 25m
10250,Main + Extras,PC,12h 28m
10250,Main + Extras,PlayStation 4,12h 29m
10250,Main + Extras,PlayStation Vita,12h 30m
10250,Main + Extras,PlayStation 3,12h 30m
10250,Main + Extras,iOS,12h 30m
10250,Main + Extras,PlayStation 3,12h 30m
10250,Main + Extras,PC,12h 30m
10250,Main + Extras,PlayStation 3,12h 30m
10250,Main + Extras,PlayStation 3,12h 30m
10250,Main + Extras,PC,12h 30m
10250,Main + Extras,PC,12h 30m
10250,Main + Extras,PC,12h 30m
10250,Main + Extras,PC,12h 30m
10250,Main + Extras,PC,12h 30m
10250,Main + Extras,PC,12h 30m
10250,Main + Extras,PC,12h 36m
10250,Main + Extras,PC,12h 37m
10250,Main + Extras,PC,12h 38m
10250,Main + Extras,Xbox 360,12h 40m
10250,Main + Extras,PlayStation 3,12h 45m
10250,Main + Extras,PC,12h 45m
10250,Main + Extras,PC,12h 45m
10250,Main + Extras,PlayStation 4,12h 45m
10250,Main + Extras,PC,12h 47m
10250,Main + Extras,PlayStation 4,12h 48m
10250,Main + Extras,PC,12h 50m
10250,Main + Extras,PC,12h 50m
10250,Main + Extras,PC,12h 54m
10250,Main + Extras,PC,12h 55m
10250,Main + Extras,Xbox 360,12h 55m
10250,Main + Extras,PC,13h
10250,Main + Extras,PC,13h
10250,Main + Extras,PC,13h
10250,Main + Extras,PC,13h
10250,Main + Extras,PC,13h
10250,Main + Extras,PC,13h
10250,Main + Extras,PlayStation 3,13h
10250,Main + Extras,PC,13h
10250,Main + Extras,PC,13h
10250,Main + Extras,Xbox 360,13h
10250,Main + Extras,PC,13h
10250,Main + Extras,PC,13h
10250,Main + Extras,PC,13h
10250,Main + Extras,PC,13h
10250,Main + Extras,PC,13h
10250,Main + Extras,Xbox 360,13h
10250,Main + Extras,PC,13h
10250,Main + Extras,PC,13h
10250,Main + Extras,PC,13h
10250,Main + Extras,PC,13h
10250,Main + Extras,PC,13h
10250,Main + Extras,PC,13h
10250,Main + Extras,PC,13h
10250,Main + Extras,NA,13h
10250,Main + Extras,PlayStation 4,13h
10250,Main + Extras,PlayStation 3,13h
10250,Main + Extras,PC,13h
10250,Main + Extras,PC,13h
10250,Main + Extras,PC,13h
10250,Main + Extras,PC,13h
10250,Main + Extras,PC,13h
10250,Main + Extras,PC,13h
10250,Main + Extras,PC,13h
10250,Main + Extras,PlayStation 4,13h
10250,Main + Extras,PC,13h
10250,Main + Extras,PC,13h
10250,Main + Extras,PC,13h
10250,Main + Extras,PC,13h
10250,Main + Extras,Xbox One,13h
10250,Main + Extras,Xbox 360,13h
10250,Main + Extras,PC,13h
10250,Main + Extras,PlayStation 4,13h
10250,Main + Extras,Xbox 360,13h
10250,Main + Extras,PC,13h
10250,Main + Extras,PC,13h
10250,Main + Extras,Mac,13h
10250,Main + Extras,PC,13h
10250,Main + Extras,PC,13h
10250,Main + Extras,PC,13h
10250,Main + Extras,Xbox One,13h
10250,Main + Extras,PC,13h
10250,Main + Extras,Xbox 360,13h
10250,Main + Extras,Xbox 360,13h
10250,Main + Extras,PlayStation Vita,13h
10250,Main + Extras,PC,13h
10250,Main + Extras,PlayStation 4,13h
10250,Main + Extras,PC,13h
10250,Main + Extras,PC,13h
10250,Main + Extras,PC,13h
10250,Main + Extras,PC,13h
10250,Main + Extras,PC,13h
10250,Main + Extras,Mac,13h 01m
10250,Main + Extras,PlayStation 4,13h 01m
10250,Main + Extras,PlayStation 4,13h 02m
10250,Main + Extras,PlayStation 3,13h 05m
10250,Main + Extras,PC,13h 05m
10250,Main + Extras,PC,13h 05m
10250,Main + Extras,Xbox One,13h 08m
10250,Main + Extras,PC,13h 08m
10250,Main + Extras,PC,13h 10m
10250,Main + Extras,PlayStation Vita,13h 10m
10250,Main + Extras,PC,13h 12m
10250,Main + Extras,PC,13h 12m
10250,Main + Extras,PC,13h 12m
10250,Main + Extras,PC,13h 12m
10250,Main + Extras,PlayStation Vita,13h 15m
10250,Main + Extras,PlayStation 4,13h 16m
10250,Main + Extras,Xbox 360,13h 17m
10250,Main + Extras,PC,13h 18m
10250,Main + Extras,PC,13h 20m
10250,Main + Extras,PlayStation 3,13h 21m
10250,Main + Extras,PlayStation 3,13h 22m
10250,Main + Extras,PlayStation 4,13h 23m
10250,Main + Extras,Xbox 360,13h 26m
10250,Main + Extras,PC,13h 30m
10250,Main + Extras,PC,13h 30m
10250,Main + Extras,PC,13h 30m
10250,Main + Extras,PC,13h 30m
10250,Main + Extras,PC,13h 30m
10250,Main + Extras,Xbox 360,13h 30m
10250,Main + Extras,PC,13h 30m
10250,Main + Extras,PC,13h 30m
10250,Main + Extras,PC,13h 30m
10250,Main + Extras,PC,13h 30m
10250,Main + Extras,PC,13h 30m
10250,Main + Extras,PC,13h 33m
10250,Main + Extras,Xbox 360,13h 35m
10250,Main + Extras,PC,13h 36m
10250,Main + Extras,PC,13h 36m
10250,Main + Extras,PC,13h 41m
10250,Main + Extras,PC,13h 42m
10250,Main + Extras,PC,13h 42m
10250,Main + Extras,PC,13h 42m
10250,Main + Extras,PC,13h 42m
10250,Main + Extras,PC,13h 48m
10250,Main + Extras,PC,13h 50m
10250,Main + Extras,Xbox 360,13h 50m
10250,Main + Extras,PC,13h 50m
10250,Main + Extras,PC,13h 50m
10250,Main + Extras,PC,13h 52m
10250,Main + Extras,PC,13h 58m
10250,Main + Extras,PC,14h
10250,Main + Extras,PC,14h
10250,Main + Extras,PC,14h
10250,Main + Extras,PC,14h
10250,Main + Extras,PC,14h
10250,Main + Extras,PC,14h
10250,Main + Extras,PlayStation 3,14h
10250,Main + Extras,PC,14h
10250,Main + Extras,PC,14h
10250,Main + Extras,Xbox One,14h
10250,Main + Extras,PC,14h
10250,Main + Extras,PlayStation 4,14h
10250,Main + Extras,PC,14h
10250,Main + Extras,PC,14h
10250,Main + Extras,PC,14h
10250,Main + Extras,PC,14h
10250,Main + Extras,PC,14h
10250,Main + Extras,PC,14h
10250,Main + Extras,PC,14h
10250,Main + Extras,PC,14h
10250,Main + Extras,PC,14h
10250,Main + Extras,PC,14h
10250,Main + Extras,PC,14h
10250,Main + Extras,PC,14h
10250,Main + Extras,PC,14h
10250,Main + Extras,PC,14h
10250,Main + Extras,PC,14h
10250,Main + Extras,PC,14h
10250,Main + Extras,Mac,14h
10250,Main + Extras,PC,14h
10250,Main + Extras,PC,14h
10250,Main + Extras,PC,14h
10250,Main + Extras,Xbox 360,14h
10250,Main + Extras,PC,14h
10250,Main + Extras,PC,14h
10250,Main + Extras,PC,14h
10250,Main + Extras,PC,14h
10250,Main + Extras,Xbox 360,14h
10250,Main + Extras,PC,14h
10250,Main + Extras,PC,14h
10250,Main + Extras,PC,14h
10250,Main + Extras,PC,14h
10250,Main + Extras,PC,14h
10250,Main + Extras,PC,14h
10250,Main + Extras,PC,14h
10250,Main + Extras,PC,14h
10250,Main + Extras,Mac,14h
10250,Main + Extras,PC,14h 02m
10250,Main + Extras,PC,14h 05m
10250,Main + Extras,PC,14h 06m
10250,Main + Extras,PC,14h 08m
10250,Main + Extras,Xbox 360,14h 10m
10250,Main + Extras,PC,14h 12m
10250,Main + Extras,PC,14h 15m
10250,Main + Extras,PlayStation 3,14h 20m
10250,Main + Extras,PC,14h 20m
10250,Main + Extras,PC,14h 25m
10250,Main + Extras,PC,14h 30m
10250,Main + Extras,PC,14h 40m
10250,Main + Extras,PC,14h 42m
10250,Main + Extras,Xbox One,14h 50m
10250,Main + Extras,PlayStation Vita,14h 57m
10250,Main + Extras,NA,15h
10250,Main + Extras,PC,15h
10250,Main + Extras,PC,15h
10250,Main + Extras,PC,15h
10250,Main + Extras,PC,15h
10250,Main + Extras,Xbox One,15h
10250,Main + Extras,PC,15h
10250,Main + Extras,PC,15h
10250,Main + Extras,PC,15h
10250,Main + Extras,PC,15h
10250,Main + Extras,PC,15h
10250,Main + Extras,PC,15h
10250,Main + Extras,PC,15h
10250,Main + Extras,Xbox One,15h
10250,Main + Extras,PC,15h
10250,Main + Extras,PC,15h
10250,Main + Extras,PC,15h
10250,Main + Extras,PC,15h
10250,Main + Extras,PC,15h
10250,Main + Extras,PC,15h
10250,Main + Extras,PC,15h
10250,Main + Extras,PC,15h
10250,Main + Extras,Xbox 360,15h
10250,Main + Extras,PC,15h
10250,Main + Extras,PC,15h
10250,Main + Extras,PC,15h
10250,Main + Extras,PC,15h
10250,Main + Extras,PC,15h
10250,Main + Extras,PC,15h
10250,Main + Extras,PC,15h
10250,Main + Extras,PC,15h
10250,Main + Extras,PC,15h
10250,Main + Extras,PC,15h
10250,Main + Extras,PC,15h
10250,Main + Extras,Xbox 360,15h
10250,Main + Extras,PC,15h
10250,Main + Extras,PC,15h
10250,Main + Extras,PC,15h
10250,Main + Extras,PC,15h 01m
10250,Main + Extras,Xbox One,15h 07m
10250,Main + Extras,PC,15h 18m
10250,Main + Extras,Xbox One,15h 20m
10250,Main + Extras,PC,15h 25m
10250,Main + Extras,PC,15h 30m
10250,Main + Extras,PC,15h 30m
10250,Main + Extras,PC,15h 30m
10250,Main + Extras,PC,15h 40m
10250,Main + Extras,Xbox One,15h 51m
10250,Main + Extras,PC,16h
10250,Main + Extras,Mac,16h
10250,Main + Extras,PC,16h
10250,Main + Extras,PC,16h
10250,Main + Extras,PC,16h
10250,Main + Extras,Xbox One,16h
10250,Main + Extras,PC,16h
10250,Main + Extras,Xbox 360,16h
10250,Main + Extras,Android,16h
10250,Main + Extras,PC,16h
10250,Main + Extras,PC,16h
10250,Main + Extras,PC,16h
10250,Main + Extras,PC,16h
10250,Main + Extras,PC,16h
10250,Main + Extras,PC,16h
10250,Main + Extras,Xbox One,16h
10250,Main + Extras,PC,16h
10250,Main + Extras,PC,16h
10250,Main + Extras,PC,16h
10250,Main + Extras,PlayStation 3,16h
10250,Main + Extras,PC,16h
10250,Main + Extras,PC,16h
10250,Main + Extras,PC,16h
10250,Main + Extras,PC,16h
10250,Main + Extras,PC,16h 10m
10250,Main + Extras,PC,16h 12m
10250,Main + Extras,PC,16h 21m
10250,Main + Extras,PC,16h 21m
10250,Main + Extras,PC,16h 24m
10250,Main + Extras,PC,16h 34m
10250,Main + Extras,PC,16h 35m
10250,Main + Extras,PC,16h 50m
10250,Main + Extras,PlayStation Vita,17h
10250,Main + Extras,Xbox One,17h
10250,Main + Extras,PC,17h
10250,Main + Extras,PC,17h
10250,Main + Extras,PC,17h
10250,Main + Extras,PC,17h
10250,Main + Extras,Xbox 360,17h
10250,Main + Extras,Mac,17h
10250,Main + Extras,PC,17h
10250,Main + Extras,PC,17h
10250,Main + Extras,PC,17h 02m
10250,Main + Extras,PC,17h 20m
10250,Main + Extras,PC,17h 28m
10250,Main + Extras,PC,17h 30m
10250,Main + Extras,PC,17h 55m
10250,Main + Extras,Xbox One,18h
10250,Main + Extras,PC,18h
10250,Main + Extras,PC,18h
10250,Main + Extras,Xbox One,18h
10250,Main + Extras,PC,18h
10250,Main + Extras,PC,18h
10250,Main + Extras,PC,18h
10250,Main + Extras,PlayStation 3,18h
10250,Main + Extras,PC,18h 48m
10250,Main + Extras,PC,19h
10250,Main + Extras,PC,19h
10250,Main + Extras,PC,19h
10250,Main + Extras,PC,19h 23m
10250,Main + Extras,Xbox One,20h
10250,Main + Extras,PC,20h
10250,Main + Extras,PC,20h
10250,Main + Extras,PC,20h
10250,Main + Extras,PC,20h
10250,Main + Extras,Xbox One,20h 21m
10250,Main + Extras,Xbox One,20h 45m
10250,Main + Extras,PC,21h
10250,Main + Extras,PC,21h
10250,Main + Extras,PC,21h
10250,Main + Extras,PC,21h
10250,Main + Extras,PC,22h
10250,Main + Extras,PC,22h
10250,Main + Extras,PC,22h
10250,Main + Extras,Xbox One,22h 23m
10250,Main + Extras,PC,25h
10250,Main + Extras,PC,27h 27m
10250,Completionists,PC,7h
10250,Completionists,PC,7h
10250,Completionists,PlayStation 3,7h
10250,Completionists,PlayStation 4,7h 20m
10250,Completionists,PC,8h
10250,Completionists,PlayStation Vita,8h
10250,Completionists,PC,8h 01m
10250,Completionists,PC,8h 12m
10250,Completionists,PC,9h
10250,Completionists,PC,9h 22m
10250,Completionists,NA,9h 30m
10250,Completionists,PlayStation 4,9h 40m
10250,Completionists,PC,9h 42m
10250,Completionists,PlayStation Vita,10h
10250,Completionists,PC,10h
10250,Completionists,PC,10h
10250,Completionists,PC,10h
10250,Completionists,PlayStation 4,10h
10250,Completionists,PlayStation Vita,10h
10250,Completionists,PlayStation 3,10h
10250,Completionists,Xbox 360,10h
10250,Completionists,PC,10h
10250,Completionists,Xbox 360,10h
10250,Completionists,PlayStation 3,10h
10250,Completionists,Xbox 360,10h
10250,Completionists,PC,10h
10250,Completionists,Xbox 360,10h
10250,Completionists,PC,10h
10250,Completionists,iOS,10h
10250,Completionists,PC,10h 01m
10250,Completionists,NA,10h 04m
10250,Completionists,Xbox 360,10h 05m
10250,Completionists,Xbox One,10h 05m
10250,Completionists,Xbox 360,10h 12m
10250,Completionists,PC,10h 13m
10250,Completionists,PlayStation 3,10h 15m
10250,Completionists,Xbox One,10h 18m
10250,Completionists,Xbox One,10h 19m
10250,Completionists,Xbox 360,10h 19m
10250,Completionists,PC,10h 25m
10250,Completionists,PC,10h 30m
10250,Completionists,PlayStation 3,10h 30m
10250,Completionists,PC,10h 30m
10250,Completionists,PC,10h 30m
10250,Completionists,PC,10h 35m
10250,Completionists,PC,10h 45m
10250,Completionists,PC,10h 50m
10250,Completionists,PC,10h 50m
10250,Completionists,PC,10h 56m
10250,Completionists,PC,11h
10250,Completionists,PC,11h
10250,Completionists,PC,11h
10250,Completionists,NA,11h
10250,Completionists,PC,11h
10250,Completionists,PC,11h
10250,Completionists,PC,11h
10250,Completionists,Xbox 360,11h
10250,Completionists,Xbox One,11h
10250,Completionists,PC,11h
10250,Completionists,PC,11h
10250,Completionists,PC,11h
10250,Completionists,PlayStation 3,11h
10250,Completionists,PC,11h
10250,Completionists,PC,11h
10250,Completionists,NA,11h
10250,Completionists,PlayStation 4,11h
10250,Completionists,PC,11h
10250,Completionists,PC,11h
10250,Completionists,PC,11h
10250,Completionists,PC,11h
10250,Completionists,PC,11h
10250,Completionists,Xbox 360,11h
10250,Completionists,PC,11h
10250,Completionists,PC,11h
10250,Completionists,Xbox 360,11h
10250,Completionists,PC,11h
10250,Completionists,PlayStation 4,11h
10250,Completionists,PC,11h 01m
10250,Completionists,PC,11h 04m
10250,Completionists,PC,11h 05m
10250,Completionists,NA,11h 06m
10250,Completionists,PC,11h 06m
10250,Completionists,PC,11h 10m
10250,Completionists,Xbox 360,11h 10m
10250,Completionists,PC,11h 12m
10250,Completionists,PC,11h 12m
10250,Completionists,NA,11h 14m
10250,Completionists,PC,11h 14m
10250,Completionists,PC,11h 15m
10250,Completionists,PC,11h 18m
10250,Completionists,PC,11h 20m
10250,Completionists,PC,11h 24m
10250,Completionists,PC,11h 25m
10250,Completionists,Xbox One,11h 30m
10250,Completionists,PC,11h 30m
10250,Completionists,PC,11h 30m
10250,Completionists,PC,11h 30m
10250,Completionists,PlayStation 4,11h 30m
10250,Completionists,PC,11h 30m
10250,Completionists,PC,11h 30m
10250,Completionists,PC,11h 30m
10250,Completionists,PlayStation 3,11h 30m
10250,Completionists,PC,11h 30m
10250,Completionists,PC,11h 30m
10250,Completionists,PC,11h 30m
10250,Completionists,PC,11h 30m
10250,Completionists,Xbox One,11h 34m
10250,Completionists,PC,11h 40m
10250,Completionists,PlayStation Vita,11h 41m
10250,Completionists,PC,11h 42m
10250,Completionists,PC,11h 42m
10250,Completionists,PC,11h 45m
10250,Completionists,PlayStation 3,11h 45m
10250,Completionists,PC,11h 45m
10250,Completionists,PC,11h 46m
10250,Completionists,PlayStation 4,11h 48m
10250,Completionists,PC,11h 48m
10250,Completionists,PC,11h 50m
10250,Completionists,PC,11h 54m
10250,Completionists,PC,11h 55m
10250,Completionists,PC,11h 56m
10250,Completionists,PC,12h
10250,Completionists,PC,12h
10250,Completionists,PC,12h
10250,Completionists,PC,12h
10250,Completionists,PlayStation 3,12h
10250,Completionists,PC,12h
10250,Completionists,PC,12h
10250,Completionists,PlayStation 3,12h
10250,Completionists,PlayStation 4,12h
10250,Completionists,PC,12h
10250,Completionists,PC,12h
10250,Completionists,Xbox 360,12h
10250,Completionists,PlayStation 4,12h
10250,Completionists,PC,12h
10250,Completionists,NA,12h
10250,Completionists,PlayStation 4,12h
10250,Completionists,PC,12h
10250,Completionists,PlayStation 3,12h
10250,Completionists,PC,12h
10250,Completionists,PC,12h
10250,Completionists,PC,12h
10250,Completionists,PC,12h
10250,Completionists,PC,12h
10250,Completionists,PC,12h
10250,Completionists,PC,12h
10250,Completionists,PC,12h
10250,Completionists,Xbox 360,12h
10250,Completionists,NA,12h
10250,Completionists,Xbox 360,12h
10250,Completionists,PlayStation Vita,12h
10250,Completionists,PC,12h
10250,Completionists,PC,12h
10250,Completionists,PC,12h
10250,Completionists,PlayStation 3,12h
10250,Completionists,PC,12h
10250,Completionists,PC,12h
10250,Completionists,PC,12h
10250,Completionists,PC,12h
10250,Completionists,PC,12h
10250,Completionists,PlayStation Vita,12h
10250,Completionists,PlayStation 4,12h
10250,Completionists,PlayStation 4,12h
10250,Completionists,PlayStation Vita,12h
10250,Completionists,PC,12h
10250,Completionists,PlayStation 4,12h
10250,Completionists,Xbox 360,12h
10250,Completionists,Xbox One,12h
10250,Completionists,PC,12h
10250,Completionists,PC,12h
10250,Completionists,PC,12h
10250,Completionists,PC,12h
10250,Completionists,PC,12h
10250,Completionists,PlayStation 3,12h
10250,Completionists,PC,12h
10250,Completionists,PlayStation 3,12h
10250,Completionists,PlayStation 3,12h
10250,Completionists,PC,12h
10250,Completionists,Xbox 360,12h
10250,Completionists,PC,12h
10250,Completionists,PC,12h
10250,Completionists,PC,12h
10250,Completionists,Xbox One,12h
10250,Completionists,PlayStation 3,12h
10250,Completionists,PC,12h
10250,Completionists,PC,12h
10250,Completionists,PC,12h
10250,Completionists,Xbox 360,12h
10250,Completionists,PlayStation 3,12h
10250,Completionists,PlayStation 3,12h
10250,Completionists,PC,12h
10250,Completionists,PC,12h
10250,Completionists,PlayStation 3,12h
10250,Completionists,PC,12h
10250,Completionists,PC,12h
10250,Completionists,PC,12h
10250,Completionists,PC,12h
10250,Completionists,PC,12h
10250,Completionists,NA,12h
10250,Completionists,PC,12h 01m
10250,Completionists,PC,12h 02m
10250,Completionists,PC,12h 02m
10250,Completionists,NA,12h 02m
10250,Completionists,PlayStation 4,12h 02m
10250,Completionists,PC,12h 03m
10250,Completionists,PC,12h 04m
10250,Completionists,PlayStation Vita,12h 04m
10250,Completionists,PC,12h 04m
10250,Completionists,Xbox 360,12h 05m
10250,Completionists,Xbox 360,12h 07m
10250,Completionists,PC,12h 10m
10250,Completionists,PC,12h 10m
10250,Completionists,PlayStation 3,12h 10m
10250,Completionists,PlayStation 4,12h 12m
10250,Completionists,PC,12h 14m
10250,Completionists,PlayStation 3,12h 14m
10250,Completionists,PC,12h 15m
10250,Completionists,PC,12h 15m
10250,Completionists,PC,12h 19m
10250,Completionists,PC,12h 20m
10250,Completionists,PC,12h 20m
10250,Completionists,PlayStation 3,12h 21m
10250,Completionists,PC,12h 23m
10250,Completionists,PlayStation 4,12h 23m
10250,Completionists,PC,12h 24m
10250,Completionists,Xbox One,12h 24m
10250,Completionists,PC,12h 25m
10250,Completionists,PlayStation 3,12h 25m
10250,Completionists,Xbox 360,12h 27m
10250,Completionists,PlayStation 3,12h 27m
10250,Completionists,PC,12h 29m
10250,Completionists,PC,12h 30m
10250,Completionists,PC,12h 30m
10250,Completionists,Xbox 360,12h 30m
10250,Completionists,PC,12h 30m
10250,Completionists,Xbox 360,12h 30m
10250,Completionists,Xbox 360,12h 30m
10250,Completionists,Xbox 360,12h 30m
10250,Completionists,Xbox 360,12h 30m
10250,Completionists,PlayStation 3,12h 30m
10250,Completionists,PC,12h 30m
10250,Completionists,PC,12h 30m
10250,Completionists,PC,12h 30m
10250,Completionists,PlayStation 4,12h 30m
10250,Completionists,PC,12h 30m
10250,Completionists,PC,12h 30m
10250,Completionists,PlayStation Vita,12h 30m
10250,Completionists,PC,12h 30m
10250,Completionists,PC,12h 33m
10250,Completionists,PC,12h 35m
10250,Completionists,PC,12h 37m
10250,Completionists,PlayStation 4,12h 38m
10250,Completionists,PC,12h 39m
10250,Completionists,PC,12h 40m
10250,Completionists,PC,12h 40m
10250,Completionists,PC,12h 40m
10250,Completionists,PC,12h 42m
10250,Completionists,PC,12h 42m
10250,Completionists,PlayStation 3,12h 42m
10250,Completionists,PC,12h 43m
10250,Completionists,Xbox 360,12h 45m
10250,Completionists,PlayStation Vita,12h 45m
10250,Completionists,PC,12h 45m
10250,Completionists,PC,12h 46m
10250,Completionists,PC,12h 48m
10250,Completionists,PC,12h 48m
10250,Completionists,PC,12h 50m
10250,Completionists,PC,12h 50m
10250,Completionists,PlayStation 3,12h 50m
10250,Completionists,PC,12h 50m
10250,Completionists,PC,12h 52m
10250,Completionists,PlayStation 4,12h 52m
10250,Completionists,Xbox One,12h 54m
10250,Completionists,PlayStation 3,12h 55m
10250,Completionists,PC,13h
10250,Completionists,PC,13h
10250,Completionists,PC,13h
10250,Completionists,PC,13h
10250,Completionists,PC,13h
10250,Completionists,PC,13h
10250,Completionists,PC,13h
10250,Completionists,PlayStation 3,13h
10250,Completionists,PlayStation 4,13h
10250,Completionists,PC,13h
10250,Completionists,PC,13h
10250,Completionists,PC,13h
10250,Completionists,PC,13h
10250,Completionists,Xbox 360,13h
10250,Completionists,PC,13h
10250,Completionists,PC,13h
10250,Completionists,Xbox 360,13h
10250,Completionists,PC,13h
10250,Completionists,PC,13h
10250,Completionists,PC,13h
10250,Completionists,PC,13h
10250,Completionists,PC,13h
10250,Completionists,PC,13h
10250,Completionists,PC,13h
10250,Completionists,PC,13h
10250,Completionists,PlayStation 3,13h
10250,Completionists,Xbox 360,13h
10250,Completionists,PlayStation 3,13h
10250,Completionists,PlayStation 4,13h
10250,Completionists,PC,13h
10250,Completionists,Xbox One,13h
10250,Completionists,PlayStation 3,13h
10250,Completionists,PlayStation 4,13h
10250,Completionists,PlayStation 3,13h
10250,Completionists,PlayStation 3,13h
10250,Completionists,PC,13h
10250,Completionists,PC,13h
10250,Completionists,PlayStation 3,13h
10250,Completionists,PC,13h
10250,Completionists,PC,13h
10250,Completionists,PC,13h
10250,Completionists,PC,13h
10250,Completionists,PC,13h
10250,Completionists,PlayStation 4,13h
10250,Completionists,PC,13h
10250,Completionists,PC,13h
10250,Completionists,PC,13h
10250,Completionists,Xbox One,13h
10250,Completionists,Xbox One,13h
10250,Completionists,PC,13h
10250,Completionists,PC,13h
10250,Completionists,PC,13h
10250,Completionists,PC,13h
10250,Completionists,PC,13h
10250,Completionists,PlayStation 3,13h
10250,Completionists,PC,13h
10250,Completionists,PC,13h
10250,Completionists,Xbox 360,13h
10250,Completionists,PC,13h
10250,Completionists,PlayStation Vita,13h
10250,Completionists,PC,13h
10250,Completionists,PC,13h
10250,Completionists,PC,13h
10250,Completionists,PC,13h
10250,Completionists,PC,13h
10250,Completionists,PC,13h
10250,Completionists,PlayStation 4,13h
10250,Completionists,Xbox One,13h
10250,Completionists,Xbox One,13h
10250,Completionists,PlayStation Vita,13h
10250,Completionists,PC,13h
10250,Completionists,PC,13h
10250,Completionists,PC,13h
10250,Completionists,Xbox One,13h
10250,Completionists,PC,13h
10250,Completionists,PC,13h
10250,Completionists,PlayStation 3,13h
10250,Completionists,PlayStation 4,13h
10250,Completionists,Xbox One,13h
10250,Completionists,PC,13h
10250,Completionists,PC,13h
10250,Completionists,PlayStation 4,13h
10250,Completionists,PC,13h
10250,Completionists,Xbox 360,13h 01m
10250,Completionists,Mac,13h 01m
10250,Completionists,PlayStation 4,13h 02m
10250,Completionists,PC,13h 03m
10250,Completionists,PC,13h 04m
10250,Completionists,PlayStation 3,13h 04m
10250,Completionists,PC,13h 05m
10250,Completionists,PC,13h 06m
10250,Completionists,PC,13h 06m
10250,Completionists,PC,13h 07m
10250,Completionists,PC,13h 08m
10250,Completionists,PC,13h 08m
10250,Completionists,Xbox 360,13h 08m
10250,Completionists,Xbox One,13h 09m
10250,Completionists,PC,13h 09m
10250,Completionists,Xbox One,13h 10m
10250,Completionists,Xbox One,13h 10m
10250,Completionists,PlayStation Vita,13h 11m
10250,Completionists,PC,13h 12m
10250,Completionists,PC,13h 12m
10250,Completionists,PC,13h 12m
10250,Completionists,PC,13h 12m
10250,Completionists,PlayStation Vita,13h 12m
10250,Completionists,PC,13h 14m
10250,Completionists,Xbox 360,13h 14m
10250,Completionists,PC,13h 15m
10250,Completionists,PC,13h 15m
10250,Completionists,PlayStation Vita,13h 15m
10250,Completionists,PlayStation 3,13h 15m
10250,Completionists,PC,13h 16m
10250,Completionists,PC,13h 18m
10250,Completionists,PC,13h 19m
10250,Completionists,Xbox One,13h 20m
10250,Completionists,PC,13h 20m
10250,Completionists,PC,13h 20m
10250,Completionists,PC,13h 20m
10250,Completionists,PC,13h 21m
10250,Completionists,PC,13h 22m
10250,Completionists,PC,13h 22m
10250,Completionists,Xbox One,13h 23m
10250,Completionists,PC,13h 24m
10250,Completionists,PC,13h 25m
10250,Completionists,PC,13h 25m
10250,Completionists,PC,13h 26m
10250,Completionists,PC,13h 27m
10250,Completionists,PC,13h 27m
10250,Completionists,PlayStation 4,13h 27m
10250,Completionists,PC,13h 28m
10250,Completionists,PC,13h 29m
10250,Completionists,PC,13h 30m
10250,Completionists,PC,13h 30m
10250,Completionists,PC,13h 30m
10250,Completionists,Xbox 360,13h 30m
10250,Completionists,PC,13h 30m
10250,Completionists,Xbox 360,13h 30m
10250,Completionists,PC,13h 30m
10250,Completionists,PlayStation 4,13h 30m
10250,Completionists,PC,13h 30m
10250,Completionists,PC,13h 30m
10250,Completionists,PlayStation 4,13h 30m
10250,Completionists,PC,13h 30m
10250,Completionists,PC,13h 30m
10250,Completionists,PC,13h 30m
10250,Completionists,Xbox One,13h 30m
10250,Completionists,PlayStation 4,13h 30m
10250,Completionists,PlayStation Vita,13h 30m
10250,Completionists,PC,13h 30m
10250,Completionists,PlayStation 4,13h 30m
10250,Completionists,PC,13h 31m
10250,Completionists,Xbox One,13h 31m
10250,Completionists,PlayStation 3,13h 33m
10250,Completionists,PC,13h 33m
10250,Completionists,PC,13h 35m
10250,Completionists,PC,13h 37m
10250,Completionists,Xbox One,13h 39m
10250,Completionists,PC,13h 40m
10250,Completionists,PC,13h 40m
10250,Completionists,Xbox One,13h 40m
10250,Completionists,PC,13h 40m
10250,Completionists,PC,13h 41m
10250,Completionists,PC,13h 45m
10250,Completionists,PC,13h 45m
10250,Completionists,PC,13h 45m
10250,Completionists,PC,13h 46m
10250,Completionists,PC,13h 48m
10250,Completionists,PC,13h 48m
10250,Completionists,PC,13h 48m
10250,Completionists,PC,13h 48m
10250,Completionists,PC,13h 51m
10250,Completionists,PC,13h 54m
10250,Completionists,PlayStation 3,13h 55m
10250,Completionists,PlayStation 3,13h 55m
10250,Completionists,PC,13h 55m
10250,Completionists,PlayStation 3,13h 58m
10250,Completionists,PC,13h 58m
10250,Completionists,PC,14h
10250,Completionists,PC,14h
10250,Completionists,PC,14h
10250,Completionists,PC,14h
10250,Completionists,PC,14h
10250,Completionists,PC,14h
10250,Completionists,PC,14h
10250,Completionists,PC,14h
10250,Completionists,PC,14h
10250,Completionists,PC,14h
10250,Completionists,PC,14h
10250,Completionists,PC,14h
10250,Completionists,Xbox 360,14h
10250,Completionists,PlayStation 3,14h
10250,Completionists,PC,14h
10250,Completionists,PC,14h
10250,Completionists,Xbox One,14h
10250,Completionists,PC,14h
10250,Completionists,PC,14h
10250,Completionists,PC,14h
10250,Completionists,PC,14h
10250,Completionists,PC,14h
10250,Completionists,PC,14h
10250,Completionists,PC,14h
10250,Completionists,Xbox 360,14h
10250,Completionists,PlayStation 3,14h
10250,Completionists,PlayStation 3,14h
10250,Completionists,PlayStation Vita,14h
10250,Completionists,PC,14h
10250,Completionists,PC,14h
10250,Completionists,PC,14h
10250,Completionists,PC,14h
10250,Completionists,PC,14h
10250,Completionists,PC,14h
10250,Completionists,PC,14h
10250,Completionists,PlayStation 4,14h
10250,Completionists,PC,14h
10250,Completionists,PC,14h
10250,Completionists,PC,14h
10250,Completionists,PC,14h
10250,Completionists,PlayStation Vita,14h
10250,Completionists,PC,14h
10250,Completionists,PC,14h
10250,Completionists,PC,14h
10250,Completionists,PC,14h
10250,Completionists,PC,14h
10250,Completionists,PC,14h
10250,Completionists,PC,14h
10250,Completionists,PC,14h
10250,Completionists,Xbox 360,14h
10250,Completionists,PC,14h
10250,Completionists,Xbox 360,14h
10250,Completionists,PC,14h
10250,Completionists,PlayStation 4,14h
10250,Completionists,PlayStation 4,14h
10250,Completionists,PlayStation 4,14h
10250,Completionists,PC,14h
10250,Completionists,PC,14h
10250,Completionists,PC,14h
10250,Completionists,PC,14h
10250,Completionists,Xbox 360,14h
10250,Completionists,PC,14h
10250,Completionists,PC,14h
10250,Completionists,PC,14h
10250,Completionists,PC,14h
10250,Completionists,Xbox One,14h
10250,Completionists,PC,14h
10250,Completionists,PC,14h
10250,Completionists,Xbox One,14h
10250,Completionists,PC,14h
10250,Completionists,PC,14h
10250,Completionists,Xbox 360,14h
10250,Completionists,PlayStation 3,14h
10250,Completionists,PC,14h
10250,Completionists,PlayStation 4,14h
10250,Completionists,PlayStation 4,14h
10250,Completionists,Xbox 360,14h
10250,Completionists,PC,14h
10250,Completionists,PlayStation Vita,14h
10250,Completionists,PC,14h
10250,Completionists,PC,14h
10250,Completionists,PC,14h
10250,Completionists,PC,14h
10250,Completionists,PC,14h
10250,Completionists,PC,14h
10250,Completionists,PC,14h
10250,Completionists,PC,14h
10250,Completionists,PC,14h
10250,Completionists,PC,14h
10250,Completionists,PC,14h
10250,Completionists,PC,14h
10250,Completionists,PlayStation 4,14h 01m
10250,Completionists,PC,14h 02m
10250,Completionists,PC,14h 02m
10250,Completionists,PC,14h 03m
10250,Completionists,Xbox One,14h 04m
10250,Completionists,PC,14h 05m
10250,Completionists,PC,14h 05m
10250,Completionists,PC,14h 06m
10250,Completionists,PC,14h 07m
10250,Completionists,PC,14h 08m
10250,Completionists,PC,14h 10m
10250,Completionists,PC,14h 10m
10250,Completionists,PlayStation 3,14h 10m
10250,Completionists,PC,14h 10m
10250,Completionists,PlayStation 4,14h 11m
10250,Completionists,Xbox One,14h 12m
10250,Completionists,PC,14h 12m
10250,Completionists,PC,14h 12m
10250,Completionists,PC,14h 13m
10250,Completionists,PC,14h 14m
10250,Completionists,PC,14h 15m
10250,Completionists,Xbox One,14h 17m
10250,Completionists,PC,14h 20m
10250,Completionists,PC,14h 20m
10250,Completionists,PC,14h 20m
10250,Completionists,PC,14h 20m
10250,Completionists,PlayStation 4,14h 22m
10250,Completionists,PC,14h 22m
10250,Completionists,Xbox 360,14h 22m
10250,Completionists,PC,14h 24m
10250,Completionists,PC,14h 25m
10250,Completionists,PC,14h 28m
10250,Completionists,PlayStation 3,14h 28m
10250,Completionists,PC,14h 30m
10250,Completionists,PlayStation 3,14h 30m
10250,Completionists,Mac,14h 30m
10250,Completionists,PC,14h 30m
10250,Completionists,PC,14h 30m
10250,Completionists,PC,14h 30m
10250,Completionists,PC,14h 30m
10250,Completionists,PC,14h 30m
10250,Completionists,PC,14h 30m
10250,Completionists,PC,14h 37m
10250,Completionists,PC,14h 40m
10250,Completionists,PC,14h 40m
10250,Completionists,PC,14h 40m
10250,Completionists,Xbox One,14h 46m
10250,Completionists,PC,14h 50m
10250,Completionists,PC,14h 50m
10250,Completionists,Xbox One,14h 51m
10250,Completionists,PC,14h 54m
10250,Completionists,PC,14h 55m
10250,Completionists,PC,14h 59m
10250,Completionists,Xbox 360,15h
10250,Completionists,NA,15h
10250,Completionists,PC,15h
10250,Completionists,PC,15h
10250,Completionists,Xbox One,15h
10250,Completionists,PC,15h
10250,Completionists,PC,15h
10250,Completionists,PC,15h
10250,Completionists,PC,15h
10250,Completionists,PC,15h
10250,Completionists,PC,15h
10250,Completionists,PC,15h
10250,Completionists,Xbox 360,15h
10250,Completionists,PC,15h
10250,Completionists,PC,15h
10250,Completionists,NA,15h
10250,Completionists,PC,15h
10250,Completionists,PC,15h
10250,Completionists,PC,15h
10250,Completionists,PC,15h
10250,Completionists,PlayStation 3,15h
10250,Completionists,PlayStation 3,15h
10250,Completionists,PC,15h
10250,Completionists,PC,15h
10250,Completionists,PC,15h
10250,Completionists,PlayStation 3,15h
10250,Completionists,PC,15h
10250,Completionists,PC,15h
10250,Completionists,PC,15h
10250,Completionists,PC,15h
10250,Completionists,PC,15h
10250,Completionists,PC,15h
10250,Completionists,PC,15h
10250,Completionists,PlayStation 3,15h
10250,Completionists,PC,15h
10250,Completionists,PC,15h
10250,Completionists,PC,15h
10250,Completionists,PC,15h
10250,Completionists,PlayStation 3,15h
10250,Completionists,PC,15h
10250,Completionists,PC,15h
10250,Completionists,PC,15h
10250,Completionists,PC,15h
10250,Completionists,PlayStation 3,15h
10250,Completionists,PC,15h
10250,Completionists,PC,15h
10250,Completionists,Xbox One,15h
10250,Completionists,PC,15h
10250,Completionists,PC,15h
10250,Completionists,PC,15h
10250,Completionists,PC,15h
10250,Completionists,PC,15h
10250,Completionists,PC,15h
10250,Completionists,PC,15h
10250,Completionists,PC,15h
10250,Completionists,PC,15h
10250,Completionists,PC,15h
10250,Completionists,Mac,15h
10250,Completionists,PC,15h
10250,Completionists,PC,15h
10250,Completionists,PC,15h
10250,Completionists,PC,15h
10250,Completionists,PC,15h 01m
10250,Completionists,Xbox One,15h 05m
10250,Completionists,PC,15h 06m
10250,Completionists,PC,15h 06m
10250,Completionists,PC,15h 06m
10250,Completionists,Xbox One,15h 08m
10250,Completionists,Xbox One,15h 08m
10250,Completionists,PC,15h 08m
10250,Completionists,PC,15h 10m
10250,Completionists,PC,15h 10m
10250,Completionists,PC,15h 10m
10250,Completionists,PlayStation 3,15h 10m
10250,Completionists,PC,15h 12m
10250,Completionists,PC,15h 12m
10250,Completionists,Xbox One,15h 13m
10250,Completionists,PlayStation Vita,15h 15m
10250,Completionists,Xbox One,15h 16m
10250,Completionists,PC,15h 16m
10250,Completionists,PC,15h 20m
10250,Completionists,Xbox One,15h 20m
10250,Completionists,PC,15h 20m
10250,Completionists,PC,15h 20m
10250,Completionists,PC,15h 23m
10250,Completionists,PC,15h 26m
10250,Completionists,PC,15h 27m
10250,Completionists,PC,15h 30m
10250,Completionists,Xbox 360,15h 30m
10250,Completionists,PC,15h 35m
10250,Completionists,Xbox One,15h 36m
10250,Completionists,PC,15h 40m
10250,Completionists,PC,15h 42m
10250,Completionists,Xbox One,15h 43m
10250,Completionists,Xbox One,15h 44m
10250,Completionists,PC,15h 45m
10250,Completionists,PC,15h 51m
10250,Completionists,Xbox One,15h 52m
10250,Completionists,Xbox One,15h 52m
10250,Completionists,Xbox One,15h 57m
10250,Completionists,PC,16h
10250,Completionists,PC,16h
10250,Completionists,PC,16h
10250,Completionists,PC,16h
10250,Completionists,PC,16h
10250,Completionists,PC,16h
10250,Completionists,Xbox One,16h
10250,Completionists,Xbox 360,16h
10250,Completionists,PC,16h
10250,Completionists,PC,16h
10250,Completionists,PC,16h
10250,Completionists,PC,16h
10250,Completionists,PC,16h
10250,Completionists,Xbox 360,16h
10250,Completionists,PC,16h
10250,Completionists,PC,16h
10250,Completionists,PC,16h
10250,Completionists,PC,16h
10250,Completionists,PC,16h
10250,Completionists,PC,16h
10250,Completionists,Mac,16h
10250,Completionists,PC,16h
10250,Completionists,PC,16h
10250,Completionists,PC,16h
10250,Completionists,PC,16h
10250,Completionists,PC,16h
10250,Completionists,PC,16h
10250,Completionists,PC,16h
10250,Completionists,PC,16h 05m
10250,Completionists,PC,16h 05m
10250,Completionists,PC,16h 10m
10250,Completionists,PC,16h 12m
10250,Completionists,PC,16h 15m
10250,Completionists,Xbox One,16h 15m
10250,Completionists,Xbox One,16h 21m
10250,Completionists,Xbox One,16h 22m
10250,Completionists,PC,16h 24m
10250,Completionists,PC,16h 25m
10250,Completionists,PC,16h 29m
10250,Completionists,PC,16h 30m
10250,Completionists,PC,16h 30m
10250,Completionists,PC,16h 30m
10250,Completionists,Xbox One,16h 35m
10250,Completionists,PC,16h 36m
10250,Completionists,PC,16h 42m
10250,Completionists,PC,16h 45m
10250,Completionists,NA,16h 48m
10250,Completionists,Xbox One,16h 53m
10250,Completionists,PC,16h 54m
10250,Completionists,PC,17h
10250,Completionists,PC,17h
10250,Completionists,PC,17h
10250,Completionists,PC,17h
10250,Completionists,PC,17h
10250,Completionists,PC,17h
10250,Completionists,Xbox 360,17h
10250,Completionists,PC,17h
10250,Completionists,PC,17h
10250,Completionists,PC,17h
10250,Completionists,PC,17h
10250,Completionists,PC,17h
10250,Completionists,PC,17h 12m
10250,Completionists,PC,17h 18m
10250,Completionists,PC,17h 19m
10250,Completionists,Xbox One,17h 19m
10250,Completionists,PC,17h 23m
10250,Completionists,Xbox One,17h 23m
10250,Completionists,PC,17h 30m
10250,Completionists,PC,17h 30m
10250,Completionists,PC,17h 30m
10250,Completionists,PC,17h 31m
10250,Completionists,PC,17h 36m
10250,Completionists,PC,17h 42m
10250,Completionists,PC,17h 49m
10250,Completionists,Android,17h 52m
10250,Completionists,PC,18h
10250,Completionists,PC,18h
10250,Completionists,Xbox One,18h
10250,Completionists,PC,18h
10250,Completionists,PC,18h
10250,Completionists,PC,18h
10250,Completionists,PC,18h
10250,Completionists,PC,18h
10250,Completionists,Mac,18h
10250,Completionists,PC,18h
10250,Completionists,Xbox 360,18h
10250,Completionists,PC,18h
10250,Completionists,PC,18h
10250,Completionists,Xbox One,18h 01m
10250,Completionists,PC,18h 03m
10250,Completionists,PC,18h 10m
10250,Completionists,PlayStation 3,18h 10m
10250,Completionists,PC,18h 12m
10250,Completionists,PC,18h 15m
10250,Completionists,PC,18h 18m
10250,Completionists,PC,18h 20m
10250,Completionists,PC,18h 29m
10250,Completionists,Xbox One,18h 38m
10250,Completionists,Xbox One,18h 43m
10250,Completionists,PC,18h 50m
10250,Completionists,Xbox One,18h 53m
10250,Completionists,PC,18h 54m
10250,Completionists,PC,19h
10250,Completionists,PC,19h
10250,Completionists,PC,19h
10250,Completionists,Xbox,19h
10250,Completionists,PC,19h
10250,Completionists,PC,19h
10250,Completionists,PC,19h
10250,Completionists,PC,19h
10250,Completionists,PC,19h 10m
10250,Completionists,PC,19h 12m
10250,Completionists,PC,19h 18m
10250,Completionists,PC,19h 37m
10250,Completionists,Xbox One,20h
10250,Completionists,PC,20h
10250,Completionists,PC,20h
10250,Completionists,PC,20h
10250,Completionists,PC,20h
10250,Completionists,PC,20h
10250,Completionists,PC,20h
10250,Completionists,PC,20h
10250,Completionists,PC,20h
10250,Completionists,PlayStation 3,20h
10250,Completionists,PC,20h
10250,Completionists,PC,20h 59m
10250,Completionists,PC,21h
10250,Completionists,Xbox One,21h
10250,Completionists,Xbox One,21h
10250,Completionists,PC,21h
10250,Completionists,PC,21h 12m
10250,Completionists,PC,22h
10250,Completionists,PC,22h
10250,Completionists,PlayStation 4,22h
10250,Completionists,PC,22h
10250,Completionists,PC,22h
10250,Completionists,Xbox One,22h 01m
10250,Completionists,PC,22h 13m
10250,Completionists,PC,23h
10250,Completionists,Xbox One,23h
10250,Completionists,PC,23h
10250,Completionists,PC,23h
10250,Completionists,PlayStation 3,23h 03m
10250,Completionists,PC,23h 07m
10250,Completionists,Xbox One,23h 17m
10250,Completionists,PC,23h 30m
10250,Completionists,PC,23h 47m
10250,Completionists,PC,24h
10250,Completionists,PC,24h
10250,Completionists,Xbox 360,24h
10250,Completionists,PC,24h
10250,Completionists,PC,24h
10250,Completionists,PC,25h
10250,Completionists,PC,25h
10250,Completionists,PC,25h
10250,Completionists,PlayStation 3,25h
10250,Completionists,PC,25h
10250,Completionists,PC,26h
10250,Completionists,PC,26h
10250,Completionists,PC,26h
10250,Completionists,PC,26h
10250,Completionists,PC,26h
10250,Completionists,PC,26h 16m
10250,Completionists,PC,29h
10250,Completionists,PC,29h
10250,Completionists,PC,30h
10250,Completionists,PC,30h
10250,Completionists,PlayStation 4,30h
10250,Completionists,PC,30h
10250,Completionists,PC,32h
10250,Completionists,PC,34h
10250,Completionists,Xbox One,34h 30m
10250,Completionists,Xbox One,39h
10250,Completionists,PC,39h 41m
10250,Completionists,PC,42h 18m
10250,Completionists,PC,48h
