id,type,platform,time
10258,Main Story,PC,3h 05m
10258,Main Story,PC,3h 20m
10258,Main Story,Xbox 360,3h 32m
10258,Main Story,Xbox 360,4h
10258,Main Story,PC,4h
10258,Main Story,PC,4h 20m
10258,Main Story,Xbox 360,4h 22m
10258,Main Story,PC,4h 23m
10258,Main Story,Xbox 360,4h 45m
10258,Main Story,PC,5h
10258,Main Story,PC,5h
10258,Main Story,PC,5h
10258,Main Story,PC,5h
10258,Main Story,Xbox 360,5h
10258,Main Story,PC,5h 12m
10258,Main Story,PC,5h 20m
10258,Main Story,Xbox 360,5h 22m
10258,Main Story,PC,5h 30m
10258,Main Story,Wii U,5h 30m
10258,Main Story,Wii U,5h 35m
10258,Main Story,PlayStation 3,5h 40m
10258,Main Story,PC,6h
10258,Main Story,PC,6h
10258,Main Story,Xbox 360,6h
10258,Main Story,Xbox 360,6h
10258,Main Story,PC,6h 45m
10258,Main Story,Xbox 360,7h
10258,Main Story,PC,8h
10258,Main + Extras,Xbox 360,4h
10258,Main + Extras,PC,5h 30m
10258,Main + Extras,PC,5h 42m
10258,Main + Extras,PlayStation 3,5h 50m
10258,Main + Extras,PC,6h
10258,Main + Extras,Xbox 360,6h 25m
10258,Main + Extras,PC,6h 39m
10258,Main + Extras,PC,7h
10258,Main + Extras,PC,8h
10258,Main + Extras,Xbox 360,8h
10258,Main + Extras,PC,9h 12m
10258,Main + Extras,NA,11h 12m
10258,Completionists,PC,9h 30m
10258,Completionists,Xbox 360,10h
10258,Completionists,Xbox 360,17h
