id,type,platform,time
10268,Main Story,PC,7h 46m
10268,Main Story,PC,9h
10268,Main Story,PC,9h 30m
10268,Main Story,PC,10h
10268,Main Story,PC,10h 14m
10268,Main Story,PC,11h
10268,Main Story,PC,11h 27m
10268,Main Story,PC,12h
10268,Main Story,PC,12h 05m
10268,Main Story,PC,12h 13m
10268,Main Story,PC,12h 36m
10268,Main Story,PC,12h 50m
10268,Main Story,PC,12h 54m
10268,Main Story,PC,12h 55m
10268,Main Story,PC,13h
10268,Main Story,PC,13h
10268,Main Story,PC,13h
10268,Main Story,PC,13h 30m
10268,Main Story,PC,13h 30m
10268,Main Story,PC,14h
10268,Main Story,PC,14h
10268,Main Story,PC,14h
10268,Main Story,PC,14h
10268,Main Story,PC,14h 02m
10268,Main Story,PC,14h 26m
10268,Main Story,PC,15h
10268,Main Story,Xbox 360,15h
10268,Main Story,PC,15h
10268,Main Story,PC,15h
10268,Main Story,PC,15h
10268,Main Story,PC,15h
10268,Main Story,PC,15h
10268,Main Story,PC,15h
10268,Main Story,PC,15h
10268,Main Story,PC,15h
10268,Main Story,PC,15h
10268,Main Story,PC,15h
10268,Main Story,PC,15h 03m
10268,Main Story,PC,15h 07m
10268,Main Story,PC,15h 15m
10268,Main Story,Xbox One,15h 23m
10268,Main Story,PC,15h 30m
10268,Main Story,PC,15h 30m
10268,Main Story,PC,15h 35m
10268,Main Story,PC,15h 40m
10268,Main Story,PC,15h 45m
10268,Main Story,PC,15h 50m
10268,Main Story,PC,16h
10268,Main Story,PC,16h
10268,Main Story,PC,16h
10268,Main Story,PC,16h
10268,Main Story,PC,16h
10268,Main Story,PC,16h
10268,Main Story,PC,16h
10268,Main Story,PC,16h
10268,Main Story,PC,16h
10268,Main Story,PC,16h
10268,Main Story,PC,16h
10268,Main Story,PC,16h 10m
10268,Main Story,PC,16h 18m
10268,Main Story,PC,16h 20m
10268,Main Story,PC,16h 30m
10268,Main Story,PC,16h 37m
10268,Main Story,PC,16h 41m
10268,Main Story,PC,16h 55m
10268,Main Story,PC,17h
10268,Main Story,PC,17h
10268,Main Story,PC,17h
10268,Main Story,PC,17h
10268,Main Story,PC,17h
10268,Main Story,PC,17h
10268,Main Story,PC,17h
10268,Main Story,PC,17h
10268,Main Story,PC,17h
10268,Main Story,PC,17h
10268,Main Story,NA,17h
10268,Main Story,PC,17h
10268,Main Story,PC,17h 01m
10268,Main Story,PC,17h 10m
10268,Main Story,PC,17h 12m
10268,Main Story,PC,17h 15m
10268,Main Story,PC,17h 20m
10268,Main Story,PC,17h 22m
10268,Main Story,PC,17h 24m
10268,Main Story,PC,17h 42m
10268,Main Story,PC,17h 42m
10268,Main Story,PC,17h 42m
10268,Main Story,PC,17h 42m
10268,Main Story,PC,17h 47m
10268,Main Story,PC,17h 50m
10268,Main Story,PC,17h 50m
10268,Main Story,Xbox 360,17h 56m
10268,Main Story,PC,18h
10268,Main Story,PC,18h
10268,Main Story,PC,18h
10268,Main Story,PC,18h
10268,Main Story,PC,18h
10268,Main Story,PC,18h
10268,Main Story,PC,18h
10268,Main Story,PC,18h
10268,Main Story,PC,18h
10268,Main Story,PC,18h
10268,Main Story,PC,18h
10268,Main Story,PC,18h
10268,Main Story,PC,18h
10268,Main Story,PC,18h 03m
10268,Main Story,PC,18h 08m
10268,Main Story,PC,18h 10m
10268,Main Story,PC,18h 12m
10268,Main Story,PC,18h 12m
10268,Main Story,NA,18h 20m
10268,Main Story,PC,18h 24m
10268,Main Story,PC,18h 40m
10268,Main Story,PC,18h 42m
10268,Main Story,Xbox 360,18h 50m
10268,Main Story,PC,19h
10268,Main Story,PC,19h
10268,Main Story,PC,19h
10268,Main Story,Mac,19h
10268,Main Story,PC,19h
10268,Main Story,PC,19h
10268,Main Story,PC,19h
10268,Main Story,PC,19h
10268,Main Story,PC,19h
10268,Main Story,PC,19h
10268,Main Story,PC,19h
10268,Main Story,PC,19h
10268,Main Story,PC,19h
10268,Main Story,PC,19h
10268,Main Story,PC,19h
10268,Main Story,PC,19h
10268,Main Story,PC,19h
10268,Main Story,PC,19h
10268,Main Story,PC,19h
10268,Main Story,PC,19h 10m
10268,Main Story,PC,19h 12m
10268,Main Story,PC,19h 15m
10268,Main Story,PC,19h 19m
10268,Main Story,PC,19h 24m
10268,Main Story,Xbox 360,19h 28m
10268,Main Story,PC,19h 30m
10268,Main Story,PC,19h 30m
10268,Main Story,PC,19h 30m
10268,Main Story,PC,19h 30m
10268,Main Story,PC,19h 40m
10268,Main Story,PC,19h 48m
10268,Main Story,PC,20h
10268,Main Story,PC,20h
10268,Main Story,PC,20h
10268,Main Story,PC,20h
10268,Main Story,PC,20h
10268,Main Story,PC,20h
10268,Main Story,PC,20h
10268,Main Story,PC,20h
10268,Main Story,PC,20h
10268,Main Story,PC,20h
10268,Main Story,PC,20h
10268,Main Story,NA,20h
10268,Main Story,PC,20h
10268,Main Story,Xbox 360,20h
10268,Main Story,PC,20h
10268,Main Story,PC,20h
10268,Main Story,Xbox 360,20h
10268,Main Story,PC,20h
10268,Main Story,NA,20h
10268,Main Story,PC,20h
10268,Main Story,PC,20h
10268,Main Story,PC,20h
10268,Main Story,PC,20h
10268,Main Story,PC,20h
10268,Main Story,PC,20h 02m
10268,Main Story,PC,20h 10m
10268,Main Story,PC,20h 10m
10268,Main Story,PC,20h 12m
10268,Main Story,PC,20h 17m
10268,Main Story,PC,20h 18m
10268,Main Story,PC,20h 25m
10268,Main Story,PC,20h 26m
10268,Main Story,PC,20h 30m
10268,Main Story,PC,20h 30m
10268,Main Story,PC,20h 30m
10268,Main Story,PC,20h 32m
10268,Main Story,PC,20h 34m
10268,Main Story,PC,20h 41m
10268,Main Story,PC,20h 42m
10268,Main Story,PC,20h 48m
10268,Main Story,PC,20h 48m
10268,Main Story,PC,20h 50m
10268,Main Story,PC,20h 58m
10268,Main Story,PC,21h
10268,Main Story,PC,21h
10268,Main Story,PC,21h
10268,Main Story,PC,21h
10268,Main Story,PC,21h
10268,Main Story,PC,21h
10268,Main Story,PC,21h
10268,Main Story,PC,21h
10268,Main Story,PC,21h
10268,Main Story,PC,21h
10268,Main Story,PC,21h
10268,Main Story,PC,21h
10268,Main Story,PC,21h
10268,Main Story,PC,21h
10268,Main Story,PC,21h
10268,Main Story,PC,21h
10268,Main Story,PC,21h
10268,Main Story,PC,21h
10268,Main Story,PC,21h
10268,Main Story,PC,21h
10268,Main Story,PC,21h
10268,Main Story,PC,21h
10268,Main Story,PC,21h
10268,Main Story,PC,21h
10268,Main Story,PC,21h
10268,Main Story,PC,21h
10268,Main Story,PC,21h
10268,Main Story,NA,21h
10268,Main Story,PC,21h
10268,Main Story,PC,21h
10268,Main Story,PC,21h
10268,Main Story,PC,21h
10268,Main Story,PC,21h
10268,Main Story,PC,21h
10268,Main Story,Xbox 360,21h
10268,Main Story,PC,21h 01m
10268,Main Story,PC,21h 03m
10268,Main Story,PC,21h 09m
10268,Main Story,PC,21h 10m
10268,Main Story,NA,21h 15m
10268,Main Story,PC,21h 15m
10268,Main Story,PC,21h 22m
10268,Main Story,PC,21h 30m
10268,Main Story,PC,21h 30m
10268,Main Story,Xbox 360,21h 43m
10268,Main Story,PC,22h
10268,Main Story,PC,22h
10268,Main Story,PC,22h
10268,Main Story,PC,22h
10268,Main Story,Xbox 360,22h
10268,Main Story,PC,22h
10268,Main Story,NA,22h
10268,Main Story,PC,22h
10268,Main Story,PC,22h
10268,Main Story,PC,22h
10268,Main Story,PC,22h
10268,Main Story,PC,22h
10268,Main Story,PC,22h
10268,Main Story,Xbox 360,22h
10268,Main Story,PC,22h
10268,Main Story,PC,22h
10268,Main Story,PC,22h
10268,Main Story,PC,22h
10268,Main Story,PC,22h
10268,Main Story,PC,22h
10268,Main Story,PC,22h
10268,Main Story,PC,22h
10268,Main Story,PC,22h
10268,Main Story,PC,22h
10268,Main Story,PC,22h
10268,Main Story,PC,22h 14m
10268,Main Story,PC,22h 15m
10268,Main Story,PC,22h 15m
10268,Main Story,PC,22h 20m
10268,Main Story,PC,22h 30m
10268,Main Story,PC,22h 40m
10268,Main Story,PC,22h 46m
10268,Main Story,PC,22h 54m
10268,Main Story,PC,23h
10268,Main Story,PC,23h
10268,Main Story,PC,23h
10268,Main Story,PC,23h
10268,Main Story,PC,23h
10268,Main Story,PC,23h
10268,Main Story,PC,23h
10268,Main Story,PC,23h
10268,Main Story,PC,23h
10268,Main Story,PC,23h
10268,Main Story,PC,23h
10268,Main Story,PC,23h
10268,Main Story,PC,23h
10268,Main Story,PC,23h
10268,Main Story,PC,23h 15m
10268,Main Story,PC,23h 29m
10268,Main Story,PC,23h 45m
10268,Main Story,PC,23h 49m
10268,Main Story,PC,23h 56m
10268,Main Story,PC,23h 58m
10268,Main Story,PC,23h 58m
10268,Main Story,PC,24h
10268,Main Story,PC,24h
10268,Main Story,PC,24h
10268,Main Story,PC,24h
10268,Main Story,PC,24h
10268,Main Story,PC,24h
10268,Main Story,PC,24h
10268,Main Story,PC,24h
10268,Main Story,PC,24h
10268,Main Story,PC,24h
10268,Main Story,PC,24h
10268,Main Story,PC,24h
10268,Main Story,PC,24h
10268,Main Story,PC,24h
10268,Main Story,PC,24h
10268,Main Story,PC,24h
10268,Main Story,PC,24h
10268,Main Story,PC,24h
10268,Main Story,PC,24h
10268,Main Story,PC,24h
10268,Main Story,PC,24h
10268,Main Story,PC,24h
10268,Main Story,PC,24h
10268,Main Story,PC,24h
10268,Main Story,PC,24h
10268,Main Story,PC,24h
10268,Main Story,PC,24h
10268,Main Story,PC,24h
10268,Main Story,PC,24h
10268,Main Story,Xbox 360,24h
10268,Main Story,PC,24h
10268,Main Story,PC,24h
10268,Main Story,PC,24h
10268,Main Story,PC,24h
10268,Main Story,PC,24h
10268,Main Story,PC,24h 10m
10268,Main Story,PC,24h 10m
10268,Main Story,Xbox 360,24h 10m
10268,Main Story,PC,24h 12m
10268,Main Story,PC,24h 12m
10268,Main Story,PC,24h 18m
10268,Main Story,PC,24h 22m
10268,Main Story,PC,24h 25m
10268,Main Story,PC,24h 30m
10268,Main Story,PC,24h 38m
10268,Main Story,PC,24h 40m
10268,Main Story,PC,24h 40m
10268,Main Story,PC,25h
10268,Main Story,Linux,25h
10268,Main Story,PC,25h
10268,Main Story,PC,25h
10268,Main Story,PC,25h
10268,Main Story,PC,25h
10268,Main Story,PC,25h
10268,Main Story,PC,25h
10268,Main Story,PC,25h
10268,Main Story,PC,25h
10268,Main Story,PC,25h
10268,Main Story,PC,25h
10268,Main Story,PC,25h
10268,Main Story,PC,25h
10268,Main Story,PC,25h
10268,Main Story,PC,25h
10268,Main Story,PC,25h
10268,Main Story,PC,25h
10268,Main Story,PC,25h
10268,Main Story,PC,25h
10268,Main Story,PC,25h
10268,Main Story,PC,25h
10268,Main Story,PC,25h
10268,Main Story,PC,25h
10268,Main Story,PC,25h
10268,Main Story,PC,25h
10268,Main Story,PC,25h
10268,Main Story,PC,25h
10268,Main Story,PC,25h
10268,Main Story,PC,25h
10268,Main Story,PC,25h
10268,Main Story,PC,25h
10268,Main Story,PC,25h
10268,Main Story,PC,25h
10268,Main Story,PC,25h
10268,Main Story,PC,25h
10268,Main Story,Xbox 360,25h
10268,Main Story,PC,25h
10268,Main Story,PC,25h
10268,Main Story,PC,25h
10268,Main Story,PC,25h
10268,Main Story,PC,25h
10268,Main Story,PC,25h
10268,Main Story,PC,25h
10268,Main Story,Xbox 360,25h
10268,Main Story,Xbox 360,25h
10268,Main Story,PC,25h
10268,Main Story,PC,25h
10268,Main Story,PC,25h
10268,Main Story,PC,25h
10268,Main Story,PC,25h
10268,Main Story,PC,25h
10268,Main Story,PC,25h
10268,Main Story,PC,25h
10268,Main Story,PC,25h 05m
10268,Main Story,PC,25h 06m
10268,Main Story,PC,25h 06m
10268,Main Story,PC,25h 09m
10268,Main Story,PC,25h 10m
10268,Main Story,PC,25h 23m
10268,Main Story,PC,25h 30m
10268,Main Story,PC,25h 32m
10268,Main Story,PC,25h 43m
10268,Main Story,PC,25h 54m
10268,Main Story,NA,26h
10268,Main Story,PC,26h
10268,Main Story,PC,26h
10268,Main Story,PC,26h
10268,Main Story,PC,26h
10268,Main Story,PC,26h
10268,Main Story,PC,26h
10268,Main Story,PC,26h
10268,Main Story,PC,26h
10268,Main Story,NA,26h
10268,Main Story,PC,26h
10268,Main Story,PC,26h
10268,Main Story,PC,26h
10268,Main Story,PC,26h
10268,Main Story,PC,26h
10268,Main Story,PC,26h
10268,Main Story,PC,26h
10268,Main Story,PC,26h
10268,Main Story,PC,26h
10268,Main Story,PC,26h
10268,Main Story,PC,26h 08m
10268,Main Story,PC,26h 18m
10268,Main Story,PC,26h 20m
10268,Main Story,PC,26h 21m
10268,Main Story,PC,26h 23m
10268,Main Story,PC,26h 30m
10268,Main Story,PC,26h 35m
10268,Main Story,PC,27h
10268,Main Story,PC,27h
10268,Main Story,PC,27h
10268,Main Story,PC,27h
10268,Main Story,PC,27h
10268,Main Story,PC,27h
10268,Main Story,NA,27h
10268,Main Story,PC,27h
10268,Main Story,PC,27h
10268,Main Story,PC,27h
10268,Main Story,PC,27h
10268,Main Story,PC,27h
10268,Main Story,PC,27h
10268,Main Story,Xbox 360,27h
10268,Main Story,PC,27h 04m
10268,Main Story,PC,27h 11m
10268,Main Story,PC,27h 11m
10268,Main Story,PC,27h 13m
10268,Main Story,NA,27h 23m
10268,Main Story,Xbox 360,27h 27m
10268,Main Story,Xbox 360,27h 30m
10268,Main Story,PC,27h 30m
10268,Main Story,PC,28h
10268,Main Story,PC,28h
10268,Main Story,PC,28h
10268,Main Story,Xbox 360,28h
10268,Main Story,PC,28h
10268,Main Story,PC,28h
10268,Main Story,PC,28h
10268,Main Story,PC,28h
10268,Main Story,PC,28h
10268,Main Story,PC,28h
10268,Main Story,PC,28h
10268,Main Story,PC,28h
10268,Main Story,PC,28h
10268,Main Story,PC,28h
10268,Main Story,PC,28h
10268,Main Story,PC,28h
10268,Main Story,PC,28h
10268,Main Story,PC,28h
10268,Main Story,PC,29h
10268,Main Story,PC,29h
10268,Main Story,PC,29h
10268,Main Story,PC,29h
10268,Main Story,PC,29h
10268,Main Story,Mac,29h
10268,Main Story,PC,29h
10268,Main Story,PC,29h
10268,Main Story,PC,29h 48m
10268,Main Story,PC,29h 54m
10268,Main Story,PC,30h
10268,Main Story,PC,30h
10268,Main Story,PC,30h
10268,Main Story,PC,30h
10268,Main Story,PC,30h
10268,Main Story,PC,30h
10268,Main Story,PC,30h
10268,Main Story,PC,30h
10268,Main Story,PC,30h
10268,Main Story,PC,30h
10268,Main Story,PC,30h
10268,Main Story,Xbox 360,30h
10268,Main Story,PC,30h
10268,Main Story,PC,30h
10268,Main Story,PC,30h
10268,Main Story,PC,30h
10268,Main Story,Xbox 360,30h
10268,Main Story,PC,30h
10268,Main Story,PC,30h
10268,Main Story,Xbox 360,30h
10268,Main Story,PC,30h
10268,Main Story,PC,30h
10268,Main Story,Xbox 360,30h
10268,Main Story,PC,30h
10268,Main Story,PC,30h
10268,Main Story,PC,30h
10268,Main Story,PC,30h
10268,Main Story,Linux,30h 11m
10268,Main Story,Xbox 360,30h 14m
10268,Main Story,Mac,30h 20m
10268,Main Story,PC,30h 35m
10268,Main Story,PC,30h 37m
10268,Main Story,PC,31h
10268,Main Story,PC,31h
10268,Main Story,PC,31h
10268,Main Story,PC,31h
10268,Main Story,PC,32h
10268,Main Story,PC,32h
10268,Main Story,Xbox 360,32h
10268,Main Story,PC,32h
10268,Main Story,PC,32h
10268,Main Story,PC,32h
10268,Main Story,PC,32h 12m
10268,Main Story,PC,32h 19m
10268,Main Story,PC,33h
10268,Main Story,PC,33h
10268,Main Story,PC,33h
10268,Main Story,PC,33h
10268,Main Story,PC,33h
10268,Main Story,PC,33h
10268,Main Story,PC,33h
10268,Main Story,PC,33h 13m
10268,Main Story,PC,34h
10268,Main Story,PC,34h 25m
10268,Main Story,Xbox 360,35h
10268,Main Story,PC,35h
10268,Main Story,PC,35h
10268,Main Story,PC,35h
10268,Main Story,PC,35h
10268,Main Story,PC,35h
10268,Main Story,PC,35h
10268,Main Story,PC,35h
10268,Main Story,PC,35h
10268,Main Story,PC,35h
10268,Main Story,PC,35h
10268,Main Story,PC,35h 18m
10268,Main Story,PC,35h 20m
10268,Main Story,PC,35h 30m
10268,Main Story,PC,36h
10268,Main Story,PC,36h
10268,Main Story,Xbox 360,37h 42m
10268,Main Story,PC,38h
10268,Main Story,PC,38h
10268,Main Story,PC,38h 58m
10268,Main Story,PC,39h
10268,Main Story,PC,39h
10268,Main Story,PC,39h
10268,Main Story,PC,39h 43m
10268,Main Story,Xbox 360,40h
10268,Main Story,PC,40h
10268,Main Story,Xbox 360,40h
10268,Main Story,Xbox 360,40h
10268,Main Story,PC,40h
10268,Main Story,PC,41h
10268,Main Story,PC,41h
10268,Main Story,Xbox 360,41h
10268,Main Story,PC,41h
10268,Main Story,PC,41h
10268,Main Story,PC,41h
10268,Main Story,PC,42h
10268,Main Story,PC,42h 09m
10268,Main Story,PC,43h
10268,Main Story,PC,43h 42m
10268,Main Story,PC,45h
10268,Main Story,Xbox 360,45h 48m
10268,Main Story,PC,46h
10268,Main Story,PC,47h
10268,Main Story,PC,47h
10268,Main Story,PC,47h 50m
10268,Main Story,PC,48h 20m
10268,Main Story,Xbox 360,50h
10268,Main Story,PC,50h
10268,Main Story,PC,55h
10268,Main Story,PC,55h
10268,Main Story,PC,60h
10268,Main Story,PC,60h
10268,Main + Extras,PC,11h 24m
10268,Main + Extras,Xbox 360,12h 32m
10268,Main + Extras,PC,14h 07m
10268,Main + Extras,PC,14h 42m
10268,Main + Extras,PC,14h 50m
10268,Main + Extras,PC,15h
10268,Main + Extras,PC,15h
10268,Main + Extras,PC,15h
10268,Main + Extras,PC,15h 29m
10268,Main + Extras,PC,15h 40m
10268,Main + Extras,PC,16h
10268,Main + Extras,PC,16h
10268,Main + Extras,PC,16h 10m
10268,Main + Extras,PC,16h 15m
10268,Main + Extras,PC,16h 35m
10268,Main + Extras,PC,17h
10268,Main + Extras,PC,17h
10268,Main + Extras,PC,17h
10268,Main + Extras,PC,18h
10268,Main + Extras,PC,18h
10268,Main + Extras,PC,18h
10268,Main + Extras,PC,18h
10268,Main + Extras,PC,18h
10268,Main + Extras,PC,18h
10268,Main + Extras,PC,18h 03m
10268,Main + Extras,PC,18h 08m
10268,Main + Extras,PC,18h 22m
10268,Main + Extras,PC,18h 22m
10268,Main + Extras,PC,18h 30m
10268,Main + Extras,PC,19h
10268,Main + Extras,PC,19h
10268,Main + Extras,Xbox 360,19h
10268,Main + Extras,PC,19h 30m
10268,Main + Extras,PC,19h 59m
10268,Main + Extras,PC,20h
10268,Main + Extras,PC,20h
10268,Main + Extras,PC,20h
10268,Main + Extras,PC,20h
10268,Main + Extras,Xbox 360,20h
10268,Main + Extras,PC,20h
10268,Main + Extras,PC,20h
10268,Main + Extras,Xbox One,20h
10268,Main + Extras,Xbox 360,20h
10268,Main + Extras,PC,20h
10268,Main + Extras,PC,20h
10268,Main + Extras,PC,20h
10268,Main + Extras,PC,20h
10268,Main + Extras,Xbox 360,20h 03m
10268,Main + Extras,PC,20h 10m
10268,Main + Extras,PC,20h 14m
10268,Main + Extras,PC,20h 22m
10268,Main + Extras,PC,20h 46m
10268,Main + Extras,PC,21h
10268,Main + Extras,Mac,21h
10268,Main + Extras,PC,21h
10268,Main + Extras,PC,21h
10268,Main + Extras,PC,21h
10268,Main + Extras,PC,21h
10268,Main + Extras,PC,21h
10268,Main + Extras,PC,21h
10268,Main + Extras,PC,21h
10268,Main + Extras,PC,21h
10268,Main + Extras,PC,21h
10268,Main + Extras,PC,21h
10268,Main + Extras,PC,21h
10268,Main + Extras,PC,21h
10268,Main + Extras,PC,21h
10268,Main + Extras,PC,21h
10268,Main + Extras,PC,21h
10268,Main + Extras,PC,21h 11m
10268,Main + Extras,PC,21h 13m
10268,Main + Extras,PC,21h 28m
10268,Main + Extras,PC,21h 43m
10268,Main + Extras,PC,21h 45m
10268,Main + Extras,NA,22h
10268,Main + Extras,NA,22h
10268,Main + Extras,PC,22h
10268,Main + Extras,PC,22h
10268,Main + Extras,PC,22h
10268,Main + Extras,PC,22h
10268,Main + Extras,PC,22h
10268,Main + Extras,PC,22h
10268,Main + Extras,Xbox 360,22h
10268,Main + Extras,PC,22h
10268,Main + Extras,PC,22h
10268,Main + Extras,PC,22h
10268,Main + Extras,PC,22h
10268,Main + Extras,PC,22h
10268,Main + Extras,PC,22h 02m
10268,Main + Extras,PC,22h 05m
10268,Main + Extras,PC,22h 06m
10268,Main + Extras,PC,22h 09m
10268,Main + Extras,Xbox 360,22h 10m
10268,Main + Extras,PC,22h 11m
10268,Main + Extras,PC,22h 20m
10268,Main + Extras,PC,22h 24m
10268,Main + Extras,PC,22h 24m
10268,Main + Extras,PC,22h 25m
10268,Main + Extras,PC,22h 25m
10268,Main + Extras,PC,22h 30m
10268,Main + Extras,PC,22h 30m
10268,Main + Extras,PC,22h 30m
10268,Main + Extras,PC,22h 42m
10268,Main + Extras,PC,22h 48m
10268,Main + Extras,PC,23h
10268,Main + Extras,PC,23h
10268,Main + Extras,PC,23h
10268,Main + Extras,PC,23h
10268,Main + Extras,PC,23h
10268,Main + Extras,PC,23h
10268,Main + Extras,Linux,23h
10268,Main + Extras,PC,23h
10268,Main + Extras,PC,23h
10268,Main + Extras,PC,23h
10268,Main + Extras,PC,23h
10268,Main + Extras,PC,23h
10268,Main + Extras,PC,23h
10268,Main + Extras,PC,23h
10268,Main + Extras,PC,23h
10268,Main + Extras,PC,23h
10268,Main + Extras,PC,23h
10268,Main + Extras,PC,23h
10268,Main + Extras,PC,23h
10268,Main + Extras,PC,23h 04m
10268,Main + Extras,PC,23h 05m
10268,Main + Extras,PC,23h 09m
10268,Main + Extras,PC,23h 10m
10268,Main + Extras,PC,23h 12m
10268,Main + Extras,PC,23h 20m
10268,Main + Extras,PC,23h 20m
10268,Main + Extras,PC,23h 20m
10268,Main + Extras,PC,23h 22m
10268,Main + Extras,PC,23h 27m
10268,Main + Extras,PC,23h 30m
10268,Main + Extras,PC,23h 30m
10268,Main + Extras,PC,23h 35m
10268,Main + Extras,PC,24h
10268,Main + Extras,PC,24h
10268,Main + Extras,PC,24h
10268,Main + Extras,PC,24h
10268,Main + Extras,PC,24h
10268,Main + Extras,NA,24h
10268,Main + Extras,PC,24h
10268,Main + Extras,PC,24h
10268,Main + Extras,PC,24h
10268,Main + Extras,PC,24h
10268,Main + Extras,PC,24h
10268,Main + Extras,PC,24h
10268,Main + Extras,PC,24h
10268,Main + Extras,PC,24h
10268,Main + Extras,PC,24h
10268,Main + Extras,PC,24h
10268,Main + Extras,PC,24h
10268,Main + Extras,PC,24h
10268,Main + Extras,PC,24h 03m
10268,Main + Extras,PC,24h 06m
10268,Main + Extras,PC,24h 12m
10268,Main + Extras,PC,24h 24m
10268,Main + Extras,PC,24h 30m
10268,Main + Extras,PC,24h 30m
10268,Main + Extras,PC,24h 30m
10268,Main + Extras,Xbox 360,24h 30m
10268,Main + Extras,PC,24h 33m
10268,Main + Extras,PC,24h 35m
10268,Main + Extras,PC,24h 36m
10268,Main + Extras,PC,24h 45m
10268,Main + Extras,PC,24h 45m
10268,Main + Extras,PC,24h 47m
10268,Main + Extras,PC,24h 50m
10268,Main + Extras,NA,25h
10268,Main + Extras,PC,25h
10268,Main + Extras,PC,25h
10268,Main + Extras,PC,25h
10268,Main + Extras,PC,25h
10268,Main + Extras,PC,25h
10268,Main + Extras,PC,25h
10268,Main + Extras,Xbox 360,25h
10268,Main + Extras,PC,25h
10268,Main + Extras,PC,25h
10268,Main + Extras,Xbox 360,25h
10268,Main + Extras,PC,25h
10268,Main + Extras,PC,25h
10268,Main + Extras,PC,25h
10268,Main + Extras,PC,25h
10268,Main + Extras,PC,25h
10268,Main + Extras,PC,25h
10268,Main + Extras,PC,25h
10268,Main + Extras,PC,25h
10268,Main + Extras,Xbox 360,25h
10268,Main + Extras,PC,25h
10268,Main + Extras,PC,25h
10268,Main + Extras,Xbox 360,25h
10268,Main + Extras,PC,25h
10268,Main + Extras,PC,25h
10268,Main + Extras,PC,25h
10268,Main + Extras,PC,25h
10268,Main + Extras,PC,25h
10268,Main + Extras,PC,25h
10268,Main + Extras,PC,25h
10268,Main + Extras,PC,25h
10268,Main + Extras,PC,25h
10268,Main + Extras,PC,25h
10268,Main + Extras,Xbox 360,25h
10268,Main + Extras,PC,25h
10268,Main + Extras,PC,25h
10268,Main + Extras,PC,25h
10268,Main + Extras,PC,25h 10m
10268,Main + Extras,PC,25h 12m
10268,Main + Extras,PC,25h 12m
10268,Main + Extras,PC,25h 13m
10268,Main + Extras,PC,25h 15m
10268,Main + Extras,PC,25h 15m
10268,Main + Extras,PC,25h 20m
10268,Main + Extras,Xbox 360,25h 20m
10268,Main + Extras,PC,25h 20m
10268,Main + Extras,PC,25h 30m
10268,Main + Extras,PC,25h 30m
10268,Main + Extras,PC,25h 30m
10268,Main + Extras,PC,25h 30m
10268,Main + Extras,PC,25h 30m
10268,Main + Extras,PC,25h 54m
10268,Main + Extras,PC,26h
10268,Main + Extras,PC,26h
10268,Main + Extras,PC,26h
10268,Main + Extras,PC,26h
10268,Main + Extras,PC,26h
10268,Main + Extras,PC,26h
10268,Main + Extras,PC,26h
10268,Main + Extras,PC,26h
10268,Main + Extras,PC,26h
10268,Main + Extras,PC,26h
10268,Main + Extras,PC,26h
10268,Main + Extras,PC,26h
10268,Main + Extras,PC,26h
10268,Main + Extras,PC,26h
10268,Main + Extras,PC,26h
10268,Main + Extras,PC,26h
10268,Main + Extras,PC,26h
10268,Main + Extras,PC,26h
10268,Main + Extras,PC,26h
10268,Main + Extras,PC,26h
10268,Main + Extras,PC,26h
10268,Main + Extras,PC,26h
10268,Main + Extras,NA,26h
10268,Main + Extras,PC,26h
10268,Main + Extras,PC,26h 02m
10268,Main + Extras,PC,26h 07m
10268,Main + Extras,PC,26h 10m
10268,Main + Extras,PC,26h 18m
10268,Main + Extras,PC,26h 19m
10268,Main + Extras,PC,26h 20m
10268,Main + Extras,PC,26h 29m
10268,Main + Extras,PC,26h 30m
10268,Main + Extras,PC,26h 31m
10268,Main + Extras,PC,26h 36m
10268,Main + Extras,PC,26h 36m
10268,Main + Extras,PC,26h 36m
10268,Main + Extras,PC,26h 42m
10268,Main + Extras,PC,26h 45m
10268,Main + Extras,PC,26h 47m
10268,Main + Extras,PC,26h 49m
10268,Main + Extras,PC,26h 53m
10268,Main + Extras,PC,27h
10268,Main + Extras,PC,27h
10268,Main + Extras,PC,27h
10268,Main + Extras,PC,27h
10268,Main + Extras,PC,27h
10268,Main + Extras,PC,27h
10268,Main + Extras,PC,27h
10268,Main + Extras,PC,27h
10268,Main + Extras,PC,27h
10268,Main + Extras,PC,27h
10268,Main + Extras,PC,27h
10268,Main + Extras,PC,27h
10268,Main + Extras,PC,27h
10268,Main + Extras,PC,27h
10268,Main + Extras,PC,27h
10268,Main + Extras,PC,27h
10268,Main + Extras,PC,27h
10268,Main + Extras,PC,27h
10268,Main + Extras,PC,27h
10268,Main + Extras,PC,27h
10268,Main + Extras,PC,27h
10268,Main + Extras,PC,27h
10268,Main + Extras,PC,27h
10268,Main + Extras,PC,27h 05m
10268,Main + Extras,PC,27h 11m
10268,Main + Extras,PC,27h 15m
10268,Main + Extras,PC,27h 15m
10268,Main + Extras,PC,27h 30m
10268,Main + Extras,PC,27h 30m
10268,Main + Extras,PC,27h 30m
10268,Main + Extras,Linux,27h 34m
10268,Main + Extras,Xbox 360,27h 35m
10268,Main + Extras,PC,27h 36m
10268,Main + Extras,PC,27h 39m
10268,Main + Extras,PC,27h 40m
10268,Main + Extras,Xbox 360,27h 59m
10268,Main + Extras,PC,28h
10268,Main + Extras,PC,28h
10268,Main + Extras,PC,28h
10268,Main + Extras,PC,28h
10268,Main + Extras,PC,28h
10268,Main + Extras,PC,28h
10268,Main + Extras,PC,28h
10268,Main + Extras,Xbox 360,28h
10268,Main + Extras,PC,28h
10268,Main + Extras,PC,28h
10268,Main + Extras,PC,28h
10268,Main + Extras,PC,28h
10268,Main + Extras,PC,28h
10268,Main + Extras,PC,28h
10268,Main + Extras,PC,28h
10268,Main + Extras,PC,28h
10268,Main + Extras,PC,28h
10268,Main + Extras,PC,28h
10268,Main + Extras,PC,28h
10268,Main + Extras,PC,28h
10268,Main + Extras,PC,28h
10268,Main + Extras,PC,28h
10268,Main + Extras,PC,28h
10268,Main + Extras,NA,28h
10268,Main + Extras,PC,28h
10268,Main + Extras,PC,28h
10268,Main + Extras,PC,28h
10268,Main + Extras,PC,28h
10268,Main + Extras,PC,28h
10268,Main + Extras,PC,28h
10268,Main + Extras,PC,28h
10268,Main + Extras,PC,28h
10268,Main + Extras,Xbox 360,28h
10268,Main + Extras,PC,28h
10268,Main + Extras,PC,28h
10268,Main + Extras,PC,28h
10268,Main + Extras,PC,28h
10268,Main + Extras,PC,28h
10268,Main + Extras,PC,28h 10m
10268,Main + Extras,Xbox 360,28h 15m
10268,Main + Extras,PC,28h 15m
10268,Main + Extras,PC,28h 18m
10268,Main + Extras,PC,28h 30m
10268,Main + Extras,PC,28h 30m
10268,Main + Extras,PC,28h 30m
10268,Main + Extras,PC,28h 30m
10268,Main + Extras,Xbox 360,28h 31m
10268,Main + Extras,Xbox 360,28h 35m
10268,Main + Extras,PC,28h 36m
10268,Main + Extras,PC,28h 38m
10268,Main + Extras,PC,28h 38m
10268,Main + Extras,PC,28h 39m
10268,Main + Extras,PC,28h 40m
10268,Main + Extras,PC,28h 43m
10268,Main + Extras,PC,28h 45m
10268,Main + Extras,PC,28h 56m
10268,Main + Extras,NA,29h
10268,Main + Extras,PC,29h
10268,Main + Extras,PC,29h
10268,Main + Extras,PC,29h
10268,Main + Extras,PC,29h
10268,Main + Extras,PC,29h
10268,Main + Extras,PC,29h
10268,Main + Extras,PC,29h
10268,Main + Extras,PC,29h
10268,Main + Extras,PC,29h
10268,Main + Extras,PC,29h
10268,Main + Extras,PC,29h
10268,Main + Extras,PC,29h
10268,Main + Extras,PC,29h
10268,Main + Extras,PC,29h
10268,Main + Extras,PC,29h
10268,Main + Extras,PC,29h
10268,Main + Extras,PC,29h
10268,Main + Extras,PC,29h
10268,Main + Extras,PC,29h
10268,Main + Extras,PC,29h
10268,Main + Extras,PC,29h
10268,Main + Extras,PC,29h
10268,Main + Extras,PC,29h
10268,Main + Extras,PC,29h
10268,Main + Extras,PC,29h
10268,Main + Extras,PC,29h
10268,Main + Extras,PC,29h
10268,Main + Extras,PC,29h
10268,Main + Extras,PC,29h
10268,Main + Extras,PC,29h
10268,Main + Extras,PC,29h
10268,Main + Extras,PC,29h
10268,Main + Extras,PC,29h
10268,Main + Extras,PC,29h
10268,Main + Extras,PC,29h
10268,Main + Extras,PC,29h
10268,Main + Extras,PC,29h
10268,Main + Extras,PC,29h
10268,Main + Extras,PC,29h
10268,Main + Extras,PC,29h
10268,Main + Extras,PC,29h
10268,Main + Extras,PC,29h 01m
10268,Main + Extras,PC,29h 09m
10268,Main + Extras,PC,29h 21m
10268,Main + Extras,PC,29h 24m
10268,Main + Extras,PC,29h 30m
10268,Main + Extras,PC,29h 30m
10268,Main + Extras,PC,29h 30m
10268,Main + Extras,PC,29h 31m
10268,Main + Extras,PC,29h 35m
10268,Main + Extras,PC,29h 42m
10268,Main + Extras,PC,29h 45m
10268,Main + Extras,PC,29h 45m
10268,Main + Extras,PC,29h 46m
10268,Main + Extras,PC,29h 51m
10268,Main + Extras,PC,30h
10268,Main + Extras,PC,30h
10268,Main + Extras,PC,30h
10268,Main + Extras,PC,30h
10268,Main + Extras,PC,30h
10268,Main + Extras,PC,30h
10268,Main + Extras,PC,30h
10268,Main + Extras,PC,30h
10268,Main + Extras,PC,30h
10268,Main + Extras,PC,30h
10268,Main + Extras,PC,30h
10268,Main + Extras,PC,30h
10268,Main + Extras,Xbox 360,30h
10268,Main + Extras,PC,30h
10268,Main + Extras,PC,30h
10268,Main + Extras,PC,30h
10268,Main + Extras,PC,30h
10268,Main + Extras,PC,30h
10268,Main + Extras,PC,30h
10268,Main + Extras,PC,30h
10268,Main + Extras,PC,30h
10268,Main + Extras,PC,30h
10268,Main + Extras,PC,30h
10268,Main + Extras,PC,30h
10268,Main + Extras,PC,30h
10268,Main + Extras,PC,30h
10268,Main + Extras,PC,30h
10268,Main + Extras,PC,30h
10268,Main + Extras,PC,30h
10268,Main + Extras,Xbox 360,30h
10268,Main + Extras,Xbox 360,30h
10268,Main + Extras,PC,30h
10268,Main + Extras,PC,30h
10268,Main + Extras,PC,30h
10268,Main + Extras,PC,30h
10268,Main + Extras,PC,30h
10268,Main + Extras,PC,30h
10268,Main + Extras,PC,30h
10268,Main + Extras,Xbox 360,30h
10268,Main + Extras,PC,30h
10268,Main + Extras,PC,30h
10268,Main + Extras,PC,30h
10268,Main + Extras,PC,30h
10268,Main + Extras,PC,30h
10268,Main + Extras,PC,30h
10268,Main + Extras,PC,30h
10268,Main + Extras,Xbox 360,30h
10268,Main + Extras,PC,30h
10268,Main + Extras,PC,30h
10268,Main + Extras,PC,30h
10268,Main + Extras,PC,30h
10268,Main + Extras,PC,30h
10268,Main + Extras,Mac,30h
10268,Main + Extras,PC,30h
10268,Main + Extras,PC,30h
10268,Main + Extras,PC,30h
10268,Main + Extras,PC,30h
10268,Main + Extras,PC,30h
10268,Main + Extras,PC,30h
10268,Main + Extras,PC,30h
10268,Main + Extras,PC,30h
10268,Main + Extras,PC,30h
10268,Main + Extras,Xbox One,30h
10268,Main + Extras,PC,30h
10268,Main + Extras,PC,30h
10268,Main + Extras,PC,30h
10268,Main + Extras,PC,30h
10268,Main + Extras,PC,30h
10268,Main + Extras,PC,30h
10268,Main + Extras,PC,30h
10268,Main + Extras,PC,30h
10268,Main + Extras,PC,30h 15m
10268,Main + Extras,PC,30h 24m
10268,Main + Extras,PC,30h 24m
10268,Main + Extras,PC,30h 27m
10268,Main + Extras,PC,30h 32m
10268,Main + Extras,PC,30h 42m
10268,Main + Extras,PC,30h 45m
10268,Main + Extras,PC,31h
10268,Main + Extras,PC,31h
10268,Main + Extras,PC,31h
10268,Main + Extras,PC,31h
10268,Main + Extras,PC,31h
10268,Main + Extras,PC,31h
10268,Main + Extras,PC,31h
10268,Main + Extras,PC,31h
10268,Main + Extras,PC,31h
10268,Main + Extras,PC,31h
10268,Main + Extras,PC,31h
10268,Main + Extras,PC,31h
10268,Main + Extras,PC,31h
10268,Main + Extras,PC,31h
10268,Main + Extras,PC,31h
10268,Main + Extras,PC,31h
10268,Main + Extras,PC,31h
10268,Main + Extras,PC,31h
10268,Main + Extras,PC,31h
10268,Main + Extras,PC,31h
10268,Main + Extras,PC,31h
10268,Main + Extras,PC,31h
10268,Main + Extras,PC,31h
10268,Main + Extras,PC,31h
10268,Main + Extras,PC,31h
10268,Main + Extras,PC,31h
10268,Main + Extras,PC,31h
10268,Main + Extras,PC,31h
10268,Main + Extras,PC,31h
10268,Main + Extras,PC,31h
10268,Main + Extras,Xbox 360,31h
10268,Main + Extras,PC,31h
10268,Main + Extras,PC,31h
10268,Main + Extras,PC,31h
10268,Main + Extras,PC,31h
10268,Main + Extras,PC,31h
10268,Main + Extras,PC,31h
10268,Main + Extras,PC,31h
10268,Main + Extras,PC,31h
10268,Main + Extras,PC,31h
10268,Main + Extras,PC,31h
10268,Main + Extras,PC,31h
10268,Main + Extras,PC,31h
10268,Main + Extras,PC,31h
10268,Main + Extras,Xbox 360,31h
10268,Main + Extras,PC,31h
10268,Main + Extras,PC,31h
10268,Main + Extras,PC,31h
10268,Main + Extras,PC,31h
10268,Main + Extras,PC,31h
10268,Main + Extras,PC,31h
10268,Main + Extras,PC,31h
10268,Main + Extras,PC,31h
10268,Main + Extras,PC,31h 01m
10268,Main + Extras,Xbox 360,31h 01m
10268,Main + Extras,PC,31h 02m
10268,Main + Extras,PC,31h 05m
10268,Main + Extras,PC,31h 10m
10268,Main + Extras,PC,31h 13m
10268,Main + Extras,PC,31h 14m
10268,Main + Extras,PC,31h 20m
10268,Main + Extras,PC,31h 21m
10268,Main + Extras,PC,31h 23m
10268,Main + Extras,PC,31h 23m
10268,Main + Extras,PC,31h 26m
10268,Main + Extras,PC,31h 30m
10268,Main + Extras,PC,31h 30m
10268,Main + Extras,PC,31h 30m
10268,Main + Extras,PC,31h 40m
10268,Main + Extras,PC,31h 40m
10268,Main + Extras,PC,31h 40m
10268,Main + Extras,PC,31h 45m
10268,Main + Extras,PC,31h 46m
10268,Main + Extras,PC,31h 48m
10268,Main + Extras,PC,31h 54m
10268,Main + Extras,PC,32h
10268,Main + Extras,PC,32h
10268,Main + Extras,PC,32h
10268,Main + Extras,PC,32h
10268,Main + Extras,PC,32h
10268,Main + Extras,PC,32h
10268,Main + Extras,PC,32h
10268,Main + Extras,PC,32h
10268,Main + Extras,PC,32h
10268,Main + Extras,PC,32h
10268,Main + Extras,PC,32h
10268,Main + Extras,PC,32h
10268,Main + Extras,PC,32h
10268,Main + Extras,PC,32h
10268,Main + Extras,PC,32h
10268,Main + Extras,PC,32h
10268,Main + Extras,PC,32h
10268,Main + Extras,PC,32h
10268,Main + Extras,PC,32h
10268,Main + Extras,PC,32h
10268,Main + Extras,PC,32h
10268,Main + Extras,PC,32h
10268,Main + Extras,PC,32h
10268,Main + Extras,PC,32h
10268,Main + Extras,PC,32h
10268,Main + Extras,PC,32h
10268,Main + Extras,PC,32h
10268,Main + Extras,PC,32h
10268,Main + Extras,PC,32h
10268,Main + Extras,PC,32h
10268,Main + Extras,PC,32h
10268,Main + Extras,PC,32h
10268,Main + Extras,PC,32h
10268,Main + Extras,PC,32h
10268,Main + Extras,PC,32h
10268,Main + Extras,PC,32h
10268,Main + Extras,PC,32h
10268,Main + Extras,PC,32h
10268,Main + Extras,PC,32h
10268,Main + Extras,PC,32h
10268,Main + Extras,PC,32h
10268,Main + Extras,PC,32h
10268,Main + Extras,PC,32h
10268,Main + Extras,PC,32h
10268,Main + Extras,PC,32h
10268,Main + Extras,PC,32h
10268,Main + Extras,PC,32h
10268,Main + Extras,PC,32h
10268,Main + Extras,PC,32h
10268,Main + Extras,PC,32h 11m
10268,Main + Extras,PC,32h 14m
10268,Main + Extras,PC,32h 15m
10268,Main + Extras,PC,32h 20m
10268,Main + Extras,PC,32h 21m
10268,Main + Extras,PC,32h 25m
10268,Main + Extras,PC,32h 28m
10268,Main + Extras,Xbox 360,32h 30m
10268,Main + Extras,PC,32h 30m
10268,Main + Extras,PC,32h 30m
10268,Main + Extras,PC,32h 36m
10268,Main + Extras,PC,32h 37m
10268,Main + Extras,PC,32h 38m
10268,Main + Extras,PC,32h 41m
10268,Main + Extras,PC,32h 47m
10268,Main + Extras,PC,33h
10268,Main + Extras,PC,33h
10268,Main + Extras,PC,33h
10268,Main + Extras,Xbox 360,33h
10268,Main + Extras,PC,33h
10268,Main + Extras,PC,33h
10268,Main + Extras,PC,33h
10268,Main + Extras,PC,33h
10268,Main + Extras,PC,33h
10268,Main + Extras,PC,33h
10268,Main + Extras,PC,33h
10268,Main + Extras,PC,33h
10268,Main + Extras,PC,33h
10268,Main + Extras,PC,33h
10268,Main + Extras,PC,33h
10268,Main + Extras,PC,33h
10268,Main + Extras,PC,33h
10268,Main + Extras,PC,33h
10268,Main + Extras,PC,33h
10268,Main + Extras,PC,33h
10268,Main + Extras,PC,33h
10268,Main + Extras,PC,33h
10268,Main + Extras,PC,33h
10268,Main + Extras,PC,33h
10268,Main + Extras,PC,33h
10268,Main + Extras,PC,33h
10268,Main + Extras,PC,33h 03m
10268,Main + Extras,PC,33h 10m
10268,Main + Extras,PC,33h 15m
10268,Main + Extras,PC,33h 22m
10268,Main + Extras,PC,33h 28m
10268,Main + Extras,PC,33h 30m
10268,Main + Extras,Xbox 360,33h 34m
10268,Main + Extras,PC,33h 42m
10268,Main + Extras,PC,33h 43m
10268,Main + Extras,PC,34h
10268,Main + Extras,PC,34h
10268,Main + Extras,PC,34h
10268,Main + Extras,PC,34h
10268,Main + Extras,PC,34h
10268,Main + Extras,PC,34h
10268,Main + Extras,Linux,34h
10268,Main + Extras,PC,34h
10268,Main + Extras,PC,34h
10268,Main + Extras,PC,34h
10268,Main + Extras,Xbox 360,34h
10268,Main + Extras,PC,34h
10268,Main + Extras,PC,34h
10268,Main + Extras,PC,34h
10268,Main + Extras,PC,34h
10268,Main + Extras,PC,34h
10268,Main + Extras,PC,34h
10268,Main + Extras,PC,34h
10268,Main + Extras,PC,34h
10268,Main + Extras,PC,34h
10268,Main + Extras,PC,34h
10268,Main + Extras,PC,34h
10268,Main + Extras,PC,34h
10268,Main + Extras,PC,34h
10268,Main + Extras,PC,34h
10268,Main + Extras,PC,34h
10268,Main + Extras,PC,34h
10268,Main + Extras,PC,34h
10268,Main + Extras,PC,34h
10268,Main + Extras,PC,34h
10268,Main + Extras,PC,34h
10268,Main + Extras,PC,34h
10268,Main + Extras,NA,34h
10268,Main + Extras,PC,34h
10268,Main + Extras,PC,34h
10268,Main + Extras,PC,34h
10268,Main + Extras,PC,34h
10268,Main + Extras,PC,34h
10268,Main + Extras,PC,34h
10268,Main + Extras,PC,34h
10268,Main + Extras,PC,34h
10268,Main + Extras,PC,34h
10268,Main + Extras,PC,34h
10268,Main + Extras,Xbox 360,34h 03m
10268,Main + Extras,PC,34h 13m
10268,Main + Extras,PC,34h 17m
10268,Main + Extras,PC,34h 18m
10268,Main + Extras,PC,34h 18m
10268,Main + Extras,PC,34h 20m
10268,Main + Extras,PC,34h 20m
10268,Main + Extras,PC,34h 29m
10268,Main + Extras,Xbox 360,34h 47m
10268,Main + Extras,PC,34h 47m
10268,Main + Extras,PC,34h 57m
10268,Main + Extras,PC,35h
10268,Main + Extras,Xbox 360,35h
10268,Main + Extras,PC,35h
10268,Main + Extras,PC,35h
10268,Main + Extras,PC,35h
10268,Main + Extras,PC,35h
10268,Main + Extras,PC,35h
10268,Main + Extras,PC,35h
10268,Main + Extras,PC,35h
10268,Main + Extras,PC,35h
10268,Main + Extras,PC,35h
10268,Main + Extras,PC,35h
10268,Main + Extras,PC,35h
10268,Main + Extras,PC,35h
10268,Main + Extras,Xbox One,35h
10268,Main + Extras,PC,35h
10268,Main + Extras,PC,35h
10268,Main + Extras,PC,35h
10268,Main + Extras,PC,35h
10268,Main + Extras,PC,35h
10268,Main + Extras,PC,35h
10268,Main + Extras,PC,35h
10268,Main + Extras,Xbox 360,35h
10268,Main + Extras,Xbox One,35h
10268,Main + Extras,PC,35h
10268,Main + Extras,PC,35h
10268,Main + Extras,PC,35h
10268,Main + Extras,PC,35h
10268,Main + Extras,PC,35h
10268,Main + Extras,PC,35h
10268,Main + Extras,PC,35h
10268,Main + Extras,PC,35h
10268,Main + Extras,PC,35h
10268,Main + Extras,PC,35h
10268,Main + Extras,PC,35h
10268,Main + Extras,PC,35h
10268,Main + Extras,PC,35h
10268,Main + Extras,PC,35h
10268,Main + Extras,PC,35h
10268,Main + Extras,Xbox 360,35h
10268,Main + Extras,PC,35h
10268,Main + Extras,PC,35h
10268,Main + Extras,PC,35h
10268,Main + Extras,PC,35h
10268,Main + Extras,PC,35h
10268,Main + Extras,PC,35h
10268,Main + Extras,PC,35h
10268,Main + Extras,PC,35h
10268,Main + Extras,PC,35h
10268,Main + Extras,PC,35h
10268,Main + Extras,PC,35h
10268,Main + Extras,PC,35h
10268,Main + Extras,PC,35h
10268,Main + Extras,PC,35h
10268,Main + Extras,PC,35h
10268,Main + Extras,PC,35h
10268,Main + Extras,PC,35h
10268,Main + Extras,PC,35h
10268,Main + Extras,PC,35h
10268,Main + Extras,PC,35h
10268,Main + Extras,PC,35h 09m
10268,Main + Extras,PC,35h 14m
10268,Main + Extras,Xbox 360,35h 15m
10268,Main + Extras,PC,35h 16m
10268,Main + Extras,PC,35h 20m
10268,Main + Extras,PC,35h 21m
10268,Main + Extras,PC,35h 21m
10268,Main + Extras,PC,35h 22m
10268,Main + Extras,PC,35h 30m
10268,Main + Extras,NA,35h 30m
10268,Main + Extras,PC,35h 30m
10268,Main + Extras,PC,35h 35m
10268,Main + Extras,Xbox 360,35h 45m
10268,Main + Extras,PC,35h 52m
10268,Main + Extras,PC,36h
10268,Main + Extras,PC,36h
10268,Main + Extras,PC,36h
10268,Main + Extras,PC,36h
10268,Main + Extras,PC,36h
10268,Main + Extras,PC,36h
10268,Main + Extras,PC,36h
10268,Main + Extras,PC,36h
10268,Main + Extras,PC,36h
10268,Main + Extras,PC,36h
10268,Main + Extras,PC,36h
10268,Main + Extras,PC,36h
10268,Main + Extras,PC,36h
10268,Main + Extras,Xbox 360,36h
10268,Main + Extras,PC,36h
10268,Main + Extras,PC,36h
10268,Main + Extras,PC,36h
10268,Main + Extras,PC,36h
10268,Main + Extras,PC,36h
10268,Main + Extras,PC,36h
10268,Main + Extras,PC,36h
10268,Main + Extras,PC,36h
10268,Main + Extras,PC,36h
10268,Main + Extras,PC,36h
10268,Main + Extras,PC,36h
10268,Main + Extras,PC,36h
10268,Main + Extras,Xbox 360,36h
10268,Main + Extras,PC,36h
10268,Main + Extras,PC,36h
10268,Main + Extras,PC,36h
10268,Main + Extras,PC,36h
10268,Main + Extras,PC,36h
10268,Main + Extras,PC,36h
10268,Main + Extras,PC,36h
10268,Main + Extras,PC,36h
10268,Main + Extras,PC,36h
10268,Main + Extras,PC,36h
10268,Main + Extras,PC,36h
10268,Main + Extras,PC,36h 06m
10268,Main + Extras,PC,36h 11m
10268,Main + Extras,PC,36h 12m
10268,Main + Extras,PC,36h 12m
10268,Main + Extras,PC,36h 22m
10268,Main + Extras,PC,36h 25m
10268,Main + Extras,Xbox 360,36h 31m
10268,Main + Extras,PC,36h 32m
10268,Main + Extras,PC,36h 36m
10268,Main + Extras,Xbox 360,36h 37m
10268,Main + Extras,PC,36h 38m
10268,Main + Extras,Xbox 360,36h 40m
10268,Main + Extras,PC,36h 42m
10268,Main + Extras,PC,36h 45m
10268,Main + Extras,PC,36h 45m
10268,Main + Extras,PC,36h 49m
10268,Main + Extras,PC,36h 52m
10268,Main + Extras,PC,37h
10268,Main + Extras,PC,37h
10268,Main + Extras,PC,37h
10268,Main + Extras,PC,37h
10268,Main + Extras,PC,37h
10268,Main + Extras,PC,37h
10268,Main + Extras,PC,37h
10268,Main + Extras,PC,37h
10268,Main + Extras,PC,37h
10268,Main + Extras,PC,37h
10268,Main + Extras,PC,37h
10268,Main + Extras,PC,37h
10268,Main + Extras,PC,37h
10268,Main + Extras,PC,37h
10268,Main + Extras,PC,37h
10268,Main + Extras,PC,37h
10268,Main + Extras,PC,37h
10268,Main + Extras,PC,37h
10268,Main + Extras,PC,37h
10268,Main + Extras,PC,37h
10268,Main + Extras,PC,37h
10268,Main + Extras,PC,37h
10268,Main + Extras,PC,37h
10268,Main + Extras,Xbox 360,37h
10268,Main + Extras,PC,37h
10268,Main + Extras,PC,37h
10268,Main + Extras,PC,37h
10268,Main + Extras,Xbox 360,37h 01m
10268,Main + Extras,PC,37h 05m
10268,Main + Extras,PC,37h 21m
10268,Main + Extras,PC,37h 25m
10268,Main + Extras,PC,37h 35m
10268,Main + Extras,Mac,37h 40m
10268,Main + Extras,PC,37h 41m
10268,Main + Extras,Xbox 360,37h 43m
10268,Main + Extras,PC,37h 45m
10268,Main + Extras,PC,37h 56m
10268,Main + Extras,Xbox 360,38h
10268,Main + Extras,PC,38h
10268,Main + Extras,PC,38h
10268,Main + Extras,PC,38h
10268,Main + Extras,PC,38h
10268,Main + Extras,PC,38h
10268,Main + Extras,PC,38h
10268,Main + Extras,PC,38h
10268,Main + Extras,PC,38h
10268,Main + Extras,PC,38h
10268,Main + Extras,PC,38h
10268,Main + Extras,PC,38h
10268,Main + Extras,PC,38h
10268,Main + Extras,PC,38h
10268,Main + Extras,PC,38h
10268,Main + Extras,PC,38h
10268,Main + Extras,PC,38h
10268,Main + Extras,PC,38h
10268,Main + Extras,PC,38h
10268,Main + Extras,PC,38h
10268,Main + Extras,PC,38h
10268,Main + Extras,PC,38h
10268,Main + Extras,PC,38h 02m
10268,Main + Extras,PC,38h 11m
10268,Main + Extras,PC,38h 13m
10268,Main + Extras,PC,38h 19m
10268,Main + Extras,PC,38h 20m
10268,Main + Extras,Linux,38h 20m
10268,Main + Extras,PC,38h 21m
10268,Main + Extras,PC,38h 25m
10268,Main + Extras,PC,38h 27m
10268,Main + Extras,PC,38h 31m
10268,Main + Extras,PC,38h 33m
10268,Main + Extras,Xbox 360,38h 35m
10268,Main + Extras,PC,38h 36m
10268,Main + Extras,PC,38h 48m
10268,Main + Extras,NA,38h 48m
10268,Main + Extras,PC,39h
10268,Main + Extras,PC,39h
10268,Main + Extras,PC,39h
10268,Main + Extras,PC,39h
10268,Main + Extras,PC,39h
10268,Main + Extras,PC,39h
10268,Main + Extras,PC,39h
10268,Main + Extras,PC,39h
10268,Main + Extras,PC,39h 06m
10268,Main + Extras,PC,39h 09m
10268,Main + Extras,PC,39h 12m
10268,Main + Extras,PC,39h 15m
10268,Main + Extras,PC,39h 17m
10268,Main + Extras,PC,39h 42m
10268,Main + Extras,PC,39h 59m
10268,Main + Extras,PC,40h
10268,Main + Extras,PC,40h
10268,Main + Extras,PC,40h
10268,Main + Extras,PC,40h
10268,Main + Extras,PC,40h
10268,Main + Extras,Mac,40h
10268,Main + Extras,PC,40h
10268,Main + Extras,PC,40h
10268,Main + Extras,PC,40h
10268,Main + Extras,PC,40h
10268,Main + Extras,PC,40h
10268,Main + Extras,PC,40h
10268,Main + Extras,PC,40h
10268,Main + Extras,PC,40h
10268,Main + Extras,PC,40h
10268,Main + Extras,PC,40h
10268,Main + Extras,PC,40h
10268,Main + Extras,PC,40h
10268,Main + Extras,PC,40h
10268,Main + Extras,PC,40h
10268,Main + Extras,PC,40h
10268,Main + Extras,PC,40h
10268,Main + Extras,PC,40h
10268,Main + Extras,Xbox 360,40h
10268,Main + Extras,PC,40h
10268,Main + Extras,PC,40h
10268,Main + Extras,Xbox 360,40h
10268,Main + Extras,PC,40h
10268,Main + Extras,PC,40h
10268,Main + Extras,PC,40h
10268,Main + Extras,PC,40h
10268,Main + Extras,PC,40h
10268,Main + Extras,PC,40h
10268,Main + Extras,PC,40h
10268,Main + Extras,PC,40h
10268,Main + Extras,PC,40h
10268,Main + Extras,Xbox 360,40h
10268,Main + Extras,PC,40h
10268,Main + Extras,PC,40h
10268,Main + Extras,PC,40h
10268,Main + Extras,PC,40h
10268,Main + Extras,PC,40h
10268,Main + Extras,PC,40h
10268,Main + Extras,PC,40h
10268,Main + Extras,PC,40h
10268,Main + Extras,PC,40h
10268,Main + Extras,PC,40h 03m
10268,Main + Extras,PC,40h 07m
10268,Main + Extras,PC,40h 17m
10268,Main + Extras,PC,40h 49m
10268,Main + Extras,PC,40h 58m
10268,Main + Extras,PC,40h 58m
10268,Main + Extras,PC,41h
10268,Main + Extras,Linux,41h
10268,Main + Extras,PC,41h
10268,Main + Extras,PC,41h
10268,Main + Extras,Xbox 360,41h
10268,Main + Extras,PC,41h
10268,Main + Extras,PC,41h
10268,Main + Extras,PC,41h
10268,Main + Extras,PC,41h
10268,Main + Extras,PC,41h
10268,Main + Extras,PC,41h
10268,Main + Extras,PC,41h
10268,Main + Extras,PC,41h
10268,Main + Extras,PC,41h
10268,Main + Extras,PC,41h 15m
10268,Main + Extras,PC,41h 20m
10268,Main + Extras,PC,41h 29m
10268,Main + Extras,PC,41h 30m
10268,Main + Extras,PC,41h 33m
10268,Main + Extras,PC,41h 46m
10268,Main + Extras,PC,41h 50m
10268,Main + Extras,PC,42h
10268,Main + Extras,PC,42h
10268,Main + Extras,PC,42h
10268,Main + Extras,PC,42h
10268,Main + Extras,PC,42h
10268,Main + Extras,PC,42h
10268,Main + Extras,PC,42h
10268,Main + Extras,PC,42h
10268,Main + Extras,PC,42h
10268,Main + Extras,PC,42h
10268,Main + Extras,PC,42h
10268,Main + Extras,PC,42h
10268,Main + Extras,PC,42h
10268,Main + Extras,PC,42h
10268,Main + Extras,PC,42h
10268,Main + Extras,PC,42h
10268,Main + Extras,PC,42h
10268,Main + Extras,PC,42h
10268,Main + Extras,PC,42h
10268,Main + Extras,PC,42h
10268,Main + Extras,PC,42h
10268,Main + Extras,PC,42h
10268,Main + Extras,PC,42h 13m
10268,Main + Extras,PC,42h 18m
10268,Main + Extras,PC,42h 33m
10268,Main + Extras,PC,42h 41m
10268,Main + Extras,PC,42h 44m
10268,Main + Extras,PC,42h 47m
10268,Main + Extras,PC,42h 48m
10268,Main + Extras,PC,43h
10268,Main + Extras,PC,43h
10268,Main + Extras,PC,43h
10268,Main + Extras,PC,43h
10268,Main + Extras,PC,43h
10268,Main + Extras,PC,43h
10268,Main + Extras,PC,43h
10268,Main + Extras,PC,43h
10268,Main + Extras,PC,43h
10268,Main + Extras,PC,43h 06m
10268,Main + Extras,PC,43h 12m
10268,Main + Extras,PC,44h
10268,Main + Extras,PC,44h
10268,Main + Extras,PC,44h
10268,Main + Extras,PC,44h
10268,Main + Extras,PC,44h
10268,Main + Extras,PC,44h
10268,Main + Extras,PC,44h
10268,Main + Extras,PC,44h
10268,Main + Extras,PC,44h
10268,Main + Extras,PC,44h
10268,Main + Extras,PC,44h
10268,Main + Extras,PC,44h
10268,Main + Extras,PC,44h
10268,Main + Extras,PC,44h
10268,Main + Extras,PC,44h
10268,Main + Extras,PC,44h 12m
10268,Main + Extras,PC,44h 37m
10268,Main + Extras,PC,44h 37m
10268,Main + Extras,PC,45h
10268,Main + Extras,PC,45h
10268,Main + Extras,PC,45h
10268,Main + Extras,PC,45h
10268,Main + Extras,PC,45h
10268,Main + Extras,PC,45h
10268,Main + Extras,PC,45h
10268,Main + Extras,PC,45h
10268,Main + Extras,PC,45h
10268,Main + Extras,PC,45h
10268,Main + Extras,Xbox 360,45h
10268,Main + Extras,PC,45h
10268,Main + Extras,PC,45h
10268,Main + Extras,PC,45h
10268,Main + Extras,PC,45h
10268,Main + Extras,PC,45h
10268,Main + Extras,PC,45h
10268,Main + Extras,PC,45h
10268,Main + Extras,PC,45h
10268,Main + Extras,PC,45h 03m
10268,Main + Extras,PC,45h 14m
10268,Main + Extras,Xbox 360,45h 38m
10268,Main + Extras,PC,46h
10268,Main + Extras,PC,46h
10268,Main + Extras,PC,46h
10268,Main + Extras,PC,46h
10268,Main + Extras,PC,46h
10268,Main + Extras,PC,46h
10268,Main + Extras,PC,46h
10268,Main + Extras,PC,46h
10268,Main + Extras,Linux,46h
10268,Main + Extras,PC,46h 23m
10268,Main + Extras,PC,46h 24m
10268,Main + Extras,PC,46h 48m
10268,Main + Extras,PC,46h 52m
10268,Main + Extras,PC,47h
10268,Main + Extras,PC,47h
10268,Main + Extras,PC,47h
10268,Main + Extras,PC,47h
10268,Main + Extras,PC,47h
10268,Main + Extras,PC,47h
10268,Main + Extras,PC,47h
10268,Main + Extras,PC,47h
10268,Main + Extras,PC,47h
10268,Main + Extras,PC,47h
10268,Main + Extras,PC,47h
10268,Main + Extras,PC,47h 11m
10268,Main + Extras,PC,47h 13m
10268,Main + Extras,PC,48h
10268,Main + Extras,PC,48h
10268,Main + Extras,PC,48h
10268,Main + Extras,Xbox 360,48h
10268,Main + Extras,PC,48h
10268,Main + Extras,PC,48h
10268,Main + Extras,PC,48h
10268,Main + Extras,PC,48h
10268,Main + Extras,PC,48h
10268,Main + Extras,PC,48h 30m
10268,Main + Extras,PC,48h 45m
10268,Main + Extras,PC,49h
10268,Main + Extras,PC,49h
10268,Main + Extras,PC,49h
10268,Main + Extras,PC,49h
10268,Main + Extras,PC,49h
10268,Main + Extras,PC,49h 06m
10268,Main + Extras,Xbox 360,49h 08m
10268,Main + Extras,PC,49h 15m
10268,Main + Extras,NA,50h
10268,Main + Extras,PC,50h
10268,Main + Extras,PC,50h
10268,Main + Extras,PC,50h
10268,Main + Extras,PC,50h
10268,Main + Extras,PC,50h
10268,Main + Extras,PC,50h
10268,Main + Extras,PC,50h
10268,Main + Extras,PC,50h
10268,Main + Extras,PC,50h
10268,Main + Extras,PC,50h
10268,Main + Extras,PC,50h
10268,Main + Extras,PC,50h
10268,Main + Extras,PC,50h
10268,Main + Extras,PC,50h
10268,Main + Extras,PC,50h
10268,Main + Extras,PC,50h
10268,Main + Extras,PC,50h 12m
10268,Main + Extras,Xbox 360,50h 12m
10268,Main + Extras,PC,50h 25m
10268,Main + Extras,PC,50h 47m
10268,Main + Extras,Xbox 360,51h
10268,Main + Extras,PC,51h
10268,Main + Extras,PC,51h
10268,Main + Extras,PC,51h
10268,Main + Extras,PC,51h 42m
10268,Main + Extras,PC,52h
10268,Main + Extras,PC,52h
10268,Main + Extras,PC,52h
10268,Main + Extras,PC,52h
10268,Main + Extras,PC,52h
10268,Main + Extras,PC,52h
10268,Main + Extras,PC,52h 33m
10268,Main + Extras,PC,53h
10268,Main + Extras,PC,53h
10268,Main + Extras,PC,53h 06m
10268,Main + Extras,PC,53h 22m
10268,Main + Extras,PC,53h 25m
10268,Main + Extras,PC,53h 28m
10268,Main + Extras,PC,54h
10268,Main + Extras,PC,54h 25m
10268,Main + Extras,Linux,55h
10268,Main + Extras,PC,55h
10268,Main + Extras,PC,55h
10268,Main + Extras,PC,55h
10268,Main + Extras,PC,55h
10268,Main + Extras,Xbox 360,55h
10268,Main + Extras,PC,55h
10268,Main + Extras,PC,55h
10268,Main + Extras,PC,55h
10268,Main + Extras,PC,55h
10268,Main + Extras,PC,55h
10268,Main + Extras,PC,55h
10268,Main + Extras,PC,56h
10268,Main + Extras,PC,56h
10268,Main + Extras,PC,56h
10268,Main + Extras,PC,56h
10268,Main + Extras,PC,56h
10268,Main + Extras,PC,56h
10268,Main + Extras,PC,56h 06m
10268,Main + Extras,PC,57h
10268,Main + Extras,PC,57h
10268,Main + Extras,PC,57h
10268,Main + Extras,PC,57h
10268,Main + Extras,PC,57h 30m
10268,Main + Extras,PC,58h
10268,Main + Extras,PC,58h
10268,Main + Extras,PC,58h
10268,Main + Extras,PC,58h 50m
10268,Main + Extras,PC,59h
10268,Main + Extras,PC,60h
10268,Main + Extras,PC,60h
10268,Main + Extras,PC,60h
10268,Main + Extras,Xbox 360,60h
10268,Main + Extras,PC,60h
10268,Main + Extras,PC,60h
10268,Main + Extras,PC,60h
10268,Main + Extras,PC,60h
10268,Main + Extras,PC,60h
10268,Main + Extras,PC,60h
10268,Main + Extras,PC,60h
10268,Main + Extras,PC,61h
10268,Main + Extras,PC,61h 33m
10268,Main + Extras,PC,62h
10268,Main + Extras,PC,62h
10268,Main + Extras,PC,62h
10268,Main + Extras,PC,62h
10268,Main + Extras,PC,62h
10268,Main + Extras,PC,62h
10268,Main + Extras,PC,62h
10268,Main + Extras,PC,63h
10268,Main + Extras,Mac,65h
10268,Main + Extras,PC,65h
10268,Main + Extras,PC,66h
10268,Main + Extras,PC,66h
10268,Main + Extras,PC,67h
10268,Main + Extras,PC,67h
10268,Main + Extras,PC,67h
10268,Main + Extras,PC,67h 12m
10268,Main + Extras,PC,68h
10268,Main + Extras,PC,69h
10268,Main + Extras,PC,70h
10268,Main + Extras,PC,70h
10268,Main + Extras,PC,72h
10268,Main + Extras,PC,72h
10268,Main + Extras,PC,73h
10268,Main + Extras,PC,73h 48m
10268,Main + Extras,Xbox One,74h 26m
10268,Main + Extras,PC,75h
10268,Main + Extras,PC,75h
10268,Main + Extras,PC,76h
10268,Main + Extras,PC,78h 30m
10268,Main + Extras,PC,79h
10268,Main + Extras,PC,80h
10268,Main + Extras,PC,82h
10268,Main + Extras,PC,93h 42m
10268,Main + Extras,PC,100h 24m
10268,Main + Extras,PC,110h 42m
10268,Completionists,PC,21h
10268,Completionists,PC,23h 53m
10268,Completionists,PC,24h
10268,Completionists,PC,25h 22m
10268,Completionists,PC,27h
10268,Completionists,PC,29h
10268,Completionists,PC,29h 18m
10268,Completionists,PC,29h 37m
10268,Completionists,PC,30h
10268,Completionists,PC,30h
10268,Completionists,PC,30h
10268,Completionists,PC,30h
10268,Completionists,PC,31h
10268,Completionists,PC,31h 21m
10268,Completionists,PC,32h
10268,Completionists,PC,32h
10268,Completionists,PC,32h
10268,Completionists,PC,32h
10268,Completionists,PC,33h
10268,Completionists,PC,33h 40m
10268,Completionists,PC,34h
10268,Completionists,PC,34h
10268,Completionists,PC,34h
10268,Completionists,PC,34h 01m
10268,Completionists,PC,35h
10268,Completionists,PC,35h
10268,Completionists,PC,35h
10268,Completionists,PC,35h 01m
10268,Completionists,PC,35h 26m
10268,Completionists,PC,36h
10268,Completionists,PC,37h
10268,Completionists,PC,38h
10268,Completionists,PC,39h
10268,Completionists,PC,40h
10268,Completionists,PC,40h
10268,Completionists,Xbox 360,40h
10268,Completionists,PC,40h
10268,Completionists,PC,40h
10268,Completionists,PC,40h 13m
10268,Completionists,PC,41h
10268,Completionists,PC,41h
10268,Completionists,PC,41h 10m
10268,Completionists,PC,41h 21m
10268,Completionists,PC,41h 42m
10268,Completionists,PC,41h 54m
10268,Completionists,PC,42h
10268,Completionists,PC,42h
10268,Completionists,PC,42h
10268,Completionists,PC,42h
10268,Completionists,PC,42h 30m
10268,Completionists,PC,43h
10268,Completionists,PC,43h
10268,Completionists,PC,43h
10268,Completionists,PC,44h
10268,Completionists,PC,44h
10268,Completionists,PC,44h 07m
10268,Completionists,PC,44h 26m
10268,Completionists,PC,44h 39m
10268,Completionists,PC,45h
10268,Completionists,PC,45h
10268,Completionists,PC,45h
10268,Completionists,Xbox 360,45h
10268,Completionists,PC,45h
10268,Completionists,PC,45h
10268,Completionists,NA,45h
10268,Completionists,PC,45h
10268,Completionists,PC,45h 50m
10268,Completionists,PC,46h
10268,Completionists,PC,46h 03m
10268,Completionists,PC,46h 28m
10268,Completionists,PC,47h
10268,Completionists,PC,47h
10268,Completionists,PC,48h
10268,Completionists,Xbox 360,48h
10268,Completionists,PC,49h
10268,Completionists,PC,49h 11m
10268,Completionists,PC,50h
10268,Completionists,PC,50h
10268,Completionists,PC,50h
10268,Completionists,PC,50h
10268,Completionists,PC,50h
10268,Completionists,PC,50h
10268,Completionists,PC,50h
10268,Completionists,PC,50h
10268,Completionists,PC,50h
10268,Completionists,PC,50h
10268,Completionists,PC,51h
10268,Completionists,PC,51h 33m
10268,Completionists,Xbox 360,51h 45m
10268,Completionists,Xbox 360,52h
10268,Completionists,PC,52h
10268,Completionists,PC,52h
10268,Completionists,PC,52h
10268,Completionists,PC,52h
10268,Completionists,PC,52h 30m
10268,Completionists,PC,53h
10268,Completionists,PC,53h 28m
10268,Completionists,Xbox 360,53h 30m
10268,Completionists,PC,53h 30m
10268,Completionists,PC,53h 31m
10268,Completionists,PC,54h
10268,Completionists,PC,55h
10268,Completionists,PC,55h
10268,Completionists,PC,55h
10268,Completionists,PC,55h
10268,Completionists,PC,55h
10268,Completionists,PC,55h
10268,Completionists,PC,55h
10268,Completionists,PC,56h
10268,Completionists,PC,56h
10268,Completionists,PC,56h
10268,Completionists,PC,56h 25m
10268,Completionists,PC,56h 34m
10268,Completionists,PC,57h
10268,Completionists,PC,57h
10268,Completionists,PC,57h 10m
10268,Completionists,PC,57h 15m
10268,Completionists,PC,58h
10268,Completionists,PC,58h
10268,Completionists,PC,58h
10268,Completionists,PC,58h 11m
10268,Completionists,PC,59h
10268,Completionists,PC,59h
10268,Completionists,PC,59h
10268,Completionists,PC,59h
10268,Completionists,PC,59h 42m
10268,Completionists,PC,59h 45m
10268,Completionists,PC,60h
10268,Completionists,PC,60h
10268,Completionists,PC,60h
10268,Completionists,PC,60h
10268,Completionists,PC,60h
10268,Completionists,PC,60h
10268,Completionists,PC,60h
10268,Completionists,Xbox 360,60h
10268,Completionists,PC,60h 53m
10268,Completionists,PC,61h 51m
10268,Completionists,PC,62h
10268,Completionists,PC,62h
10268,Completionists,PC,62h 01m
10268,Completionists,PC,62h 11m
10268,Completionists,PC,64h 39m
10268,Completionists,PC,65h
10268,Completionists,PC,65h
10268,Completionists,PC,65h 27m
10268,Completionists,PC,66h
10268,Completionists,PC,67h
10268,Completionists,PC,67h
10268,Completionists,PC,68h 44m
10268,Completionists,PC,69h 04m
10268,Completionists,PC,69h 36m
10268,Completionists,PC,70h
10268,Completionists,PC,70h
10268,Completionists,PC,70h
10268,Completionists,PC,70h
10268,Completionists,PC,71h 28m
10268,Completionists,PC,73h 27m
10268,Completionists,PC,74h
10268,Completionists,PC,74h
10268,Completionists,PC,74h
10268,Completionists,Xbox 360,75h
10268,Completionists,Xbox 360,75h
10268,Completionists,PC,75h
10268,Completionists,PC,75h 45m
10268,Completionists,Xbox 360,76h
10268,Completionists,PC,76h 42m
10268,Completionists,PC,78h 03m
10268,Completionists,PC,79h
10268,Completionists,PC,79h 43m
10268,Completionists,PC,80h
10268,Completionists,PC,80h
10268,Completionists,PC,80h
10268,Completionists,PC,82h
10268,Completionists,PC,84h 25m
10268,Completionists,NA,85h
10268,Completionists,PC,95h 10m
10268,Completionists,PC,97h 31m
10268,Completionists,PC,100h
10268,Completionists,PC,102h
10268,Completionists,PC,103h 01m
10268,Completionists,PC,110h
10268,Completionists,PC,110h
10268,Completionists,PC,118h
10268,Completionists,PC,122h
10268,Completionists,PC,130h
10268,Completionists,PC,130h
10268,Completionists,Mac,138h
10268,Completionists,Xbox One,141h
10268,Speed Run - Any%,PC,10h 44m
10268,Speed Run - 100%,PC,10h
10268,Speed Run - 100%,PC,12h 48m 25s
10268,Speed Run - 100%,PC,25h
