id,type,platform,time
10261,Main Story,PlayStation 4,5h 35m
10261,Main Story,PSP,6h 30m
10261,Main Story,PlayStation 4,6h 45m
10261,Main Story,Xbox,7h 33m
10261,Main Story,PlayStation 4,7h 40m
10261,Main Story,PlayStation 4,7h 45m
10261,Main Story,PlayStation 2,8h
10261,Main Story,PlayStation 3,8h 15m
10261,Main Story,PSP,8h 22m
10261,Main Story,PlayStation 2,9h 35m
10261,Main Story,Xbox,9h 41m
10261,Main Story,PSP,10h
10261,Main Story,Xbox,10h
10261,Main Story,PlayStation 2,10h 30m
10261,Main Story,PSP,10h 32m
10261,Main Story,PlayStation 2,11h
10261,Main Story,PlayStation 2,15h
10261,Main Story,PlayStation 2,15h
10261,Main Story,PlayStation 2,17h 12m
10261,Main Story,PlayStation 2,18h
10261,Main Story,PlayStation Vita,20h
10261,Main Story,PlayStation 2,22h
10261,Main + Extras,PlayStation 3,10h 22m
10261,Main + Extras,PlayStation 2,11h
10261,Main + Extras,PlayStation 2,13h 11m
10261,Completionists,PlayStation 3,12h 55m
10261,Completionists,Xbox,28h
