id,type,platform,time
10263,Main Story,PC,5h 06m
10263,Main Story,PC,5h 44m
10263,Main Story,PC,6h
10263,Main Story,PC,6h
10263,Main Story,PC,6h
10263,Main Story,PC,6h 06m
10263,Main Story,PC,7h
10263,Main Story,PC,7h 06m
10263,Main Story,PC,7h 13m
10263,Main Story,PC,7h 35m
10263,Main Story,PC,7h 40m
10263,Main Story,Linux,7h 45m
10263,Main Story,PC,8h
10263,Main Story,PC,8h 30m
10263,Main Story,PC,9h
10263,Main Story,PC,9h
10263,Main Story,PC,9h 10m
10263,Main Story,PC,9h 37m
10263,Main Story,PC,10h
10263,Main Story,PC,10h 30m
10263,Main Story,PC,10h 37m
10263,Main Story,PC,11h
10263,Main Story,PC,11h
10263,Main Story,PC,11h
10263,Main Story,PC,11h
10263,Main Story,PC,12h
10263,Main Story,PC,12h
10263,Main Story,PC,12h 40m
10263,Main Story,PC,13h
10263,Main Story,PC,13h
10263,Main Story,PC,13h 15m
10263,Main Story,PC,13h 30m
10263,Main Story,PC,13h 36m
10263,Main Story,PC,14h
10263,Main Story,PC,14h 06m
10263,Main Story,PC,14h 36m
10263,Main Story,PC,15h
10263,Main Story,PC,15h
10263,Main Story,PC,15h
10263,Main Story,PC,15h 49m
10263,Main Story,PC,15h 59m
10263,Main + Extras,PC,7h 17m
10263,Main + Extras,PC,10h 27m
10263,Main + Extras,PC,12h 12m
10263,Main + Extras,PC,14h
10263,Main + Extras,PC,15h
10263,Main + Extras,PC,16h 11m
10263,Main + Extras,PC,16h 50m
10263,Main + Extras,PC,17h
10263,Completionists,PC,7h
10263,Completionists,PC,7h
10263,Completionists,PC,7h 01m
10263,Completionists,PC,8h
10263,Completionists,PC,8h 03m
10263,Completionists,PC,9h
10263,Completionists,PC,10h
10263,Completionists,PC,10h
10263,Completionists,PC,11h
10263,Completionists,PC,11h
10263,Completionists,PC,11h 34m
10263,Completionists,PC,12h 15m
10263,Completionists,PC,12h 20m
10263,Completionists,PC,13h
10263,Completionists,PC,14h 24m
10263,Completionists,PC,16h
10263,Completionists,PC,17h
10263,Completionists,PC,18h
10263,Completionists,PC,20h 19m
