id,type,platform,time
10265,Main Story,PC,30m
10265,Main Story,PC,1h
10265,Main Story,PC,1h 05m
10265,Main Story,PC,1h 05m
10265,Main Story,PC,1h 30m
10265,Main Story,PC,1h 30m
10265,Main Story,PC,1h 30m
10265,Main Story,PC,1h 30m
10265,Main Story,PC,1h 35m
10265,Main Story,PC,1h 40m
10265,Main Story,PC,2h
10265,Main + Extras,PC,1h 08m
10265,Main + Extras,PC,1h 20m
10265,Main + Extras,PC,1h 45m
10265,Main + Extras,PC,1h 45m
10265,Main + Extras,PC,1h 45m
10265,Completionists,PC,1h 30m
10265,Completionists,PC,1h 50m
10265,Completionists,PC,2h
10265,Completionists,PC,2h 08m
