id,type,platform,time
10267,Main Story,PC,9h
10267,Main Story,PC,15h
10267,Main Story,PC,16h
10267,Main Story,PC,17h
10267,Main Story,PC,17h 30m
10267,Main Story,PC,18h 50m
10267,Main Story,PC,20h
10267,Main Story,PC,20h
10267,Main Story,PC,20h 20m
10267,Main Story,PC,20h 59m
10267,Main Story,PC,21h
10267,Main Story,PC,21h 10m
10267,Main Story,PC,21h 20m
10267,Main Story,PC,21h 30m
10267,Main Story,PC,21h 34m
10267,Main Story,PC,21h 35m
10267,Main Story,PC,21h 50m
10267,Main Story,PC,21h 59m
10267,Main Story,PC,23h
10267,Main Story,PC,23h
10267,Main Story,PC,23h 06m
10267,Main Story,PC,23h 15m
10267,Main Story,PC,23h 54m
10267,Main Story,PC,24h
10267,Main Story,PC,24h
10267,Main Story,PC,24h
10267,Main Story,PC,24h 45m
10267,Main Story,PC,25h
10267,Main Story,PC,25h
10267,Main Story,PC,25h
10267,Main Story,PC,25h
10267,Main Story,PC,25h
10267,Main Story,PC,25h
10267,Main Story,PC,25h
10267,Main Story,PC,25h
10267,Main Story,PC,25h
10267,Main Story,PC,25h
10267,Main Story,NA,25h
10267,Main Story,PC,25h 15m
10267,Main Story,PC,25h 18m
10267,Main Story,PC,25h 43m
10267,Main Story,PC,25h 47m
10267,Main Story,PC,25h 48m
10267,Main Story,PC,26h
10267,Main Story,PC,26h
10267,Main Story,PC,26h
10267,Main Story,PC,26h
10267,Main Story,PC,26h 30m
10267,Main Story,PC,27h
10267,Main Story,PC,27h
10267,Main Story,PC,27h
10267,Main Story,PC,27h
10267,Main Story,PC,27h
10267,Main Story,PC,27h 18m
10267,Main Story,PC,27h 30m
10267,Main Story,PC,27h 30m
10267,Main Story,PC,27h 38m
10267,Main Story,PC,28h
10267,Main Story,PC,28h
10267,Main Story,PC,28h
10267,Main Story,PC,28h
10267,Main Story,PC,28h
10267,Main Story,PC,28h
10267,Main Story,PC,28h
10267,Main Story,PC,28h
10267,Main Story,PC,28h
10267,Main Story,PC,28h
10267,Main Story,PC,28h
10267,Main Story,PC,28h
10267,Main Story,PC,28h
10267,Main Story,PC,28h
10267,Main Story,PC,28h
10267,Main Story,PC,28h 03m
10267,Main Story,PC,28h 19m
10267,Main Story,PC,28h 20m
10267,Main Story,PC,29h
10267,Main Story,PC,29h
10267,Main Story,PC,29h
10267,Main Story,PC,29h
10267,Main Story,PC,29h
10267,Main Story,PC,29h
10267,Main Story,PC,29h
10267,Main Story,PC,29h 08m
10267,Main Story,PC,29h 12m
10267,Main Story,PC,29h 37m
10267,Main Story,PC,30h
10267,Main Story,PC,30h
10267,Main Story,PC,30h
10267,Main Story,Mac,30h
10267,Main Story,PC,30h
10267,Main Story,PC,30h
10267,Main Story,PC,30h
10267,Main Story,PC,30h
10267,Main Story,PC,30h
10267,Main Story,PC,30h
10267,Main Story,PC,30h
10267,Main Story,PC,30h
10267,Main Story,PC,30h
10267,Main Story,PC,30h
10267,Main Story,PC,30h
10267,Main Story,PC,30h
10267,Main Story,PC,30h
10267,Main Story,PC,30h
10267,Main Story,PC,30h
10267,Main Story,PC,30h 16m
10267,Main Story,PC,30h 20m
10267,Main Story,PC,30h 25m
10267,Main Story,PC,30h 29m
10267,Main Story,PC,30h 47m
10267,Main Story,PC,30h 50m
10267,Main Story,PC,31h
10267,Main Story,PC,31h
10267,Main Story,PC,31h
10267,Main Story,PC,31h
10267,Main Story,PC,31h
10267,Main Story,PC,31h
10267,Main Story,PC,31h
10267,Main Story,PC,31h
10267,Main Story,PC,31h
10267,Main Story,PC,31h
10267,Main Story,PC,31h
10267,Main Story,PC,31h
10267,Main Story,PC,31h
10267,Main Story,PC,31h 20m
10267,Main Story,PC,31h 23m
10267,Main Story,PC,31h 48m
10267,Main Story,PC,31h 55m
10267,Main Story,PC,31h 59m
10267,Main Story,PC,32h
10267,Main Story,PC,32h
10267,Main Story,PC,32h
10267,Main Story,PC,32h
10267,Main Story,PC,32h
10267,Main Story,PC,32h
10267,Main Story,PC,32h
10267,Main Story,PC,32h
10267,Main Story,PC,32h
10267,Main Story,PC,32h
10267,Main Story,PC,32h
10267,Main Story,PC,32h 15m
10267,Main Story,PC,32h 15m
10267,Main Story,PC,32h 17m
10267,Main Story,PC,32h 30m
10267,Main Story,PC,32h 41m
10267,Main Story,PC,33h
10267,Main Story,PC,33h
10267,Main Story,PC,33h
10267,Main Story,PC,33h
10267,Main Story,PC,33h
10267,Main Story,PC,33h
10267,Main Story,PC,33h
10267,Main Story,PC,33h
10267,Main Story,PC,33h
10267,Main Story,PC,33h
10267,Main Story,PC,33h
10267,Main Story,PC,33h 10m
10267,Main Story,PC,33h 12m
10267,Main Story,PC,33h 15m
10267,Main Story,PC,33h 17m
10267,Main Story,PC,33h 25m
10267,Main Story,PC,33h 41m
10267,Main Story,PC,34h
10267,Main Story,PC,34h
10267,Main Story,PC,34h
10267,Main Story,PC,34h
10267,Main Story,PC,34h
10267,Main Story,PC,34h
10267,Main Story,PC,34h
10267,Main Story,PC,34h
10267,Main Story,PC,34h
10267,Main Story,PC,34h
10267,Main Story,PC,34h
10267,Main Story,PC,34h
10267,Main Story,PC,34h
10267,Main Story,PC,34h
10267,Main Story,PC,34h
10267,Main Story,PC,34h
10267,Main Story,PC,34h 05m
10267,Main Story,PC,34h 15m
10267,Main Story,PC,34h 16m
10267,Main Story,PC,34h 20m
10267,Main Story,PC,34h 22m
10267,Main Story,PC,34h 29m
10267,Main Story,PC,35h
10267,Main Story,PC,35h
10267,Main Story,PC,35h
10267,Main Story,PC,35h
10267,Main Story,PC,35h
10267,Main Story,PC,35h
10267,Main Story,PC,35h
10267,Main Story,PC,35h
10267,Main Story,PC,35h
10267,Main Story,PC,35h
10267,Main Story,PC,35h
10267,Main Story,PC,35h
10267,Main Story,PC,35h
10267,Main Story,PC,35h
10267,Main Story,PC,35h
10267,Main Story,PC,35h
10267,Main Story,PC,35h
10267,Main Story,PC,35h
10267,Main Story,PC,35h 20m
10267,Main Story,PC,35h 20m
10267,Main Story,PC,35h 35m
10267,Main Story,PC,35h 38m
10267,Main Story,PC,35h 40m
10267,Main Story,PC,35h 50m
10267,Main Story,PC,36h
10267,Main Story,PC,36h
10267,Main Story,PC,36h
10267,Main Story,PC,36h
10267,Main Story,PC,36h
10267,Main Story,PC,36h
10267,Main Story,PC,36h
10267,Main Story,Mac,36h
10267,Main Story,PC,36h
10267,Main Story,PC,36h
10267,Main Story,PC,36h
10267,Main Story,PC,36h
10267,Main Story,PC,36h
10267,Main Story,PC,36h 01m
10267,Main Story,PC,36h 11m
10267,Main Story,PC,36h 15m
10267,Main Story,PC,36h 21m
10267,Main Story,PC,37h
10267,Main Story,PC,37h
10267,Main Story,PC,37h
10267,Main Story,PC,37h
10267,Main Story,PC,37h
10267,Main Story,PC,37h
10267,Main Story,PC,37h
10267,Main Story,PC,37h
10267,Main Story,PC,37h
10267,Main Story,PC,37h
10267,Main Story,Mac,37h
10267,Main Story,PC,37h
10267,Main Story,PC,37h
10267,Main Story,PC,37h 16m
10267,Main Story,PC,37h 23m
10267,Main Story,PC,37h 30m
10267,Main Story,PC,37h 59m
10267,Main Story,PC,38h
10267,Main Story,PC,38h
10267,Main Story,PC,38h
10267,Main Story,PC,38h
10267,Main Story,PC,38h
10267,Main Story,PC,38h
10267,Main Story,PC,38h
10267,Main Story,PC,38h
10267,Main Story,PC,38h
10267,Main Story,PC,38h
10267,Main Story,PC,38h
10267,Main Story,PC,38h
10267,Main Story,PC,38h
10267,Main Story,PC,38h
10267,Main Story,PC,38h
10267,Main Story,PC,38h
10267,Main Story,PC,38h
10267,Main Story,PC,38h
10267,Main Story,PC,38h 10m
10267,Main Story,PC,38h 28m
10267,Main Story,PC,38h 50m
10267,Main Story,NA,39h
10267,Main Story,PC,39h
10267,Main Story,PC,39h
10267,Main Story,PC,39h
10267,Main Story,PC,39h
10267,Main Story,PC,39h
10267,Main Story,PC,39h
10267,Main Story,PC,39h
10267,Main Story,PC,39h
10267,Main Story,NA,40h
10267,Main Story,PC,40h
10267,Main Story,PC,40h
10267,Main Story,PC,40h
10267,Main Story,PC,40h
10267,Main Story,PC,40h
10267,Main Story,PC,40h
10267,Main Story,PC,40h
10267,Main Story,PC,40h
10267,Main Story,PC,40h
10267,Main Story,PC,40h
10267,Main Story,PC,40h
10267,Main Story,PC,40h
10267,Main Story,PC,40h
10267,Main Story,PC,40h
10267,Main Story,PC,40h
10267,Main Story,PC,40h
10267,Main Story,PC,40h
10267,Main Story,PC,40h
10267,Main Story,PC,40h
10267,Main Story,PC,40h
10267,Main Story,PC,40h
10267,Main Story,PC,40h
10267,Main Story,PC,40h
10267,Main Story,PC,40h
10267,Main Story,PC,40h
10267,Main Story,PC,40h
10267,Main Story,PC,40h
10267,Main Story,PC,40h
10267,Main Story,PC,40h
10267,Main Story,PC,40h
10267,Main Story,PC,40h
10267,Main Story,PC,40h
10267,Main Story,NA,40h
10267,Main Story,PC,40h
10267,Main Story,PC,40h
10267,Main Story,PC,40h
10267,Main Story,PC,40h
10267,Main Story,PC,40h
10267,Main Story,PC,40h
10267,Main Story,PC,40h
10267,Main Story,PC,40h 20m
10267,Main Story,PC,40h 30m
10267,Main Story,PC,41h
10267,Main Story,PC,41h
10267,Main Story,PC,41h
10267,Main Story,PC,41h
10267,Main Story,PC,41h
10267,Main Story,PC,41h
10267,Main Story,PC,41h
10267,Main Story,PC,41h
10267,Main Story,PC,41h
10267,Main Story,PC,41h 15m
10267,Main Story,PC,41h 47m
10267,Main Story,PC,42h
10267,Main Story,PC,42h
10267,Main Story,PC,42h
10267,Main Story,PC,42h
10267,Main Story,PC,42h
10267,Main Story,PC,42h
10267,Main Story,PC,43h
10267,Main Story,PC,43h
10267,Main Story,PC,43h
10267,Main Story,PC,44h
10267,Main Story,PC,44h
10267,Main Story,PC,44h
10267,Main Story,PC,44h
10267,Main Story,PC,44h 30m
10267,Main Story,NA,45h
10267,Main Story,PC,45h
10267,Main Story,PC,45h
10267,Main Story,PC,45h
10267,Main Story,Mac,45h
10267,Main Story,PC,45h
10267,Main Story,PC,45h
10267,Main Story,PC,45h
10267,Main Story,PC,45h
10267,Main Story,PC,45h 07m
10267,Main Story,PC,45h 30m
10267,Main Story,NA,45h 30m
10267,Main Story,PC,46h
10267,Main Story,PC,46h
10267,Main Story,PC,46h
10267,Main Story,PC,46h
10267,Main Story,PC,47h
10267,Main Story,PC,47h
10267,Main Story,PC,47h
10267,Main Story,PC,47h 35m
10267,Main Story,NA,48h
10267,Main Story,PC,48h
10267,Main Story,PC,48h
10267,Main Story,PC,49h
10267,Main Story,PC,49h
10267,Main Story,PC,49h 30m
10267,Main Story,NA,50h
10267,Main Story,PC,50h
10267,Main Story,PC,50h
10267,Main Story,PC,50h
10267,Main Story,PC,50h
10267,Main Story,PC,50h
10267,Main Story,PC,50h
10267,Main Story,PC,50h
10267,Main Story,PC,50h
10267,Main Story,PC,50h
10267,Main Story,PC,51h
10267,Main Story,PC,51h
10267,Main Story,PC,51h
10267,Main Story,PC,51h 45m
10267,Main Story,PC,53h
10267,Main Story,PC,54h
10267,Main Story,PC,54h
10267,Main Story,PC,55h
10267,Main Story,PC,55h
10267,Main Story,PC,55h 30m
10267,Main Story,PC,56h
10267,Main Story,PC,56h
10267,Main Story,PC,58h 46m
10267,Main Story,PC,59h
10267,Main Story,PC,60h
10267,Main Story,PC,60h
10267,Main Story,PC,60h
10267,Main Story,PC,61h
10267,Main Story,PC,63h 02m
10267,Main Story,PC,63h 09m
10267,Main Story,NA,65h
10267,Main Story,PC,65h
10267,Main Story,PC,72h
10267,Main Story,PC,72h
10267,Main Story,PC,74h 23m
10267,Main Story,PC,78h
10267,Main Story,NA,80h
10267,Main + Extras,PC,11h
10267,Main + Extras,PC,11h 30m
10267,Main + Extras,PC,14h 12m
10267,Main + Extras,PC,16h 15m
10267,Main + Extras,PC,17h 44m
10267,Main + Extras,PC,18h 50m
10267,Main + Extras,PC,20h 13m
10267,Main + Extras,PC,21h 20m
10267,Main + Extras,PC,22h
10267,Main + Extras,PC,23h
10267,Main + Extras,PC,23h 24m
10267,Main + Extras,PC,24h 22m
10267,Main + Extras,PC,25h 28m
10267,Main + Extras,PC,25h 35m
10267,Main + Extras,PC,25h 53m
10267,Main + Extras,PC,26h
10267,Main + Extras,PC,26h
10267,Main + Extras,PC,26h
10267,Main + Extras,PC,26h
10267,Main + Extras,PC,26h
10267,Main + Extras,Mac,26h
10267,Main + Extras,PC,26h 43m
10267,Main + Extras,PC,27h
10267,Main + Extras,PC,27h
10267,Main + Extras,PC,27h
10267,Main + Extras,PC,27h
10267,Main + Extras,PC,27h 15m
10267,Main + Extras,PC,27h 17m
10267,Main + Extras,PC,28h
10267,Main + Extras,PC,28h
10267,Main + Extras,PC,28h
10267,Main + Extras,PC,28h
10267,Main + Extras,PC,28h
10267,Main + Extras,PC,28h
10267,Main + Extras,PC,28h
10267,Main + Extras,PC,28h
10267,Main + Extras,PC,28h 03m
10267,Main + Extras,NA,28h 18m
10267,Main + Extras,PC,28h 38m
10267,Main + Extras,PC,28h 55m
10267,Main + Extras,PC,28h 57m
10267,Main + Extras,PC,29h
10267,Main + Extras,PC,29h
10267,Main + Extras,PC,29h
10267,Main + Extras,PC,29h
10267,Main + Extras,PC,29h
10267,Main + Extras,PC,29h 10m
10267,Main + Extras,PC,29h 24m
10267,Main + Extras,PC,29h 56m
10267,Main + Extras,PC,29h 57m
10267,Main + Extras,NA,30h
10267,Main + Extras,PC,30h
10267,Main + Extras,PC,30h
10267,Main + Extras,PC,30h
10267,Main + Extras,PC,30h
10267,Main + Extras,PC,30h
10267,Main + Extras,PC,30h
10267,Main + Extras,PC,30h
10267,Main + Extras,PC,30h
10267,Main + Extras,PC,30h
10267,Main + Extras,PC,30h
10267,Main + Extras,PC,30h
10267,Main + Extras,PC,30h
10267,Main + Extras,PC,30h
10267,Main + Extras,PC,30h
10267,Main + Extras,PC,30h
10267,Main + Extras,PC,30h
10267,Main + Extras,PC,30h
10267,Main + Extras,PC,30h
10267,Main + Extras,PC,30h
10267,Main + Extras,PC,30h 11m
10267,Main + Extras,PC,30h 15m
10267,Main + Extras,PC,30h 20m
10267,Main + Extras,PC,30h 30m
10267,Main + Extras,PC,30h 30m
10267,Main + Extras,PC,30h 30m
10267,Main + Extras,PC,30h 30m
10267,Main + Extras,PC,30h 36m
10267,Main + Extras,PC,30h 42m
10267,Main + Extras,PC,31h
10267,Main + Extras,PC,31h
10267,Main + Extras,PC,31h
10267,Main + Extras,PC,31h
10267,Main + Extras,PC,31h
10267,Main + Extras,PC,31h
10267,Main + Extras,PC,31h
10267,Main + Extras,PC,31h 06m
10267,Main + Extras,PC,31h 12m
10267,Main + Extras,PC,31h 12m
10267,Main + Extras,PC,31h 16m
10267,Main + Extras,PC,31h 22m
10267,Main + Extras,PC,31h 24m
10267,Main + Extras,PC,31h 25m
10267,Main + Extras,PC,31h 25m
10267,Main + Extras,PC,31h 30m
10267,Main + Extras,PC,31h 30m
10267,Main + Extras,PC,31h 40m
10267,Main + Extras,PC,31h 57m
10267,Main + Extras,PC,32h
10267,Main + Extras,PC,32h
10267,Main + Extras,PC,32h
10267,Main + Extras,PC,32h
10267,Main + Extras,PC,32h
10267,Main + Extras,PC,32h
10267,Main + Extras,PC,32h
10267,Main + Extras,PC,32h
10267,Main + Extras,PC,32h
10267,Main + Extras,PC,32h
10267,Main + Extras,PC,32h
10267,Main + Extras,PC,32h
10267,Main + Extras,PC,32h
10267,Main + Extras,PC,32h
10267,Main + Extras,PC,32h
10267,Main + Extras,PC,32h 12m
10267,Main + Extras,PC,32h 15m
10267,Main + Extras,PC,32h 15m
10267,Main + Extras,PC,32h 18m
10267,Main + Extras,PC,32h 29m
10267,Main + Extras,PC,32h 30m
10267,Main + Extras,PC,32h 30m
10267,Main + Extras,PC,32h 54m
10267,Main + Extras,PC,32h 54m
10267,Main + Extras,NA,33h
10267,Main + Extras,PC,33h
10267,Main + Extras,PC,33h
10267,Main + Extras,PC,33h
10267,Main + Extras,PC,33h
10267,Main + Extras,PC,33h
10267,Main + Extras,PC,33h
10267,Main + Extras,PC,33h
10267,Main + Extras,PC,33h
10267,Main + Extras,PC,33h 08m
10267,Main + Extras,PC,33h 30m
10267,Main + Extras,PC,33h 30m
10267,Main + Extras,PC,33h 30m
10267,Main + Extras,PC,34h
10267,Main + Extras,PC,34h
10267,Main + Extras,PC,34h
10267,Main + Extras,PC,34h
10267,Main + Extras,PC,34h
10267,Main + Extras,PC,34h
10267,Main + Extras,PC,34h
10267,Main + Extras,PC,34h
10267,Main + Extras,PC,34h
10267,Main + Extras,PC,34h
10267,Main + Extras,PC,34h 01m
10267,Main + Extras,PC,34h 16m
10267,Main + Extras,PC,34h 30m
10267,Main + Extras,PC,34h 30m
10267,Main + Extras,PC,34h 30m
10267,Main + Extras,PC,34h 42m
10267,Main + Extras,PC,34h 48m
10267,Main + Extras,PC,35h
10267,Main + Extras,PC,35h
10267,Main + Extras,PC,35h
10267,Main + Extras,PC,35h
10267,Main + Extras,PC,35h
10267,Main + Extras,PC,35h
10267,Main + Extras,PC,35h
10267,Main + Extras,PC,35h
10267,Main + Extras,PC,35h
10267,Main + Extras,PC,35h
10267,Main + Extras,PC,35h
10267,Main + Extras,PC,35h
10267,Main + Extras,PC,35h
10267,Main + Extras,PC,35h
10267,Main + Extras,PC,35h
10267,Main + Extras,PC,35h
10267,Main + Extras,PC,35h
10267,Main + Extras,PC,35h
10267,Main + Extras,PC,35h
10267,Main + Extras,PC,35h
10267,Main + Extras,PC,35h
10267,Main + Extras,PC,35h 20m
10267,Main + Extras,PC,35h 30m
10267,Main + Extras,PC,35h 30m
10267,Main + Extras,PC,35h 30m
10267,Main + Extras,PC,35h 38m
10267,Main + Extras,PC,35h 40m
10267,Main + Extras,PC,36h
10267,Main + Extras,PC,36h
10267,Main + Extras,PC,36h
10267,Main + Extras,PC,36h
10267,Main + Extras,PC,36h
10267,Main + Extras,PC,36h
10267,Main + Extras,PC,36h
10267,Main + Extras,PC,36h
10267,Main + Extras,PC,36h
10267,Main + Extras,PC,36h
10267,Main + Extras,PC,36h
10267,Main + Extras,PC,36h
10267,Main + Extras,PC,36h
10267,Main + Extras,PC,36h
10267,Main + Extras,PC,36h
10267,Main + Extras,PC,36h
10267,Main + Extras,PC,36h 12m
10267,Main + Extras,PC,36h 21m
10267,Main + Extras,PC,36h 21m
10267,Main + Extras,PC,36h 30m
10267,Main + Extras,PC,36h 30m
10267,Main + Extras,PC,36h 45m
10267,Main + Extras,PC,36h 50m
10267,Main + Extras,PC,36h 53m
10267,Main + Extras,PC,37h
10267,Main + Extras,PC,37h
10267,Main + Extras,PC,37h
10267,Main + Extras,PC,37h
10267,Main + Extras,PC,37h
10267,Main + Extras,PC,37h
10267,Main + Extras,PC,37h
10267,Main + Extras,PC,37h
10267,Main + Extras,PC,37h
10267,Main + Extras,PC,37h
10267,Main + Extras,PC,37h
10267,Main + Extras,PC,37h
10267,Main + Extras,PC,37h
10267,Main + Extras,PC,37h
10267,Main + Extras,PC,37h
10267,Main + Extras,PC,37h
10267,Main + Extras,PC,37h
10267,Main + Extras,PC,37h
10267,Main + Extras,PC,37h
10267,Main + Extras,PC,37h
10267,Main + Extras,PC,37h 05m
10267,Main + Extras,PC,37h 24m
10267,Main + Extras,PC,37h 24m
10267,Main + Extras,PC,37h 26m
10267,Main + Extras,PC,37h 29m
10267,Main + Extras,PC,37h 30m
10267,Main + Extras,PC,37h 39m
10267,Main + Extras,PC,37h 44m
10267,Main + Extras,PC,37h 50m
10267,Main + Extras,PC,37h 57m
10267,Main + Extras,PC,38h
10267,Main + Extras,PC,38h
10267,Main + Extras,PC,38h
10267,Main + Extras,PC,38h
10267,Main + Extras,PC,38h
10267,Main + Extras,PC,38h
10267,Main + Extras,Mac,38h
10267,Main + Extras,PC,38h
10267,Main + Extras,PC,38h
10267,Main + Extras,PC,38h
10267,Main + Extras,PC,38h
10267,Main + Extras,PC,38h
10267,Main + Extras,PC,38h
10267,Main + Extras,PC,38h
10267,Main + Extras,PC,38h
10267,Main + Extras,PC,38h
10267,Main + Extras,PC,38h
10267,Main + Extras,PC,38h
10267,Main + Extras,NA,38h
10267,Main + Extras,PC,38h
10267,Main + Extras,PC,38h
10267,Main + Extras,PC,38h
10267,Main + Extras,PC,38h
10267,Main + Extras,PC,38h
10267,Main + Extras,PC,38h
10267,Main + Extras,PC,38h
10267,Main + Extras,PC,38h
10267,Main + Extras,PC,38h
10267,Main + Extras,PC,38h 12m
10267,Main + Extras,PC,38h 18m
10267,Main + Extras,PC,38h 20m
10267,Main + Extras,PC,38h 22m
10267,Main + Extras,PC,38h 27m
10267,Main + Extras,PC,38h 29m
10267,Main + Extras,PC,38h 29m
10267,Main + Extras,PC,38h 30m
10267,Main + Extras,PC,38h 31m
10267,Main + Extras,PC,38h 45m
10267,Main + Extras,PC,38h 49m
10267,Main + Extras,PC,39h
10267,Main + Extras,PC,39h
10267,Main + Extras,PC,39h
10267,Main + Extras,PC,39h
10267,Main + Extras,PC,39h
10267,Main + Extras,PC,39h
10267,Main + Extras,PC,39h
10267,Main + Extras,PC,39h
10267,Main + Extras,PC,39h
10267,Main + Extras,PC,39h
10267,Main + Extras,PC,39h
10267,Main + Extras,PC,39h
10267,Main + Extras,PC,39h
10267,Main + Extras,PC,39h
10267,Main + Extras,PC,39h
10267,Main + Extras,PC,39h
10267,Main + Extras,PC,39h
10267,Main + Extras,PC,39h
10267,Main + Extras,PC,39h 06m
10267,Main + Extras,PC,39h 07m
10267,Main + Extras,PC,39h 15m
10267,Main + Extras,PC,39h 20m
10267,Main + Extras,PC,39h 25m
10267,Main + Extras,PC,39h 30m
10267,Main + Extras,PC,39h 30m
10267,Main + Extras,PC,39h 32m
10267,Main + Extras,PC,39h 40m
10267,Main + Extras,PC,39h 40m
10267,Main + Extras,PC,39h 45m
10267,Main + Extras,NA,40h
10267,Main + Extras,PC,40h
10267,Main + Extras,PC,40h
10267,Main + Extras,NA,40h
10267,Main + Extras,PC,40h
10267,Main + Extras,PC,40h
10267,Main + Extras,PC,40h
10267,Main + Extras,PC,40h
10267,Main + Extras,PC,40h
10267,Main + Extras,PC,40h
10267,Main + Extras,PC,40h
10267,Main + Extras,PC,40h
10267,Main + Extras,PC,40h
10267,Main + Extras,PC,40h
10267,Main + Extras,PC,40h
10267,Main + Extras,PC,40h
10267,Main + Extras,PC,40h
10267,Main + Extras,PC,40h
10267,Main + Extras,PC,40h
10267,Main + Extras,PC,40h
10267,Main + Extras,PC,40h
10267,Main + Extras,PC,40h
10267,Main + Extras,PC,40h
10267,Main + Extras,PC,40h
10267,Main + Extras,PC,40h
10267,Main + Extras,PC,40h
10267,Main + Extras,PC,40h
10267,Main + Extras,PC,40h
10267,Main + Extras,PC,40h
10267,Main + Extras,PC,40h
10267,Main + Extras,PC,40h
10267,Main + Extras,PC,40h
10267,Main + Extras,PC,40h
10267,Main + Extras,PC,40h
10267,Main + Extras,PC,40h
10267,Main + Extras,PC,40h
10267,Main + Extras,PC,40h
10267,Main + Extras,PC,40h
10267,Main + Extras,PC,40h
10267,Main + Extras,PC,40h
10267,Main + Extras,PC,40h
10267,Main + Extras,PC,40h
10267,Main + Extras,PC,40h
10267,Main + Extras,PC,40h
10267,Main + Extras,PC,40h
10267,Main + Extras,NA,40h
10267,Main + Extras,PC,40h
10267,Main + Extras,PC,40h
10267,Main + Extras,PC,40h
10267,Main + Extras,PC,40h
10267,Main + Extras,PC,40h
10267,Main + Extras,PC,40h
10267,Main + Extras,PC,40h
10267,Main + Extras,PC,40h
10267,Main + Extras,PC,40h
10267,Main + Extras,PC,40h
10267,Main + Extras,PC,40h 01m
10267,Main + Extras,PC,40h 10m
10267,Main + Extras,PC,40h 15m
10267,Main + Extras,PC,40h 23m
10267,Main + Extras,PC,40h 25m
10267,Main + Extras,PC,40h 28m
10267,Main + Extras,PC,40h 30m
10267,Main + Extras,PC,40h 32m
10267,Main + Extras,PC,40h 35m
10267,Main + Extras,PC,40h 37m
10267,Main + Extras,PC,40h 40m
10267,Main + Extras,PC,40h 46m
10267,Main + Extras,PC,41h
10267,Main + Extras,PC,41h
10267,Main + Extras,PC,41h
10267,Main + Extras,PC,41h
10267,Main + Extras,PC,41h
10267,Main + Extras,PC,41h
10267,Main + Extras,PC,41h
10267,Main + Extras,PC,41h
10267,Main + Extras,PC,41h
10267,Main + Extras,PC,41h
10267,Main + Extras,PC,41h
10267,Main + Extras,PC,41h
10267,Main + Extras,PC,41h
10267,Main + Extras,PC,41h
10267,Main + Extras,PC,41h
10267,Main + Extras,PC,41h
10267,Main + Extras,PC,41h
10267,Main + Extras,PC,41h
10267,Main + Extras,PC,41h
10267,Main + Extras,PC,41h
10267,Main + Extras,PC,41h
10267,Main + Extras,PC,41h
10267,Main + Extras,PC,41h
10267,Main + Extras,PC,41h
10267,Main + Extras,PC,41h
10267,Main + Extras,PC,41h
10267,Main + Extras,PC,41h
10267,Main + Extras,PC,41h
10267,Main + Extras,PC,41h
10267,Main + Extras,PC,41h
10267,Main + Extras,PC,41h
10267,Main + Extras,PC,41h 09m
10267,Main + Extras,PC,41h 19m
10267,Main + Extras,PC,41h 20m
10267,Main + Extras,PC,41h 23m
10267,Main + Extras,PC,41h 28m
10267,Main + Extras,PC,41h 30m
10267,Main + Extras,PC,41h 41m
10267,Main + Extras,PC,42h
10267,Main + Extras,PC,42h
10267,Main + Extras,PC,42h
10267,Main + Extras,PC,42h
10267,Main + Extras,PC,42h
10267,Main + Extras,PC,42h
10267,Main + Extras,PC,42h
10267,Main + Extras,PC,42h
10267,Main + Extras,PC,42h
10267,Main + Extras,PC,42h
10267,Main + Extras,PC,42h
10267,Main + Extras,PC,42h
10267,Main + Extras,Mac,42h
10267,Main + Extras,PC,42h
10267,Main + Extras,PC,42h
10267,Main + Extras,PC,42h
10267,Main + Extras,PC,42h
10267,Main + Extras,PC,42h
10267,Main + Extras,PC,42h
10267,Main + Extras,PC,42h
10267,Main + Extras,PC,42h
10267,Main + Extras,PC,42h
10267,Main + Extras,PC,42h
10267,Main + Extras,PC,42h
10267,Main + Extras,PC,42h
10267,Main + Extras,PC,42h
10267,Main + Extras,PC,42h
10267,Main + Extras,PC,42h
10267,Main + Extras,PC,42h
10267,Main + Extras,PC,42h
10267,Main + Extras,PC,42h
10267,Main + Extras,PC,42h 11m
10267,Main + Extras,PC,42h 30m
10267,Main + Extras,PC,42h 36m
10267,Main + Extras,PC,42h 36m
10267,Main + Extras,PC,42h 47m
10267,Main + Extras,PC,42h 54m
10267,Main + Extras,PC,43h
10267,Main + Extras,PC,43h
10267,Main + Extras,PC,43h
10267,Main + Extras,PC,43h
10267,Main + Extras,PC,43h
10267,Main + Extras,PC,43h
10267,Main + Extras,PC,43h
10267,Main + Extras,PC,43h
10267,Main + Extras,PC,43h
10267,Main + Extras,PC,43h
10267,Main + Extras,PC,43h
10267,Main + Extras,PC,43h
10267,Main + Extras,PC,43h
10267,Main + Extras,PC,43h
10267,Main + Extras,PC,43h
10267,Main + Extras,PC,43h
10267,Main + Extras,PC,43h
10267,Main + Extras,PC,43h
10267,Main + Extras,PC,43h
10267,Main + Extras,PC,43h
10267,Main + Extras,PC,43h
10267,Main + Extras,PC,43h
10267,Main + Extras,PC,43h
10267,Main + Extras,PC,43h
10267,Main + Extras,PC,43h 02m
10267,Main + Extras,PC,43h 15m
10267,Main + Extras,PC,43h 20m
10267,Main + Extras,PC,43h 20m
10267,Main + Extras,PC,43h 23m
10267,Main + Extras,PC,43h 30m
10267,Main + Extras,PC,43h 35m
10267,Main + Extras,PC,43h 44m
10267,Main + Extras,PC,44h
10267,Main + Extras,PC,44h
10267,Main + Extras,PC,44h
10267,Main + Extras,PC,44h
10267,Main + Extras,PC,44h
10267,Main + Extras,PC,44h
10267,Main + Extras,PC,44h
10267,Main + Extras,PC,44h
10267,Main + Extras,PC,44h
10267,Main + Extras,PC,44h
10267,Main + Extras,PC,44h
10267,Main + Extras,PC,44h
10267,Main + Extras,PC,44h
10267,Main + Extras,PC,44h
10267,Main + Extras,PC,44h
10267,Main + Extras,PC,44h
10267,Main + Extras,PC,44h
10267,Main + Extras,PC,44h
10267,Main + Extras,PC,44h
10267,Main + Extras,PC,44h
10267,Main + Extras,PC,44h
10267,Main + Extras,PC,44h
10267,Main + Extras,PC,44h
10267,Main + Extras,PC,44h
10267,Main + Extras,PC,44h
10267,Main + Extras,PC,44h
10267,Main + Extras,PC,44h
10267,Main + Extras,PC,44h
10267,Main + Extras,PC,44h
10267,Main + Extras,PC,44h 18m
10267,Main + Extras,PC,44h 30m
10267,Main + Extras,PC,44h 30m
10267,Main + Extras,PC,44h 30m
10267,Main + Extras,PC,44h 40m
10267,Main + Extras,PC,44h 46m
10267,Main + Extras,PC,44h 50m
10267,Main + Extras,PC,44h 52m
10267,Main + Extras,PC,44h 59m
10267,Main + Extras,NA,45h
10267,Main + Extras,PC,45h
10267,Main + Extras,PC,45h
10267,Main + Extras,PC,45h
10267,Main + Extras,PC,45h
10267,Main + Extras,PC,45h
10267,Main + Extras,PC,45h
10267,Main + Extras,PC,45h
10267,Main + Extras,PC,45h
10267,Main + Extras,PC,45h
10267,Main + Extras,PC,45h
10267,Main + Extras,PC,45h
10267,Main + Extras,PC,45h
10267,Main + Extras,PC,45h
10267,Main + Extras,PC,45h
10267,Main + Extras,PC,45h
10267,Main + Extras,PC,45h
10267,Main + Extras,PC,45h
10267,Main + Extras,PC,45h
10267,Main + Extras,PC,45h
10267,Main + Extras,PC,45h
10267,Main + Extras,PC,45h
10267,Main + Extras,PC,45h
10267,Main + Extras,PC,45h
10267,Main + Extras,PC,45h
10267,Main + Extras,PC,45h
10267,Main + Extras,PC,45h
10267,Main + Extras,PC,45h
10267,Main + Extras,PC,45h
10267,Main + Extras,PC,45h
10267,Main + Extras,PC,45h
10267,Main + Extras,PC,45h
10267,Main + Extras,PC,45h
10267,Main + Extras,PC,45h
10267,Main + Extras,PC,45h
10267,Main + Extras,PC,45h
10267,Main + Extras,PC,45h
10267,Main + Extras,PC,45h
10267,Main + Extras,PC,45h
10267,Main + Extras,PC,45h
10267,Main + Extras,PC,45h
10267,Main + Extras,PC,45h
10267,Main + Extras,PC,45h
10267,Main + Extras,PC,45h
10267,Main + Extras,PC,45h
10267,Main + Extras,PC,45h
10267,Main + Extras,PC,45h
10267,Main + Extras,PC,45h
10267,Main + Extras,PC,45h
10267,Main + Extras,PC,45h
10267,Main + Extras,PC,45h
10267,Main + Extras,PC,45h
10267,Main + Extras,PC,45h
10267,Main + Extras,NA,45h
10267,Main + Extras,PC,45h
10267,Main + Extras,PC,45h
10267,Main + Extras,PC,45h
10267,Main + Extras,PC,45h
10267,Main + Extras,PC,45h 06m
10267,Main + Extras,PC,45h 07m
10267,Main + Extras,PC,45h 12m
10267,Main + Extras,PC,45h 15m
10267,Main + Extras,PC,45h 15m
10267,Main + Extras,PC,45h 30m
10267,Main + Extras,PC,45h 30m
10267,Main + Extras,PC,45h 30m
10267,Main + Extras,PC,45h 40m
10267,Main + Extras,PC,45h 43m
10267,Main + Extras,PC,45h 46m
10267,Main + Extras,PC,45h 48m
10267,Main + Extras,PC,45h 52m
10267,Main + Extras,PC,45h 53m
10267,Main + Extras,PC,45h 56m
10267,Main + Extras,PC,46h
10267,Main + Extras,PC,46h
10267,Main + Extras,PC,46h
10267,Main + Extras,PC,46h
10267,Main + Extras,PC,46h
10267,Main + Extras,PC,46h
10267,Main + Extras,PC,46h
10267,Main + Extras,PC,46h
10267,Main + Extras,PC,46h
10267,Main + Extras,PC,46h
10267,Main + Extras,PC,46h
10267,Main + Extras,PC,46h
10267,Main + Extras,PC,46h
10267,Main + Extras,PC,46h
10267,Main + Extras,PC,46h
10267,Main + Extras,PC,46h
10267,Main + Extras,PC,46h
10267,Main + Extras,PC,46h
10267,Main + Extras,PC,46h
10267,Main + Extras,PC,46h
10267,Main + Extras,PC,46h
10267,Main + Extras,PC,46h
10267,Main + Extras,PC,46h
10267,Main + Extras,PC,46h
10267,Main + Extras,PC,46h
10267,Main + Extras,PC,46h
10267,Main + Extras,PC,46h
10267,Main + Extras,PC,46h
10267,Main + Extras,PC,46h
10267,Main + Extras,PC,46h 03m
10267,Main + Extras,PC,46h 10m
10267,Main + Extras,PC,46h 23m
10267,Main + Extras,PC,46h 25m
10267,Main + Extras,PC,46h 30m
10267,Main + Extras,PC,46h 31m
10267,Main + Extras,PC,46h 32m
10267,Main + Extras,PC,46h 35m
10267,Main + Extras,PC,46h 38m
10267,Main + Extras,PC,46h 44m
10267,Main + Extras,PC,46h 58m
10267,Main + Extras,NA,47h
10267,Main + Extras,NA,47h
10267,Main + Extras,PC,47h
10267,Main + Extras,PC,47h
10267,Main + Extras,PC,47h
10267,Main + Extras,PC,47h
10267,Main + Extras,PC,47h
10267,Main + Extras,PC,47h
10267,Main + Extras,PC,47h
10267,Main + Extras,PC,47h
10267,Main + Extras,Mac,47h
10267,Main + Extras,PC,47h
10267,Main + Extras,PC,47h
10267,Main + Extras,PC,47h
10267,Main + Extras,PC,47h
10267,Main + Extras,PC,47h
10267,Main + Extras,PC,47h
10267,Main + Extras,PC,47h
10267,Main + Extras,PC,47h
10267,Main + Extras,PC,47h
10267,Main + Extras,PC,47h
10267,Main + Extras,PC,47h
10267,Main + Extras,PC,47h
10267,Main + Extras,PC,47h
10267,Main + Extras,PC,47h
10267,Main + Extras,PC,47h
10267,Main + Extras,PC,47h
10267,Main + Extras,PC,47h
10267,Main + Extras,PC,47h
10267,Main + Extras,PC,47h
10267,Main + Extras,PC,47h
10267,Main + Extras,PC,47h
10267,Main + Extras,PC,47h
10267,Main + Extras,PC,47h 02m
10267,Main + Extras,PC,47h 08m
10267,Main + Extras,PC,47h 16m
10267,Main + Extras,PC,47h 20m
10267,Main + Extras,PC,47h 20m
10267,Main + Extras,PC,47h 29m
10267,Main + Extras,PC,47h 30m
10267,Main + Extras,PC,47h 39m
10267,Main + Extras,PC,47h 41m
10267,Main + Extras,PC,47h 43m
10267,Main + Extras,PC,47h 48m
10267,Main + Extras,PC,47h 49m
10267,Main + Extras,PC,47h 54m
10267,Main + Extras,NA,48h
10267,Main + Extras,PC,48h
10267,Main + Extras,PC,48h
10267,Main + Extras,PC,48h
10267,Main + Extras,PC,48h
10267,Main + Extras,PC,48h
10267,Main + Extras,PC,48h
10267,Main + Extras,PC,48h
10267,Main + Extras,PC,48h
10267,Main + Extras,PC,48h
10267,Main + Extras,PC,48h
10267,Main + Extras,PC,48h
10267,Main + Extras,PC,48h
10267,Main + Extras,PC,48h
10267,Main + Extras,PC,48h
10267,Main + Extras,PC,48h
10267,Main + Extras,PC,48h
10267,Main + Extras,PC,48h
10267,Main + Extras,PC,48h
10267,Main + Extras,PC,48h 04m
10267,Main + Extras,PC,48h 05m
10267,Main + Extras,PC,48h 20m
10267,Main + Extras,PC,48h 21m
10267,Main + Extras,PC,48h 25m
10267,Main + Extras,PC,48h 27m
10267,Main + Extras,PC,48h 42m
10267,Main + Extras,PC,48h 48m
10267,Main + Extras,PC,48h 52m
10267,Main + Extras,PC,49h
10267,Main + Extras,PC,49h
10267,Main + Extras,PC,49h
10267,Main + Extras,Mac,49h
10267,Main + Extras,PC,49h
10267,Main + Extras,PC,49h
10267,Main + Extras,PC,49h
10267,Main + Extras,PC,49h
10267,Main + Extras,PC,49h
10267,Main + Extras,PC,49h
10267,Main + Extras,PC,49h
10267,Main + Extras,PC,49h
10267,Main + Extras,PC,49h
10267,Main + Extras,PC,49h
10267,Main + Extras,PC,49h
10267,Main + Extras,PC,49h
10267,Main + Extras,PC,49h
10267,Main + Extras,PC,49h
10267,Main + Extras,PC,49h 07m
10267,Main + Extras,PC,49h 14m
10267,Main + Extras,NA,49h 15m
10267,Main + Extras,PC,49h 20m
10267,Main + Extras,PC,49h 26m
10267,Main + Extras,PC,49h 30m
10267,Main + Extras,PC,49h 30m
10267,Main + Extras,PC,49h 33m
10267,Main + Extras,PC,49h 51m
10267,Main + Extras,NA,50h
10267,Main + Extras,PC,50h
10267,Main + Extras,PC,50h
10267,Main + Extras,PC,50h
10267,Main + Extras,PC,50h
10267,Main + Extras,PC,50h
10267,Main + Extras,PC,50h
10267,Main + Extras,PC,50h
10267,Main + Extras,PC,50h
10267,Main + Extras,Mac,50h
10267,Main + Extras,PC,50h
10267,Main + Extras,PC,50h
10267,Main + Extras,PC,50h
10267,Main + Extras,PC,50h
10267,Main + Extras,PC,50h
10267,Main + Extras,PC,50h
10267,Main + Extras,PC,50h
10267,Main + Extras,PC,50h
10267,Main + Extras,PC,50h
10267,Main + Extras,PC,50h
10267,Main + Extras,PC,50h
10267,Main + Extras,PC,50h
10267,Main + Extras,PC,50h
10267,Main + Extras,PC,50h
10267,Main + Extras,PC,50h
10267,Main + Extras,PC,50h
10267,Main + Extras,PC,50h
10267,Main + Extras,PC,50h
10267,Main + Extras,PC,50h
10267,Main + Extras,PC,50h
10267,Main + Extras,PC,50h
10267,Main + Extras,PC,50h
10267,Main + Extras,PC,50h
10267,Main + Extras,PC,50h
10267,Main + Extras,PC,50h
10267,Main + Extras,PC,50h
10267,Main + Extras,PC,50h
10267,Main + Extras,PC,50h
10267,Main + Extras,PC,50h
10267,Main + Extras,PC,50h
10267,Main + Extras,PC,50h
10267,Main + Extras,PC,50h
10267,Main + Extras,PC,50h
10267,Main + Extras,PC,50h
10267,Main + Extras,PC,50h
10267,Main + Extras,PC,50h
10267,Main + Extras,PC,50h
10267,Main + Extras,PC,50h
10267,Main + Extras,Mac,50h
10267,Main + Extras,PC,50h
10267,Main + Extras,PC,50h
10267,Main + Extras,PC,50h
10267,Main + Extras,PC,50h
10267,Main + Extras,PC,50h
10267,Main + Extras,PC,50h
10267,Main + Extras,PC,50h
10267,Main + Extras,PC,50h
10267,Main + Extras,PC,50h
10267,Main + Extras,PC,50h
10267,Main + Extras,PC,50h
10267,Main + Extras,PC,50h 05m
10267,Main + Extras,PC,50h 13m
10267,Main + Extras,PC,50h 24m
10267,Main + Extras,PC,50h 25m
10267,Main + Extras,PC,50h 30m
10267,Main + Extras,PC,50h 39m
10267,Main + Extras,PC,50h 44m
10267,Main + Extras,PC,50h 45m
10267,Main + Extras,NA,51h
10267,Main + Extras,PC,51h
10267,Main + Extras,PC,51h
10267,Main + Extras,PC,51h
10267,Main + Extras,PC,51h
10267,Main + Extras,PC,51h
10267,Main + Extras,PC,51h
10267,Main + Extras,PC,51h
10267,Main + Extras,PC,51h
10267,Main + Extras,PC,51h
10267,Main + Extras,PC,51h
10267,Main + Extras,PC,51h
10267,Main + Extras,PC,51h 14m
10267,Main + Extras,PC,51h 30m
10267,Main + Extras,PC,51h 34m
10267,Main + Extras,PC,51h 34m
10267,Main + Extras,PC,51h 37m
10267,Main + Extras,PC,51h 47m
10267,Main + Extras,PC,51h 54m
10267,Main + Extras,PC,52h
10267,Main + Extras,PC,52h
10267,Main + Extras,PC,52h
10267,Main + Extras,PC,52h
10267,Main + Extras,PC,52h
10267,Main + Extras,PC,52h
10267,Main + Extras,PC,52h
10267,Main + Extras,PC,52h
10267,Main + Extras,PC,52h
10267,Main + Extras,PC,52h
10267,Main + Extras,PC,52h
10267,Main + Extras,PC,52h
10267,Main + Extras,PC,52h
10267,Main + Extras,Mac,52h
10267,Main + Extras,PC,52h
10267,Main + Extras,PC,52h
10267,Main + Extras,PC,52h
10267,Main + Extras,PC,52h
10267,Main + Extras,PC,52h
10267,Main + Extras,PC,52h
10267,Main + Extras,PC,52h
10267,Main + Extras,PC,52h
10267,Main + Extras,PC,52h
10267,Main + Extras,PC,52h
10267,Main + Extras,PC,52h 07m
10267,Main + Extras,PC,52h 17m
10267,Main + Extras,PC,52h 20m
10267,Main + Extras,PC,52h 24m
10267,Main + Extras,PC,52h 25m
10267,Main + Extras,PC,53h
10267,Main + Extras,PC,53h
10267,Main + Extras,PC,53h
10267,Main + Extras,PC,53h
10267,Main + Extras,PC,53h
10267,Main + Extras,PC,53h
10267,Main + Extras,PC,53h
10267,Main + Extras,PC,53h
10267,Main + Extras,PC,53h
10267,Main + Extras,PC,53h
10267,Main + Extras,PC,53h
10267,Main + Extras,PC,53h
10267,Main + Extras,PC,53h
10267,Main + Extras,PC,53h
10267,Main + Extras,PC,53h
10267,Main + Extras,PC,53h 07m
10267,Main + Extras,PC,53h 15m
10267,Main + Extras,PC,53h 15m
10267,Main + Extras,PC,53h 27m
10267,Main + Extras,NA,54h
10267,Main + Extras,NA,54h
10267,Main + Extras,PC,54h
10267,Main + Extras,PC,54h
10267,Main + Extras,PC,54h
10267,Main + Extras,PC,54h
10267,Main + Extras,PC,54h
10267,Main + Extras,PC,54h
10267,Main + Extras,PC,54h
10267,Main + Extras,PC,54h
10267,Main + Extras,PC,54h
10267,Main + Extras,PC,54h
10267,Main + Extras,PC,54h 18m
10267,Main + Extras,PC,54h 18m
10267,Main + Extras,PC,54h 25m
10267,Main + Extras,PC,54h 33m
10267,Main + Extras,PC,54h 40m
10267,Main + Extras,PC,54h 48m
10267,Main + Extras,PC,55h
10267,Main + Extras,PC,55h
10267,Main + Extras,PC,55h
10267,Main + Extras,PC,55h
10267,Main + Extras,PC,55h
10267,Main + Extras,PC,55h
10267,Main + Extras,PC,55h
10267,Main + Extras,PC,55h
10267,Main + Extras,PC,55h
10267,Main + Extras,PC,55h
10267,Main + Extras,Mac,55h
10267,Main + Extras,PC,55h
10267,Main + Extras,PC,55h
10267,Main + Extras,PC,55h
10267,Main + Extras,PC,55h
10267,Main + Extras,PC,55h
10267,Main + Extras,PC,55h
10267,Main + Extras,PC,55h
10267,Main + Extras,PC,55h
10267,Main + Extras,PC,55h
10267,Main + Extras,PC,55h 25m
10267,Main + Extras,PC,55h 34m
10267,Main + Extras,PC,56h
10267,Main + Extras,PC,56h
10267,Main + Extras,PC,56h
10267,Main + Extras,PC,56h
10267,Main + Extras,PC,56h
10267,Main + Extras,PC,56h
10267,Main + Extras,PC,56h
10267,Main + Extras,PC,56h
10267,Main + Extras,PC,56h
10267,Main + Extras,PC,56h
10267,Main + Extras,PC,56h
10267,Main + Extras,PC,56h
10267,Main + Extras,PC,56h 42m
10267,Main + Extras,PC,57h
10267,Main + Extras,PC,57h
10267,Main + Extras,PC,57h
10267,Main + Extras,PC,57h
10267,Main + Extras,PC,57h
10267,Main + Extras,PC,57h
10267,Main + Extras,PC,57h
10267,Main + Extras,PC,57h
10267,Main + Extras,PC,57h
10267,Main + Extras,PC,57h
10267,Main + Extras,PC,57h
10267,Main + Extras,PC,57h
10267,Main + Extras,PC,57h
10267,Main + Extras,PC,57h 04m
10267,Main + Extras,PC,57h 24m
10267,Main + Extras,PC,57h 25m
10267,Main + Extras,PC,57h 41m
10267,Main + Extras,PC,57h 49m
10267,Main + Extras,PC,58h
10267,Main + Extras,PC,58h
10267,Main + Extras,PC,58h
10267,Main + Extras,PC,58h
10267,Main + Extras,PC,58h
10267,Main + Extras,PC,58h
10267,Main + Extras,PC,58h
10267,Main + Extras,PC,58h
10267,Main + Extras,PC,58h
10267,Main + Extras,PC,58h 07m
10267,Main + Extras,PC,58h 51m
10267,Main + Extras,PC,59h
10267,Main + Extras,PC,59h
10267,Main + Extras,PC,59h
10267,Main + Extras,PC,59h
10267,Main + Extras,PC,59h
10267,Main + Extras,PC,59h
10267,Main + Extras,PC,59h
10267,Main + Extras,Mac,59h
10267,Main + Extras,PC,59h 02m
10267,Main + Extras,PC,59h 20m
10267,Main + Extras,PC,59h 30m
10267,Main + Extras,PC,59h 43m
10267,Main + Extras,PC,59h 51m
10267,Main + Extras,PC,60h
10267,Main + Extras,PC,60h
10267,Main + Extras,PC,60h
10267,Main + Extras,PC,60h
10267,Main + Extras,PC,60h
10267,Main + Extras,PC,60h
10267,Main + Extras,PC,60h
10267,Main + Extras,PC,60h
10267,Main + Extras,PC,60h
10267,Main + Extras,PC,60h
10267,Main + Extras,PC,60h
10267,Main + Extras,PC,60h
10267,Main + Extras,PC,60h
10267,Main + Extras,PC,60h
10267,Main + Extras,PC,60h
10267,Main + Extras,PC,60h
10267,Main + Extras,PC,60h
10267,Main + Extras,PC,60h
10267,Main + Extras,PC,60h
10267,Main + Extras,PC,60h
10267,Main + Extras,PC,60h 35m
10267,Main + Extras,PC,61h
10267,Main + Extras,PC,61h
10267,Main + Extras,PC,61h
10267,Main + Extras,PC,61h
10267,Main + Extras,PC,61h
10267,Main + Extras,PC,61h
10267,Main + Extras,PC,61h
10267,Main + Extras,PC,61h 02m
10267,Main + Extras,PC,61h 41m
10267,Main + Extras,PC,61h 46m
10267,Main + Extras,PC,62h
10267,Main + Extras,PC,62h
10267,Main + Extras,PC,62h
10267,Main + Extras,Mac,62h
10267,Main + Extras,PC,62h
10267,Main + Extras,PC,62h 30m
10267,Main + Extras,PC,63h
10267,Main + Extras,PC,63h
10267,Main + Extras,PC,63h
10267,Main + Extras,PC,63h 34m
10267,Main + Extras,PC,63h 36m
10267,Main + Extras,PC,63h 37m
10267,Main + Extras,PC,64h
10267,Main + Extras,PC,64h
10267,Main + Extras,PC,64h
10267,Main + Extras,PC,64h
10267,Main + Extras,PC,65h
10267,Main + Extras,PC,65h
10267,Main + Extras,PC,65h
10267,Main + Extras,PC,65h
10267,Main + Extras,PC,66h
10267,Main + Extras,PC,66h
10267,Main + Extras,PC,66h
10267,Main + Extras,PC,66h
10267,Main + Extras,PC,66h
10267,Main + Extras,PC,67h
10267,Main + Extras,PC,67h 05m
10267,Main + Extras,PC,68h
10267,Main + Extras,PC,68h
10267,Main + Extras,PC,68h
10267,Main + Extras,PC,68h
10267,Main + Extras,PC,68h 12m
10267,Main + Extras,PC,68h 30m
10267,Main + Extras,PC,68h 40m
10267,Main + Extras,PC,69h
10267,Main + Extras,PC,69h
10267,Main + Extras,PC,69h
10267,Main + Extras,PC,69h
10267,Main + Extras,PC,69h 18m
10267,Main + Extras,PC,69h 50m
10267,Main + Extras,PC,70h
10267,Main + Extras,PC,70h
10267,Main + Extras,PC,70h
10267,Main + Extras,PC,70h
10267,Main + Extras,PC,70h
10267,Main + Extras,PC,70h 10m
10267,Main + Extras,PC,71h
10267,Main + Extras,PC,71h 43m
10267,Main + Extras,PC,72h
10267,Main + Extras,PC,72h
10267,Main + Extras,PC,72h
10267,Main + Extras,PC,73h
10267,Main + Extras,PC,73h
10267,Main + Extras,Mac,73h 15m
10267,Main + Extras,PC,75h
10267,Main + Extras,PC,75h
10267,Main + Extras,PC,75h
10267,Main + Extras,PC,75h
10267,Main + Extras,PC,75h
10267,Main + Extras,PC,75h
10267,Main + Extras,PC,75h 42m
10267,Main + Extras,PC,76h
10267,Main + Extras,PC,76h
10267,Main + Extras,PC,76h 10m
10267,Main + Extras,PC,76h 54m
10267,Main + Extras,PC,77h
10267,Main + Extras,PC,78h
10267,Main + Extras,PC,78h 23m
10267,Main + Extras,PC,79h
10267,Main + Extras,PC,79h
10267,Main + Extras,PC,80h
10267,Main + Extras,PC,80h
10267,Main + Extras,PC,80h
10267,Main + Extras,PC,80h
10267,Main + Extras,PC,80h
10267,Main + Extras,PC,80h
10267,Main + Extras,PC,81h
10267,Main + Extras,PC,81h 30m
10267,Main + Extras,PC,83h 20m
10267,Main + Extras,PC,84h
10267,Main + Extras,PC,85h
10267,Main + Extras,PC,85h
10267,Main + Extras,PC,86h
10267,Main + Extras,PC,87h
10267,Main + Extras,PC,87h 07m
10267,Main + Extras,PC,88h
10267,Main + Extras,PC,91h
10267,Main + Extras,PC,91h 47m
10267,Main + Extras,PC,95h
10267,Main + Extras,PC,95h
10267,Main + Extras,PC,95h
10267,Main + Extras,PC,100h
10267,Main + Extras,PC,100h
10267,Main + Extras,PC,100h
10267,Main + Extras,PC,101h
10267,Main + Extras,PC,102h
10267,Main + Extras,PC,103h
10267,Main + Extras,PC,106h
10267,Main + Extras,PC,108h
10267,Main + Extras,PC,111h
10267,Main + Extras,PC,116h
10267,Main + Extras,PC,120h
10267,Main + Extras,PC,129h
10267,Main + Extras,PC,131h
10267,Completionists,PC,35h
10267,Completionists,PC,35h
10267,Completionists,PC,36h
10267,Completionists,PC,36h 54m
10267,Completionists,PC,37h
10267,Completionists,PC,37h
10267,Completionists,PC,37h
10267,Completionists,PC,37h
10267,Completionists,PC,37h 18m
10267,Completionists,PC,38h
10267,Completionists,PC,38h
10267,Completionists,PC,38h 30m
10267,Completionists,PC,39h
10267,Completionists,PC,39h 14m
10267,Completionists,PC,40h
10267,Completionists,PC,40h
10267,Completionists,PC,40h
10267,Completionists,PC,40h
10267,Completionists,PC,40h 30m
10267,Completionists,PC,41h
10267,Completionists,PC,41h
10267,Completionists,PC,41h 23m
10267,Completionists,PC,42h
10267,Completionists,PC,42h
10267,Completionists,PC,42h
10267,Completionists,PC,42h
10267,Completionists,PC,43h
10267,Completionists,PC,43h
10267,Completionists,PC,43h
10267,Completionists,PC,43h 48m
10267,Completionists,PC,44h
10267,Completionists,PC,44h 32m
10267,Completionists,PC,45h
10267,Completionists,PC,45h
10267,Completionists,PC,45h
10267,Completionists,PC,45h
10267,Completionists,PC,45h
10267,Completionists,PC,45h 15m
10267,Completionists,PC,45h 25m
10267,Completionists,PC,45h 32m
10267,Completionists,PC,45h 48m
10267,Completionists,PC,45h 53m
10267,Completionists,PC,46h
10267,Completionists,PC,46h 03m
10267,Completionists,PC,46h 20m
10267,Completionists,PC,47h
10267,Completionists,PC,47h
10267,Completionists,PC,47h 10m
10267,Completionists,PC,48h
10267,Completionists,PC,48h 41m
10267,Completionists,PC,48h 59m
10267,Completionists,PC,49h 06m
10267,Completionists,PC,50h
10267,Completionists,PC,50h
10267,Completionists,PC,50h
10267,Completionists,PC,50h
10267,Completionists,PC,50h
10267,Completionists,PC,50h
10267,Completionists,PC,50h 30m
10267,Completionists,PC,50h 45m
10267,Completionists,PC,51h
10267,Completionists,PC,51h
10267,Completionists,PC,51h
10267,Completionists,PC,51h 18m
10267,Completionists,PC,52h
10267,Completionists,PC,52h
10267,Completionists,PC,52h
10267,Completionists,PC,52h
10267,Completionists,PC,52h
10267,Completionists,PC,52h
10267,Completionists,PC,52h
10267,Completionists,PC,52h 02m
10267,Completionists,PC,52h 10m
10267,Completionists,PC,52h 10m
10267,Completionists,PC,52h 57m
10267,Completionists,PC,53h
10267,Completionists,PC,53h
10267,Completionists,PC,53h
10267,Completionists,PC,53h
10267,Completionists,PC,53h
10267,Completionists,PC,53h
10267,Completionists,PC,53h
10267,Completionists,PC,53h
10267,Completionists,PC,54h
10267,Completionists,PC,54h
10267,Completionists,PC,54h
10267,Completionists,PC,54h 16m
10267,Completionists,PC,54h 28m
10267,Completionists,PC,54h 35m
10267,Completionists,PC,55h
10267,Completionists,PC,55h
10267,Completionists,PC,55h
10267,Completionists,PC,55h
10267,Completionists,PC,55h
10267,Completionists,PC,55h
10267,Completionists,PC,55h 02m
10267,Completionists,PC,55h 17m
10267,Completionists,PC,55h 30m
10267,Completionists,PC,55h 55m
10267,Completionists,NA,56h
10267,Completionists,PC,56h
10267,Completionists,PC,56h
10267,Completionists,PC,56h
10267,Completionists,PC,56h
10267,Completionists,PC,56h
10267,Completionists,Linux,56h
10267,Completionists,PC,56h 11m
10267,Completionists,PC,56h 50m
10267,Completionists,PC,57h
10267,Completionists,PC,57h
10267,Completionists,PC,57h
10267,Completionists,PC,57h 43m
10267,Completionists,PC,58h
10267,Completionists,PC,58h
10267,Completionists,PC,58h
10267,Completionists,PC,58h
10267,Completionists,PC,58h
10267,Completionists,PC,58h
10267,Completionists,PC,58h 30m
10267,Completionists,PC,58h 42m
10267,Completionists,PC,59h
10267,Completionists,NA,60h
10267,Completionists,PC,60h
10267,Completionists,PC,60h
10267,Completionists,PC,60h
10267,Completionists,PC,60h
10267,Completionists,PC,60h
10267,Completionists,PC,60h
10267,Completionists,PC,60h
10267,Completionists,PC,60h
10267,Completionists,PC,60h
10267,Completionists,PC,60h
10267,Completionists,PC,60h
10267,Completionists,PC,60h 04m
10267,Completionists,PC,60h 20m
10267,Completionists,PC,60h 25m
10267,Completionists,PC,60h 52m
10267,Completionists,PC,61h
10267,Completionists,PC,61h
10267,Completionists,PC,61h
10267,Completionists,PC,61h
10267,Completionists,PC,61h
10267,Completionists,PC,61h
10267,Completionists,PC,61h 28m
10267,Completionists,PC,62h
10267,Completionists,PC,62h
10267,Completionists,PC,62h
10267,Completionists,PC,62h
10267,Completionists,PC,62h
10267,Completionists,PC,62h 30m
10267,Completionists,PC,63h
10267,Completionists,PC,63h
10267,Completionists,PC,63h 33m
10267,Completionists,PC,64h
10267,Completionists,PC,64h
10267,Completionists,PC,64h
10267,Completionists,PC,64h
10267,Completionists,PC,64h 57m
10267,Completionists,PC,65h
10267,Completionists,PC,65h
10267,Completionists,PC,65h
10267,Completionists,PC,65h
10267,Completionists,PC,65h
10267,Completionists,PC,65h
10267,Completionists,PC,65h
10267,Completionists,PC,65h
10267,Completionists,PC,65h 39m
10267,Completionists,PC,66h
10267,Completionists,Mac,66h 43m
10267,Completionists,PC,66h 47m
10267,Completionists,PC,66h 58m
10267,Completionists,PC,67h
10267,Completionists,PC,67h
10267,Completionists,PC,67h
10267,Completionists,PC,68h
10267,Completionists,PC,68h
10267,Completionists,PC,68h
10267,Completionists,PC,68h 03m
10267,Completionists,PC,69h
10267,Completionists,PC,69h
10267,Completionists,PC,69h
10267,Completionists,PC,69h
10267,Completionists,PC,69h
10267,Completionists,PC,69h
10267,Completionists,PC,69h 30m
10267,Completionists,PC,70h
10267,Completionists,PC,70h
10267,Completionists,PC,70h
10267,Completionists,PC,70h
10267,Completionists,PC,70h
10267,Completionists,PC,70h
10267,Completionists,PC,70h
10267,Completionists,PC,70h
10267,Completionists,PC,70h
10267,Completionists,PC,70h
10267,Completionists,PC,70h
10267,Completionists,PC,70h
10267,Completionists,PC,70h
10267,Completionists,PC,70h
10267,Completionists,PC,71h
10267,Completionists,PC,71h
10267,Completionists,PC,72h
10267,Completionists,PC,72h
10267,Completionists,PC,72h
10267,Completionists,PC,72h
10267,Completionists,PC,72h
10267,Completionists,PC,72h
10267,Completionists,PC,72h
10267,Completionists,PC,72h
10267,Completionists,PC,72h
10267,Completionists,PC,72h 15m
10267,Completionists,PC,73h
10267,Completionists,PC,73h
10267,Completionists,PC,73h 08m
10267,Completionists,NA,73h 12m
10267,Completionists,PC,73h 30m
10267,Completionists,PC,74h
10267,Completionists,PC,74h 40m
10267,Completionists,PC,75h
10267,Completionists,PC,75h
10267,Completionists,PC,75h
10267,Completionists,NA,75h
10267,Completionists,PC,75h 20m
10267,Completionists,PC,75h 33m
10267,Completionists,PC,76h
10267,Completionists,PC,76h 12m
10267,Completionists,NA,78h
10267,Completionists,PC,78h
10267,Completionists,PC,78h
10267,Completionists,PC,78h
10267,Completionists,PC,79h
10267,Completionists,PC,79h
10267,Completionists,PC,79h
10267,Completionists,PC,79h 40m
10267,Completionists,PC,80h
10267,Completionists,Mac,80h
10267,Completionists,PC,80h
10267,Completionists,PC,80h
10267,Completionists,PC,80h
10267,Completionists,PC,80h
10267,Completionists,PC,80h
10267,Completionists,PC,80h
10267,Completionists,PC,80h
10267,Completionists,PC,81h
10267,Completionists,PC,81h
10267,Completionists,PC,81h 09m
10267,Completionists,PC,81h 10m
10267,Completionists,PC,81h 12m
10267,Completionists,NA,82h
10267,Completionists,PC,82h
10267,Completionists,PC,82h
10267,Completionists,PC,82h 13m
10267,Completionists,PC,84h
10267,Completionists,PC,84h
10267,Completionists,PC,84h
10267,Completionists,PC,85h
10267,Completionists,PC,85h
10267,Completionists,PC,85h
10267,Completionists,PC,85h
10267,Completionists,PC,85h
10267,Completionists,PC,86h
10267,Completionists,PC,86h
10267,Completionists,PC,88h
10267,Completionists,PC,88h
10267,Completionists,PC,88h
10267,Completionists,PC,89h
10267,Completionists,PC,89h 17m
10267,Completionists,PC,89h 35m
10267,Completionists,PC,90h
10267,Completionists,PC,91h
10267,Completionists,PC,92h
10267,Completionists,PC,92h 34m
10267,Completionists,PC,94h
10267,Completionists,PC,94h 57m
10267,Completionists,PC,95h
10267,Completionists,PC,95h 16m
10267,Completionists,PC,98h
10267,Completionists,PC,98h
10267,Completionists,PC,98h
10267,Completionists,PC,100h
10267,Completionists,PC,100h
10267,Completionists,PC,100h 47m
10267,Completionists,PC,101h
10267,Completionists,PC,104h
10267,Completionists,PC,104h
10267,Completionists,PC,112h
10267,Completionists,PC,120h
10267,Completionists,PC,120h
10267,Completionists,PC,122h
10267,Completionists,PC,122h 08m
10267,Completionists,PC,122h 54m
10267,Completionists,PC,125h
10267,Completionists,PC,127h 35m
10267,Completionists,PC,130h
10267,Completionists,PC,131h
10267,Completionists,PC,140h
10267,Completionists,PC,155h 18m
10267,Speed Run - Any%,PC,17h 15m
10267,Speed Run - 100%,PC,24h 33m 56s
