id,type,platform,time
10273,Main Story,PlayStation 4,4h 56m
10273,Main Story,PC,5h
10273,Main Story,PC,6h
10273,Main Story,PlayStation 4,6h 50m
10273,Main Story,PC,8h
10273,Main Story,PC,8h
10273,Main Story,Xbox One,8h 45m
10273,Main Story,PC,8h 57m
10273,Main Story,PC,9h
10273,Main Story,PC,9h 30m
10273,Main Story,PC,9h 30m
10273,Main Story,PlayStation 4,9h 43m
10273,Main Story,PC,10h
10273,Main Story,PC,10h
10273,Main Story,PC,10h
10273,Main Story,PC,10h
10273,Main Story,PC,10h
10273,Main Story,PC,10h
10273,Main Story,Xbox One,10h 30m
10273,Main Story,PC,11h
10273,Main Story,PC,11h
10273,Main Story,PC,11h 08m
10273,Main Story,PC,12h
10273,Main Story,PC,12h
10273,Main Story,PlayStation 4,12h
10273,Main Story,PC,12h
10273,Main Story,PC,12h
10273,Main Story,PC,12h
10273,Main Story,PC,12h
10273,Main Story,PC,12h
10273,Main Story,PlayStation 4,12h 10m
10273,Main Story,PC,12h 15m
10273,Main Story,PC,12h 30m
10273,Main Story,PC,12h 49m
10273,Main Story,PC,13h
10273,Main Story,PC,13h
10273,Main Story,PC,13h
10273,Main Story,PC,13h
10273,Main Story,PlayStation 4,13h
10273,Main Story,PC,13h
10273,Main Story,PC,13h 03m
10273,Main Story,PC,13h 12m
10273,Main Story,PC,13h 20m
10273,Main Story,PC,13h 30m
10273,Main Story,PC,13h 50m
10273,Main Story,PC,13h 55m
10273,Main Story,PlayStation 4,14h
10273,Main Story,PC,14h
10273,Main Story,PC,14h
10273,Main Story,PC,14h
10273,Main Story,PlayStation 4,14h
10273,Main Story,PC,14h
10273,Main Story,PC,14h 09m
10273,Main Story,PC,15h
10273,Main Story,PC,15h
10273,Main Story,PC,15h
10273,Main Story,PlayStation 4,15h
10273,Main Story,PC,15h
10273,Main Story,PC,15h
10273,Main Story,PlayStation 4,15h
10273,Main Story,PC,15h
10273,Main Story,PC,15h 20m
10273,Main Story,PC,15h 23m
10273,Main Story,PC,15h 38m
10273,Main Story,PC,15h 40m
10273,Main Story,PC,15h 53m
10273,Main Story,PC,16h
10273,Main Story,PC,16h
10273,Main Story,PC,16h
10273,Main Story,PC,16h
10273,Main Story,PC,16h
10273,Main Story,PC,16h
10273,Main Story,PC,16h
10273,Main Story,PC,16h 18m
10273,Main Story,PC,16h 19m
10273,Main Story,PlayStation 4,16h 30m
10273,Main Story,PC,16h 32m
10273,Main Story,PC,16h 38m
10273,Main Story,PlayStation 4,16h 40m
10273,Main Story,PC,16h 55m
10273,Main Story,PC,17h
10273,Main Story,PlayStation 4,17h
10273,Main Story,PlayStation 4,17h
10273,Main Story,PC,17h
10273,Main Story,PC,17h
10273,Main Story,PC,17h
10273,Main Story,PlayStation 4,17h
10273,Main Story,PC,17h 10m
10273,Main Story,PC,17h 12m
10273,Main Story,PlayStation 4,17h 15m
10273,Main Story,PC,17h 30m
10273,Main Story,PC,17h 31m
10273,Main Story,PlayStation 4,18h
10273,Main Story,PC,18h
10273,Main Story,PC,18h
10273,Main Story,PC,18h
10273,Main Story,PC,18h
10273,Main Story,PC,18h
10273,Main Story,PC,18h
10273,Main Story,PlayStation 4,18h
10273,Main Story,PC,18h
10273,Main Story,PC,18h
10273,Main Story,PlayStation 4,18h
10273,Main Story,PlayStation 4,18h
10273,Main Story,PlayStation 4,18h
10273,Main Story,PC,18h
10273,Main Story,PC,18h
10273,Main Story,PC,18h 20m
10273,Main Story,PC,18h 30m
10273,Main Story,PC,18h 30m
10273,Main Story,PC,18h 34m
10273,Main Story,PC,18h 42m
10273,Main Story,PlayStation 4,18h 45m
10273,Main Story,Xbox One,18h 59m
10273,Main Story,PC,19h
10273,Main Story,PC,19h
10273,Main Story,PC,19h
10273,Main Story,PlayStation 4,19h
10273,Main Story,PC,19h
10273,Main Story,PC,19h
10273,Main Story,PlayStation 4,19h
10273,Main Story,PC,19h
10273,Main Story,PC,19h
10273,Main Story,PC,19h
10273,Main Story,PC,19h
10273,Main Story,PC,19h 05m
10273,Main Story,Mac,19h 10m
10273,Main Story,PC,19h 10m
10273,Main Story,PC,19h 12m
10273,Main Story,PC,19h 17m
10273,Main Story,PC,19h 17m
10273,Main Story,PC,19h 20m
10273,Main Story,PC,19h 30m
10273,Main Story,PC,19h 48m
10273,Main Story,PC,20h
10273,Main Story,PlayStation 4,20h
10273,Main Story,PC,20h
10273,Main Story,PC,20h
10273,Main Story,PC,20h
10273,Main Story,PC,20h
10273,Main Story,PC,20h 12m
10273,Main Story,PC,21h
10273,Main Story,PlayStation 4,21h 15m
10273,Main Story,PC,21h 48m
10273,Main Story,PlayStation 4,22h
10273,Main Story,PC,22h
10273,Main Story,Xbox One,22h
10273,Main Story,Xbox One,22h
10273,Main Story,PC,22h
10273,Main Story,PC,23h
10273,Main Story,PC,23h
10273,Main Story,PC,23h
10273,Main Story,PC,23h
10273,Main Story,PC,23h
10273,Main Story,PC,23h 44m
10273,Main Story,Xbox One,24h
10273,Main Story,PC,24h
10273,Main Story,PC,24h
10273,Main Story,PC,24h
10273,Main Story,PC,25h
10273,Main Story,PC,25h
10273,Main Story,PC,25h
10273,Main Story,PlayStation 4,25h
10273,Main Story,PC,25h
10273,Main Story,PC,25h
10273,Main Story,PlayStation 4,25h
10273,Main Story,PC,25h 40m
10273,Main Story,PC,25h 55m
10273,Main Story,PC,27h
10273,Main Story,PC,27h
10273,Main Story,PC,27h
10273,Main Story,PC,27h 59m
10273,Main Story,PC,28h
10273,Main Story,Xbox One,30h
10273,Main Story,PC,30h
10273,Main Story,PlayStation 4,40h
10273,Main Story,PC,40h
10273,Main Story,PC,40h
10273,Main + Extras,PlayStation 4,7h 17m
10273,Main + Extras,Xbox One,7h 55m
10273,Main + Extras,PC,10h 20m
10273,Main + Extras,PC,12h
10273,Main + Extras,PC,12h
10273,Main + Extras,PC,12h
10273,Main + Extras,PC,12h
10273,Main + Extras,Xbox One,12h
10273,Main + Extras,PC,12h 10m
10273,Main + Extras,PC,13h
10273,Main + Extras,PC,13h 40m
10273,Main + Extras,PC,14h
10273,Main + Extras,PlayStation 4,14h
10273,Main + Extras,PC,14h 06m
10273,Main + Extras,PC,14h 16m
10273,Main + Extras,PC,14h 23m
10273,Main + Extras,PC,14h 30m
10273,Main + Extras,PC,14h 42m
10273,Main + Extras,PC,15h
10273,Main + Extras,PC,15h
10273,Main + Extras,PC,15h
10273,Main + Extras,iOS,15h
10273,Main + Extras,PlayStation 4,15h 32m
10273,Main + Extras,PlayStation 4,15h 47m
10273,Main + Extras,PlayStation 4,15h 52m
10273,Main + Extras,PC,16h
10273,Main + Extras,PC,16h
10273,Main + Extras,PlayStation 4,16h
10273,Main + Extras,PC,16h 20m
10273,Main + Extras,PlayStation 4,16h 30m
10273,Main + Extras,PC,16h 30m
10273,Main + Extras,PC,17h
10273,Main + Extras,PC,17h
10273,Main + Extras,PC,17h
10273,Main + Extras,PC,17h
10273,Main + Extras,PC,17h
10273,Main + Extras,PC,17h
10273,Main + Extras,PC,17h 39m
10273,Main + Extras,PC,18h
10273,Main + Extras,PC,18h
10273,Main + Extras,PC,18h
10273,Main + Extras,PC,18h 14m
10273,Main + Extras,PC,18h 27m
10273,Main + Extras,PC,18h 36m
10273,Main + Extras,PlayStation 4,18h 49m
10273,Main + Extras,PC,18h 50m
10273,Main + Extras,PC,19h 12m
10273,Main + Extras,PC,20h
10273,Main + Extras,PlayStation 4,20h
10273,Main + Extras,PC,20h
10273,Main + Extras,PlayStation 4,20h
10273,Main + Extras,PlayStation 4,20h
10273,Main + Extras,PC,20h
10273,Main + Extras,PC,20h
10273,Main + Extras,PC,20h
10273,Main + Extras,PC,20h
10273,Main + Extras,PlayStation 4,20h
10273,Main + Extras,PC,20h
10273,Main + Extras,PC,20h 06m
10273,Main + Extras,PC,20h 30m
10273,Main + Extras,PC,21h
10273,Main + Extras,PC,21h
10273,Main + Extras,PC,21h
10273,Main + Extras,PC,21h
10273,Main + Extras,PC,21h
10273,Main + Extras,PC,21h
10273,Main + Extras,PlayStation 4,21h
10273,Main + Extras,PC,21h
10273,Main + Extras,PC,21h
10273,Main + Extras,PC,21h
10273,Main + Extras,PlayStation 4,22h
10273,Main + Extras,PC,22h
10273,Main + Extras,PC,22h
10273,Main + Extras,PC,22h
10273,Main + Extras,PC,22h
10273,Main + Extras,PC,22h
10273,Main + Extras,PC,22h
10273,Main + Extras,PC,22h
10273,Main + Extras,PC,22h
10273,Main + Extras,PC,22h
10273,Main + Extras,Xbox One,22h
10273,Main + Extras,Xbox One,22h 12m
10273,Main + Extras,PC,22h 30m
10273,Main + Extras,PC,22h 30m
10273,Main + Extras,PlayStation 4,22h 38m
10273,Main + Extras,PlayStation 4,22h 44m
10273,Main + Extras,PC,23h 45m
10273,Main + Extras,PC,24h
10273,Main + Extras,PlayStation 4,24h
10273,Main + Extras,PC,24h
10273,Main + Extras,PC,24h
10273,Main + Extras,PlayStation 4,24h
10273,Main + Extras,PC,24h
10273,Main + Extras,PC,24h
10273,Main + Extras,PC,24h 12m
10273,Main + Extras,PC,24h 30m
10273,Main + Extras,PlayStation 4,24h 30m
10273,Main + Extras,PlayStation 4,25h
10273,Main + Extras,PC,25h
10273,Main + Extras,PC,25h
10273,Main + Extras,PC,25h
10273,Main + Extras,PC,25h
10273,Main + Extras,PC,25h
10273,Main + Extras,PlayStation 4,25h
10273,Main + Extras,PC,25h
10273,Main + Extras,PC,25h
10273,Main + Extras,PlayStation 4,25h
10273,Main + Extras,PC,25h
10273,Main + Extras,PC,25h
10273,Main + Extras,PlayStation 4,25h
10273,Main + Extras,PC,25h
10273,Main + Extras,PC,25h 03m
10273,Main + Extras,PC,25h 30m
10273,Main + Extras,PC,26h
10273,Main + Extras,PC,26h
10273,Main + Extras,PC,26h
10273,Main + Extras,PC,26h
10273,Main + Extras,PC,26h
10273,Main + Extras,PC,26h
10273,Main + Extras,PC,26h
10273,Main + Extras,PC,26h
10273,Main + Extras,PC,26h 12m
10273,Main + Extras,PC,26h 30m
10273,Main + Extras,PlayStation 4,26h 39m
10273,Main + Extras,PC,26h 40m
10273,Main + Extras,PlayStation 4,26h 45m
10273,Main + Extras,PlayStation 4,27h
10273,Main + Extras,PC,27h
10273,Main + Extras,PC,27h
10273,Main + Extras,PC,27h
10273,Main + Extras,PC,27h 12m
10273,Main + Extras,PC,28h
10273,Main + Extras,PC,28h
10273,Main + Extras,PC,28h
10273,Main + Extras,PC,28h 06m
10273,Main + Extras,PC,28h 09m
10273,Main + Extras,PlayStation 4,28h 30m
10273,Main + Extras,PlayStation 4,28h 43m
10273,Main + Extras,PC,29h
10273,Main + Extras,PlayStation 4,29h 27m
10273,Main + Extras,PC,29h 30m
10273,Main + Extras,PC,30h
10273,Main + Extras,PC,30h
10273,Main + Extras,PC,30h
10273,Main + Extras,PlayStation 4,30h
10273,Main + Extras,PC,30h
10273,Main + Extras,PC,30h
10273,Main + Extras,PC,30h
10273,Main + Extras,PC,30h
10273,Main + Extras,PC,30h
10273,Main + Extras,PlayStation 4,30h
10273,Main + Extras,PC,30h
10273,Main + Extras,PlayStation 4,30h
10273,Main + Extras,PC,30h
10273,Main + Extras,PlayStation 4,30h
10273,Main + Extras,PlayStation 4,30h
10273,Main + Extras,PC,30h 09m
10273,Main + Extras,PC,31h
10273,Main + Extras,PlayStation 4,31h
10273,Main + Extras,PC,31h 37m
10273,Main + Extras,PlayStation 4,32h 25m
10273,Main + Extras,PC,33h
10273,Main + Extras,PC,33h 24m
10273,Main + Extras,PC,33h 55m
10273,Main + Extras,PC,34h
10273,Main + Extras,PC,34h
10273,Main + Extras,PlayStation 4,34h
10273,Main + Extras,PC,34h 22m
10273,Main + Extras,PC,34h 40m
10273,Main + Extras,PC,35h
10273,Main + Extras,PC,35h
10273,Main + Extras,PC,35h
10273,Main + Extras,PC,35h
10273,Main + Extras,PC,35h
10273,Main + Extras,PlayStation 4,36h
10273,Main + Extras,PC,36h
10273,Main + Extras,PC,36h
10273,Main + Extras,PlayStation 4,36h 31m
10273,Main + Extras,Xbox One,38h
10273,Main + Extras,PC,38h
10273,Main + Extras,PC,39h
10273,Main + Extras,PC,39h
10273,Main + Extras,PC,40h
10273,Main + Extras,PC,40h
10273,Main + Extras,PC,40h
10273,Main + Extras,PC,41h
10273,Main + Extras,PC,41h
10273,Main + Extras,PC,42h
10273,Main + Extras,PC,43h
10273,Main + Extras,PC,45h
10273,Main + Extras,Xbox One,45h
10273,Main + Extras,PlayStation 4,45h
10273,Main + Extras,PC,45h
10273,Main + Extras,PC,46h
10273,Main + Extras,PC,47h
10273,Main + Extras,PC,47h 26m
10273,Main + Extras,PC,49h
10273,Main + Extras,PC,50h
10273,Main + Extras,PlayStation 4,60h
10273,Main + Extras,PlayStation 4,60h
10273,Completionists,PlayStation 4,16h 38m
10273,Completionists,PC,20h
10273,Completionists,PC,20h
10273,Completionists,PlayStation 4,20h
10273,Completionists,PC,21h
10273,Completionists,PC,22h
10273,Completionists,PC,22h
10273,Completionists,PC,23h
10273,Completionists,Xbox One,25h
10273,Completionists,PC,25h 43m
10273,Completionists,PC,26h 15m
10273,Completionists,PC,29h 30m
10273,Completionists,PlayStation 4,30h
10273,Completionists,PC,30h
10273,Completionists,PC,30h 47m
10273,Completionists,PC,31h
10273,Completionists,PC,32h 47m
10273,Completionists,PC,34h
10273,Completionists,PC,35h
10273,Completionists,PC,36h
10273,Completionists,PC,38h 47m
10273,Completionists,PlayStation 4,40h
10273,Completionists,PC,40h
10273,Completionists,PC,41h
10273,Completionists,PlayStation 4,41h
10273,Completionists,PC,41h
10273,Completionists,PC,41h 30m
10273,Completionists,PC,42h
10273,Completionists,PC,42h 15m
10273,Completionists,PC,44h 13m
10273,Completionists,PC,45h
10273,Completionists,Xbox One,45h 25m
10273,Completionists,PC,46h
10273,Completionists,PC,46h
10273,Completionists,PlayStation 4,46h 57m
10273,Completionists,PC,47h
10273,Completionists,PC,47h 18m
10273,Completionists,PC,49h
10273,Completionists,PC,50h
10273,Completionists,PlayStation 4,50h
10273,Completionists,PC,52h
10273,Completionists,PC,53h
10273,Completionists,PC,53h 29m
10273,Completionists,PC,55h
10273,Completionists,PC,59h 10m
10273,Completionists,PC,60h
10273,Completionists,PC,60h
10273,Completionists,PlayStation 4,60h
10273,Completionists,PC,67h
10273,Completionists,PC,75h
10273,Completionists,PC,79h
10273,Completionists,PlayStation 4,80h
10273,Completionists,PC,80h
10273,Completionists,PC,80h
10273,Completionists,PC,84h 17m
10273,Completionists,PC,96h
10273,Completionists,PC,100h
10273,Completionists,PC,129h
