id,type,platform,time
10276,Main Story,PC,40m
10276,Main Story,PC,43m
10276,Main Story,PC,54m
10276,Main Story,PC,56m
10276,Main Story,PC,1h
10276,Main Story,PC,1h
10276,Main Story,PC,1h
10276,Main Story,PC,1h
10276,Main Story,PC,1h
10276,Main Story,PC,1h 10m
10276,Main Story,PC,1h 15m
10276,Main Story,PC,1h 18m
10276,Main Story,PC,1h 21m
10276,Main Story,NA,1h 30m
10276,Main Story,PC,1h 30m
10276,Main Story,PC,1h 30m
10276,Main Story,PC,1h 30m
10276,Main Story,PC,1h 36m
10276,Main Story,PC,1h 48m
10276,Main Story,PC,1h 48m
10276,Main Story,PC,1h 48m
10276,Main Story,PC,1h 50m
10276,Main Story,PC,2h
10276,Main Story,PC,2h
10276,Main Story,PC,2h
10276,Main Story,PC,2h
10276,Main Story,PC,2h
10276,Main Story,PC,2h
10276,Main Story,PC,2h 12m
10276,Main Story,PC,2h 20m
10276,Main Story,PC,3h
10276,Main Story,PC,3h
10276,Main Story,PC,4h 42m
10276,Main + Extras,PC,58m
10276,Main + Extras,NA,1h 20m
10276,Main + Extras,PC,1h 30m
10276,Main + Extras,PC,1h 45m
10276,Main + Extras,PC,1h 49m
10276,Main + Extras,PC,1h 54m
10276,Main + Extras,PC,2h
10276,Main + Extras,PC,2h
10276,Main + Extras,PC,2h 12m
10276,Main + Extras,PC,2h 20m
10276,Main + Extras,PC,2h 25m
10276,Main + Extras,PC,2h 36m
10276,Main + Extras,PC,3h
10276,Main + Extras,PC,3h 12m
10276,Main + Extras,PC,3h 50m
10276,Main + Extras,PC,4h
10276,Main + Extras,PC,4h 15m
10276,Completionists,NA,1h 05m
10276,Completionists,PC,1h 33m
10276,Completionists,PC,1h 42m
10276,Completionists,PC,1h 56m
10276,Completionists,PC,2h
10276,Completionists,PC,2h
10276,Completionists,PC,2h
10276,Completionists,PC,2h
10276,Completionists,PC,2h 11m
10276,Completionists,PC,2h 11m
10276,Completionists,PC,2h 12m
10276,Completionists,PC,2h 27m
10276,Completionists,PC,2h 45m
10276,Completionists,PC,3h
10276,Completionists,PC,3h
10276,Completionists,PC,3h
10276,Completionists,PC,3h 15m
10276,Completionists,PC,3h 24m
10276,Completionists,PC,4h
10276,Completionists,PC,4h
10276,Completionists,PC,4h
10276,Completionists,PC,4h
10276,Completionists,PC,4h 12m
10276,Completionists,PC,11h 50m
10276,Speed Run - Any%,PC,38m
10276,Speed Run - Any%,PC,50m
