id,type,platform,time
10277,Main Story,Nintendo 3DS,12h 31m
10277,Main Story,Nintendo 3DS,12h 54m
10277,Main Story,Nintendo DS,12h 59m
10277,Main Story,Nintendo 3DS,13h 38m
10277,Main Story,Nintendo DS,13h 38m
10277,Main Story,Nintendo DS,14h 20m
10277,Main Story,NA,14h 26m
10277,Main Story,Nintendo DS,14h 33m
10277,Main Story,Nintendo DS,14h 36m
10277,Main Story,Nintendo 3DS,14h 47m
10277,Main Story,PC,14h 47m
10277,Main Story,Nintendo DS,15h 20m
10277,Main Story,Nintendo DS,15h 59m
10277,Main Story,Nintendo DS,16h 15m
10277,Main Story,Nintendo DS,16h 27m
10277,Main Story,Android,16h 30m
10277,Main Story,Nintendo DS,16h 48m
10277,Main Story,Nintendo DS,17h 13m
10277,Main Story,Nintendo DS,18h 12m
10277,Main Story,Nintendo DS,18h 48m
10277,Main Story,Nintendo DS,18h 55m
10277,Main Story,Nintendo 3DS,19h 20m
10277,Main Story,Nintendo 3DS,19h 22m
10277,Main Story,Nintendo 3DS,19h 42m
10277,Main Story,Nintendo DS,20h
10277,Main Story,Nintendo DS,20h
10277,Main Story,Nintendo DS,20h
10277,Main Story,Nintendo DS,20h
10277,Main Story,Android,20h
10277,Main Story,Nintendo DS,20h 04m
10277,Main Story,Nintendo DS,20h 09m
10277,Main Story,Nintendo DS,20h 23m
10277,Main Story,Nintendo DS,20h 30m
10277,Main Story,Nintendo DS,21h
10277,Main Story,Nintendo DS,21h
10277,Main Story,Nintendo DS,21h
10277,Main Story,Nintendo 3DS,21h 25m
10277,Main Story,Nintendo DS,22h
10277,Main Story,Nintendo 3DS,22h
10277,Main Story,Nintendo DS,22h
10277,Main Story,NA,22h
10277,Main Story,Nintendo DS,22h 10m
10277,Main Story,Nintendo 3DS,22h 28m
10277,Main Story,Nintendo DS,22h 43m
10277,Main Story,Nintendo DS,22h 47m
10277,Main Story,Nintendo DS,23h
10277,Main Story,Nintendo DS,23h 31m
10277,Main Story,Nintendo DS,23h 39m
10277,Main Story,Nintendo DS,24h
10277,Main Story,Nintendo DS,24h
10277,Main Story,NA,24h 20m
10277,Main Story,Nintendo DS,24h 40m
10277,Main Story,NA,24h 48m
10277,Main Story,Nintendo DS,24h 50m
10277,Main Story,Nintendo DS,25h
10277,Main Story,Nintendo DS,25h
10277,Main Story,Nintendo DS,25h
10277,Main Story,Nintendo DS,25h
10277,Main Story,Nintendo DS,25h
10277,Main Story,Nintendo DS,25h
10277,Main Story,Nintendo DS,25h
10277,Main Story,Nintendo DS,25h
10277,Main Story,Nintendo DS,25h 03m
10277,Main Story,Nintendo DS,25h 11m
10277,Main Story,Nintendo DS,25h 33m
10277,Main Story,Nintendo DS,25h 33m
10277,Main Story,Nintendo 3DS,26h
10277,Main Story,Nintendo DS,26h
10277,Main Story,Nintendo DS,26h
10277,Main Story,Nintendo DS,26h
10277,Main Story,Nintendo DS,26h
10277,Main Story,Nintendo DS,26h 50m
10277,Main Story,Nintendo 3DS,27h
10277,Main Story,Nintendo DS,27h
10277,Main Story,Nintendo DS,27h 15m
10277,Main Story,NA,28h
10277,Main Story,Nintendo DS,28h
10277,Main Story,Nintendo DS,28h
10277,Main Story,Nintendo DS,28h 28m
10277,Main Story,Nintendo DS,28h 30m
10277,Main Story,Nintendo DS,28h 45m
10277,Main Story,Nintendo DS,28h 49m
10277,Main Story,Nintendo DS,29h 10m
10277,Main Story,Nintendo DS,29h 30m
10277,Main Story,Nintendo DS,29h 42m
10277,Main Story,Nintendo DS,30h
10277,Main Story,Nintendo DS,30h
10277,Main Story,Nintendo DS,30h
10277,Main Story,Nintendo DS,30h
10277,Main Story,Nintendo DS,30h
10277,Main Story,Nintendo DS,30h
10277,Main Story,Mobile,30h
10277,Main Story,Nintendo DS,30h
10277,Main Story,Nintendo DS,30h
10277,Main Story,Nintendo DS,30h
10277,Main Story,iOS,30h
10277,Main Story,Nintendo DS,30h
10277,Main Story,Nintendo 3DS,30h
10277,Main Story,Nintendo DS,30h
10277,Main Story,Nintendo DS,32h
10277,Main Story,Nintendo DS,32h 54m
10277,Main Story,Nintendo DS,33h
10277,Main Story,Nintendo DS,33h 40m
10277,Main Story,Nintendo DS,34h
10277,Main Story,Nintendo DS,34h 23m
10277,Main Story,Nintendo DS,35h
10277,Main Story,Nintendo DS,35h
10277,Main Story,Nintendo DS,35h
10277,Main Story,Nintendo DS,36h 11m
10277,Main Story,NA,37h
10277,Main Story,Nintendo DS,37h 08m
10277,Main Story,Nintendo DS,38h 23m
10277,Main Story,Nintendo 3DS,40h
10277,Main Story,Nintendo DS,45h 25m
10277,Main Story,Nintendo DS,50h
10277,Main Story,Nintendo DS,65h 30m
10277,Main + Extras,Nintendo DS,13h 35m
10277,Main + Extras,Nintendo DS,14h 37m
10277,Main + Extras,Nintendo DS,17h 25m
10277,Main + Extras,Nintendo DS,17h 29m
10277,Main + Extras,Nintendo DS,18h
10277,Main + Extras,Nintendo DS,20h 27m
10277,Main + Extras,Nintendo 3DS,20h 33m
10277,Main + Extras,Nintendo 3DS,21h 09m
10277,Main + Extras,Nintendo DS,22h
10277,Main + Extras,Nintendo DS,22h 57m
10277,Main + Extras,Nintendo DS,25h
10277,Main + Extras,Nintendo DS,25h
10277,Main + Extras,Nintendo DS,25h
10277,Main + Extras,Nintendo DS,25h
10277,Main + Extras,Nintendo 3DS,25h 26m
10277,Main + Extras,Nintendo DS,26h 45m
10277,Main + Extras,Nintendo DS,27h 28m
10277,Main + Extras,Nintendo DS,28h
10277,Main + Extras,Nintendo DS,30h
10277,Main + Extras,Nintendo DS,30h
10277,Main + Extras,Nintendo DS,32h
10277,Main + Extras,Nintendo DS,34h
10277,Main + Extras,Nintendo 3DS,35h
10277,Main + Extras,Nintendo DS,38h
10277,Main + Extras,Nintendo DS,38h 04m
10277,Main + Extras,Nintendo DS,40h
10277,Main + Extras,Nintendo DS,40h
10277,Main + Extras,Nintendo DS,40h
10277,Main + Extras,Nintendo DS,40h
10277,Main + Extras,Nintendo DS,40h 07m
10277,Main + Extras,Nintendo DS,41h 50m
10277,Main + Extras,Nintendo DS,42h
10277,Main + Extras,Nintendo DS,45h
10277,Main + Extras,Nintendo DS,45h
10277,Main + Extras,Nintendo DS,45h
10277,Main + Extras,Nintendo DS,45h
10277,Main + Extras,Nintendo DS,46h
10277,Main + Extras,Nintendo DS,47h 42m
10277,Main + Extras,Nintendo DS,50h
10277,Main + Extras,Nintendo DS,50h
10277,Main + Extras,Nintendo DS,50h
10277,Main + Extras,Nintendo DS,50h
10277,Main + Extras,Nintendo DS,55h
10277,Main + Extras,Nintendo DS,55h
10277,Main + Extras,Nintendo 3DS,57h 52m
10277,Main + Extras,Nintendo DS,59h 24m
10277,Main + Extras,Nintendo DS,60h
10277,Main + Extras,Nintendo DS,60h
10277,Main + Extras,Nintendo DS,61h
10277,Main + Extras,Nintendo DS,61h 04m
10277,Main + Extras,Nintendo DS,67h 24m
10277,Main + Extras,Nintendo DS,70h
10277,Main + Extras,NA,75h
10277,Main + Extras,Nintendo DS,75h
10277,Main + Extras,Nintendo DS,79h 56m
10277,Main + Extras,Nintendo DS,80h
10277,Main + Extras,Nintendo DS,80h
10277,Main + Extras,Nintendo 3DS,80h 29m
10277,Main + Extras,Nintendo DS,80h 38m
10277,Main + Extras,Nintendo DS,81h 12m
10277,Main + Extras,Nintendo DS,84h
10277,Main + Extras,Nintendo DS,91h 43m
10277,Main + Extras,Nintendo DS,95h 47m
10277,Main + Extras,Nintendo DS,186h 34m
10277,Completionists,Nintendo DS,48h
10277,Completionists,Nintendo DS,68h
10277,Completionists,Nintendo DS,70h
10277,Completionists,Nintendo DS,92h 15m
10277,Completionists,Nintendo 3DS,95h 36m
10277,Completionists,Nintendo DS,97h
10277,Completionists,Nintendo DS,104h
10277,Completionists,Nintendo DS,105h
10277,Completionists,Nintendo DS,125h
10277,Completionists,Nintendo DS,125h 26m
10277,Completionists,Nintendo DS,129h 59m
10277,Completionists,Nintendo DS,137h 27m
10277,Completionists,Nintendo DS,140h
10277,Completionists,Nintendo DS,150h
10277,Completionists,Nintendo DS,160h
10277,Completionists,Nintendo DS,164h 45m
10277,Completionists,Nintendo DS,164h 55m
10277,Completionists,Nintendo DS,180h 15m
10277,Completionists,Nintendo DS,195h 08m
10277,Completionists,Nintendo DS,278h
10277,Completionists,Nintendo DS,351h 47m
