id,type,platform,time
10281,Main Story,PlayStation,4h 22m
10281,Main Story,PlayStation,4h 24m
10281,Main Story,PC,5h
10281,Main Story,PC,6h 15m
10281,Main Story,PC,6h 30m
10281,Main Story,PC,6h 45m
10281,Main Story,PC,7h
10281,Main Story,PlayStation,8h
10281,Main Story,PC,10h
10281,Main + Extras,PlayStation,6h 30m
10281,Main + Extras,PC,7h
10281,Completionists,PlayStation,3h 39m
10281,Completionists,PC,8h 15m
10281,Completionists,PlayStation,8h 20m
10281,Completionists,PC,9h 50m
