id,type,platform,time
10288,Main Story,Nintendo 3DS,3h 11m
10288,Main Story,Nintendo 3DS,3h 20m
10288,Main Story,Nintendo 3DS,3h 29m
10288,Main Story,Nintendo 3DS,3h 35m
10288,Main Story,Nintendo 3DS,3h 39m
10288,Main Story,Nintendo 3DS,3h 50m
10288,Main Story,Nintendo 3DS,4h
10288,Main Story,Nintendo 3DS,4h
10288,Main Story,Nintendo 3DS,4h 22m
10288,Main Story,Nintendo 3DS,4h 23m
10288,Main Story,Nintendo 3DS,4h 30m
10288,Main Story,Nintendo 3DS,4h 38m
10288,Main Story,Nintendo 3DS,4h 45m
10288,Main Story,Nintendo 3DS,4h 45m
10288,Main Story,Nintendo 3DS,4h 46m
10288,Main Story,Nintendo 3DS,4h 50m
10288,Main Story,Nintendo 3DS,4h 59m
10288,Main Story,Nintendo 3DS,5h
10288,Main Story,Nintendo 3DS,5h
10288,Main Story,Nintendo 3DS,5h
10288,Main Story,Nintendo 3DS,5h
10288,Main Story,Nintendo 3DS,5h
10288,Main Story,Nintendo 3DS,5h 06m
10288,Main Story,Nintendo 3DS,5h 09m
10288,Main Story,Nintendo 3DS,5h 12m
10288,Main Story,Nintendo 3DS,5h 15m
10288,Main Story,Nintendo 3DS,5h 18m
10288,Main Story,Nintendo 3DS,5h 18m
10288,Main Story,Nintendo 3DS,5h 19m
10288,Main Story,Nintendo 3DS,5h 22m
10288,Main Story,Nintendo 3DS,5h 22m
10288,Main Story,Nintendo 3DS,5h 24m
10288,Main Story,Nintendo 3DS,5h 25m
10288,Main Story,Nintendo 3DS,5h 26m
10288,Main Story,Nintendo 3DS,5h 28m
10288,Main Story,Nintendo 3DS,5h 29m
10288,Main Story,Nintendo 3DS,5h 33m
10288,Main Story,Nintendo 3DS,5h 38m
10288,Main Story,Nintendo 3DS,5h 39m
10288,Main Story,Nintendo 3DS,5h 42m
10288,Main Story,Nintendo 3DS,5h 44m
10288,Main Story,Nintendo 3DS,5h 44m
10288,Main Story,Nintendo 3DS,5h 45m
10288,Main Story,Nintendo 3DS,5h 45m
10288,Main Story,Nintendo 3DS,5h 45m
10288,Main Story,Nintendo 3DS,5h 49m
10288,Main Story,Nintendo 3DS,5h 50m
10288,Main Story,Nintendo 3DS,5h 52m
10288,Main Story,Nintendo 3DS,5h 54m
10288,Main Story,Nintendo 3DS,5h 55m
10288,Main Story,Nintendo 3DS,5h 59m
10288,Main Story,Nintendo 3DS,6h
10288,Main Story,Nintendo 3DS,6h
10288,Main Story,Nintendo 3DS,6h
10288,Main Story,Nintendo 3DS,6h
10288,Main Story,Nintendo 3DS,6h
10288,Main Story,Nintendo 3DS,6h
10288,Main Story,Nintendo 3DS,6h
10288,Main Story,Nintendo 3DS,6h
10288,Main Story,Nintendo 3DS,6h
10288,Main Story,Nintendo 3DS,6h 02m
10288,Main Story,Nintendo 3DS,6h 05m
10288,Main Story,Nintendo 3DS,6h 07m
10288,Main Story,Nintendo 3DS,6h 13m
10288,Main Story,Nintendo 3DS,6h 13m
10288,Main Story,Nintendo 3DS,6h 15m
10288,Main Story,Nintendo 3DS,6h 30m
10288,Main Story,Nintendo 3DS,6h 30m
10288,Main Story,Nintendo 3DS,6h 38m
10288,Main Story,Nintendo 3DS,6h 39m
10288,Main Story,Nintendo 3DS,7h
10288,Main Story,Nintendo 3DS,7h
10288,Main Story,Nintendo 3DS,7h 05m
10288,Main Story,Nintendo 3DS,7h 11m
10288,Main Story,Nintendo 3DS,7h 15m
10288,Main Story,Nintendo 3DS,7h 25m
10288,Main Story,Nintendo 3DS,7h 34m
10288,Main Story,Nintendo 3DS,7h 59m
10288,Main Story,Nintendo 3DS,8h
10288,Main Story,Nintendo 3DS,8h 17m
10288,Main Story,Nintendo 3DS,8h 45m
10288,Main Story,Nintendo 3DS,8h 48m
10288,Main Story,Nintendo 3DS,8h 49m
10288,Main Story,Nintendo 3DS,9h 45m
10288,Main Story,Nintendo 3DS,10h
10288,Main Story,Nintendo 3DS,10h
10288,Main Story,Nintendo 3DS,13h 30m
10288,Main Story,Nintendo 3DS,20h
10288,Main Story,Nintendo 3DS,27h 57m
10288,Main + Extras,Nintendo 3DS,5h 13m
10288,Main + Extras,Nintendo 3DS,6h 04m
10288,Main + Extras,Nintendo 3DS,6h 30m
10288,Main + Extras,Nintendo 3DS,6h 35m
10288,Main + Extras,Nintendo 3DS,7h 10m
10288,Main + Extras,Nintendo 3DS,7h 24m
10288,Main + Extras,Nintendo 3DS,7h 25m
10288,Main + Extras,Nintendo 3DS,7h 45m
10288,Main + Extras,Nintendo 3DS,8h 23m
10288,Main + Extras,Nintendo 3DS,10h
10288,Main + Extras,Nintendo 3DS,10h
10288,Main + Extras,Nintendo 3DS,10h
10288,Main + Extras,Nintendo 3DS,10h 22m
10288,Main + Extras,Nintendo 3DS,10h 25m
10288,Main + Extras,Nintendo 3DS,12h
10288,Main + Extras,Nintendo 3DS,12h 05m
10288,Main + Extras,Nintendo 3DS,13h
10288,Main + Extras,Nintendo 3DS,13h 20m
10288,Main + Extras,Nintendo 3DS,14h
10288,Main + Extras,Nintendo 3DS,14h
10288,Main + Extras,Nintendo 3DS,14h 23m
10288,Main + Extras,Nintendo 3DS,14h 54m
10288,Main + Extras,Nintendo 3DS,15h
10288,Main + Extras,Nintendo 3DS,15h 20m
10288,Main + Extras,Nintendo 3DS,15h 35m
10288,Main + Extras,Nintendo 3DS,15h 58m
10288,Main + Extras,Nintendo 3DS,18h 20m
10288,Main + Extras,Nintendo 3DS,19h 25m
10288,Main + Extras,Nintendo 3DS,20h
10288,Main + Extras,Nintendo 3DS,20h 30m
10288,Main + Extras,Nintendo 3DS,20h 44m
10288,Main + Extras,Nintendo 3DS,21h
10288,Main + Extras,Nintendo 3DS,21h 13m
10288,Main + Extras,Nintendo 3DS,21h 25m
10288,Main + Extras,Nintendo 3DS,22h
10288,Main + Extras,Nintendo 3DS,22h 31m
10288,Main + Extras,Nintendo 3DS,23h
10288,Main + Extras,Nintendo 3DS,23h 04m
10288,Main + Extras,Nintendo 3DS,25h
10288,Main + Extras,Nintendo 3DS,26h
10288,Main + Extras,Nintendo 3DS,27h
10288,Main + Extras,Nintendo 3DS,27h 14m
10288,Main + Extras,Nintendo 3DS,30h
10288,Main + Extras,Nintendo 3DS,30h
10288,Main + Extras,Nintendo 3DS,30h
10288,Main + Extras,Nintendo 3DS,31h 57m
10288,Main + Extras,Nintendo 3DS,32h 42m
10288,Main + Extras,Nintendo 3DS,35h
10288,Main + Extras,Nintendo 3DS,35h
10288,Main + Extras,Nintendo 3DS,35h 43m
10288,Main + Extras,Nintendo 3DS,36h 52m
10288,Main + Extras,Nintendo 3DS,37h
10288,Main + Extras,Nintendo 3DS,37h 36m
10288,Main + Extras,Nintendo 3DS,37h 36m
10288,Main + Extras,Nintendo 3DS,38h 23m
10288,Main + Extras,Nintendo 3DS,43h 24m
10288,Main + Extras,Nintendo 3DS,44h 31m
10288,Main + Extras,Nintendo 3DS,45h
10288,Main + Extras,Nintendo 3DS,47h 42m
10288,Main + Extras,Nintendo 3DS,60h 54m
10288,Main + Extras,Nintendo 3DS,63h 43m
10288,Main + Extras,Nintendo 3DS,66h 24m
10288,Completionists,Nintendo 3DS,22h 44m
10288,Completionists,Nintendo 3DS,47h
10288,Completionists,Nintendo 3DS,50h
10288,Completionists,Nintendo 3DS,53h 47m
10288,Completionists,Nintendo 3DS,55h
10288,Completionists,Nintendo 3DS,60h
10288,Completionists,Nintendo 3DS,64h 32m
10288,Completionists,Nintendo 3DS,74h 15m
10288,Completionists,Nintendo 3DS,80h
10288,Co-Op Multiplayer,Nintendo 3DS,7h
