id,type,platform,time
10283,Main Story,PC,06m
10283,Main Story,PC,07m
10283,Main Story,PC,07m
10283,Main Story,PC,09m
10283,Main Story,PC,10m
10283,Main Story,PC,11m
10283,Main Story,PC,12m
10283,Main Story,PC,12m
10283,Main Story,PC,13m
10283,Main Story,PC,15m
10283,Main Story,PC,15m
10283,Main Story,PC,15m
10283,Main Story,PC,15m
10283,Main Story,PC,15m
10283,Main Story,PC,15m
10283,Main Story,PC,15m
10283,Main Story,PC,15m
10283,Main Story,PC,16m
10283,Main Story,PC,16m
10283,Main Story,PC,18m
10283,Main Story,PC,20m
10283,Main Story,PC,20m
10283,Main Story,PC,21m
10283,Main Story,PC,24m
10283,Main Story,PC,25m
10283,Main Story,PC,30m
10283,Main Story,PC,30m
10283,Main Story,PC,32m
10283,Main Story,PC,40m
10283,Main Story,PC,45m
10283,Main Story,PC,3h 22m
10283,Main + Extras,PC,14m
10283,Main + Extras,PC,22m
10283,Main + Extras,PC,1h
10283,Main + Extras,PC,1h 02m
10283,Main + Extras,PC,1h 03m
10283,Main + Extras,PC,1h 08m
10283,Main + Extras,PC,2h
10283,Main + Extras,PC,2h 24m
10283,Main + Extras,PC,3h 29m
10283,Completionists,PC,51m
10283,Completionists,PC,1h 30m
10283,Completionists,PC,6h
10283,Co-Op Multiplayer,PC,45m
