id,type,platform,time
10299,Main Story,PC,5h 05m
10299,Main Story,PC,6h
10299,Main Story,PC,7h
10299,Main Story,PC,12h
10299,Main Story,PC,12h
10299,Main Story,PC,12h 30m
10299,Main Story,PC,13h
10299,Main Story,PC,14h
10299,Main Story,PC,14h 30m
10299,Main Story,PC,14h 31m
10299,Main Story,PC,15h
10299,Main Story,PC,15h
10299,Main Story,PC,16h
10299,Main Story,PC,16h
10299,Main Story,PC,16h
10299,Main Story,PC,16h 30m
10299,Main Story,PC,16h 30m
10299,Main Story,PC,17h
10299,Main Story,PC,18h
10299,Main Story,PC,18h
10299,Main Story,PC,18h
10299,Main Story,PC,18h 12m
10299,Main Story,PC,18h 15m
10299,Main Story,PC,18h 20m
10299,Main Story,PC,18h 26m
10299,Main Story,PC,19h 04m
10299,Main Story,Xbox,19h 30m
10299,Main Story,PC,19h 35m
10299,Main Story,PC,20h
10299,Main Story,PC,20h
10299,Main Story,PC,21h 20m
10299,Main Story,PC,22h
10299,Main Story,PC,24h
10299,Main Story,PC,25h
10299,Main Story,PC,26h
10299,Main + Extras,PC,14h
10299,Main + Extras,PC,15h
10299,Main + Extras,PC,15h 24m
10299,Main + Extras,PC,16h
10299,Main + Extras,PC,17h 20m
10299,Main + Extras,PC,18h
10299,Main + Extras,PC,18h
10299,Main + Extras,Xbox,18h
10299,Main + Extras,PC,18h 40m
10299,Main + Extras,PC,19h 25m
10299,Main + Extras,PC,20h
10299,Main + Extras,Xbox,20h
10299,Main + Extras,PC,20h
10299,Main + Extras,PC,20h
10299,Main + Extras,PC,20h
10299,Main + Extras,PC,20h
10299,Main + Extras,PC,20h 45m
10299,Main + Extras,Xbox,21h
10299,Main + Extras,PC,21h
10299,Main + Extras,PC,22h
10299,Main + Extras,PC,22h 16m
10299,Main + Extras,PC,22h 30m
10299,Main + Extras,PC,22h 49m
10299,Main + Extras,PC,23h
10299,Main + Extras,PC,23h
10299,Main + Extras,PC,24h
10299,Main + Extras,Xbox,24h 05m
10299,Main + Extras,PC,25h
10299,Main + Extras,Xbox,25h
10299,Main + Extras,PC,25h 27m
10299,Main + Extras,PC,26h
10299,Main + Extras,PC,27h
10299,Main + Extras,PC,30h
10299,Main + Extras,PC,33h
10299,Main + Extras,PC,34h
10299,Main + Extras,PC,35h
10299,Main + Extras,Xbox,40h
10299,Completionists,PC,18h 23m
10299,Completionists,PC,19h 25m
10299,Completionists,PC,25h
10299,Completionists,PC,25h
10299,Completionists,PC,27h
10299,Completionists,PC,28h
10299,Completionists,Xbox,29h
10299,Completionists,PC,29h
10299,Completionists,PC,31h 18m
10299,Completionists,PC,32h 45m
10299,Completionists,PC,37h 36m
10299,Completionists,PC,40h
