id,type,platform,time
10297,Main Story,PC,11h 48m
10297,Main Story,PC,12h 51m
10297,Main Story,PC,15h
10297,Main Story,PC,15h
10297,Main Story,PC,15h 22m
10297,Main Story,PC,16h
10297,Main Story,PC,16h
10297,Main Story,PC,17h 42m
10297,Main Story,PC,18h
10297,Main Story,PC,18h
10297,Main Story,PC,18h
10297,Main Story,PC,18h
10297,Main Story,PC,18h 37m
10297,Main Story,PC,18h 41m
10297,Main Story,PC,19h
10297,Main Story,PC,19h
10297,Main Story,PC,19h
10297,Main Story,PC,19h 17m
10297,Main Story,PC,19h 30m
10297,Main Story,PC,20h
10297,Main Story,PC,20h
10297,Main Story,PC,20h 08m
10297,Main Story,PC,20h 30m
10297,Main Story,PC,20h 34m
10297,Main Story,PC,20h 47m
10297,Main Story,PC,21h
10297,Main Story,PC,21h
10297,Main Story,PC,21h
10297,Main Story,PC,21h 11m
10297,Main Story,PC,21h 12m
10297,Main Story,PC,22h
10297,Main Story,PC,22h
10297,Main Story,PC,22h
10297,Main Story,PC,22h
10297,Main Story,PC,22h
10297,Main Story,PC,24h
10297,Main Story,PC,24h
10297,Main Story,PC,25h
10297,Main Story,PC,26h
10297,Main Story,PC,27h 37m
10297,Main Story,PC,27h 56m
10297,Main Story,PC,29h
10297,Main Story,PC,30h
10297,Main Story,PC,33h
10297,Main Story,PC,35h
10297,Main Story,PC,40h
10297,Main + Extras,PC,14h 15m
10297,Main + Extras,PC,14h 37m
10297,Main + Extras,PC,15h 40m
10297,Main + Extras,PC,16h 14m
10297,Main + Extras,PC,21h
10297,Main + Extras,PC,21h
10297,Main + Extras,PC,22h 22m
10297,Main + Extras,PC,22h 59m
10297,Main + Extras,PC,23h 07m
10297,Main + Extras,PC,23h 38m
10297,Main + Extras,PC,24h
10297,Main + Extras,PC,24h
10297,Main + Extras,PC,24h
10297,Main + Extras,PC,25h
10297,Main + Extras,PC,25h 01m
10297,Main + Extras,PC,25h 30m
10297,Main + Extras,PC,27h
10297,Main + Extras,PC,28h
10297,Main + Extras,PC,30h
10297,Main + Extras,PC,32h
10297,Main + Extras,PC,32h 04m
10297,Main + Extras,PC,39h
10297,Main + Extras,PC,40h
10297,Main + Extras,PC,40h
10297,Main + Extras,PC,41h
10297,Main + Extras,PC,42h 30m
10297,Main + Extras,PC,44h
10297,Completionists,PC,24h 37m
10297,Completionists,PC,28h
10297,Completionists,PC,28h 19m
10297,Completionists,PC,29h
10297,Completionists,PC,30h
10297,Completionists,PC,31h 29m
10297,Completionists,PC,33h
10297,Completionists,PC,34h 40m
10297,Completionists,PC,35h 15m
10297,Completionists,PC,35h 36m
10297,Completionists,PC,38h 31m
10297,Completionists,PC,40h
10297,Completionists,PC,45h
10297,Completionists,PC,58h
10297,Completionists,PC,65h 30m
