id,type,platform,time
10290,Main Story,PSP,10h
10290,Main Story,NA,13h 20m
10290,Main Story,PC,15h
10290,Main Story,PC,16h 30m
10290,Main Story,PC,20h
10290,Main Story,PlayStation,20h 21m
10290,Main Story,PC,23h
10290,Main Story,PC,23h
10290,Main Story,PC,30h
10290,Main Story,PC,38h 49m
10290,Main Story,PC,40h
10290,Main Story,PC,48h
10290,Main + Extras,PC,18h 47m
10290,Main + Extras,PC,19h 22m
10290,Main + Extras,PC,25h
10290,Main + Extras,PC,30h
10290,Main + Extras,PC,38h
10290,Main + Extras,PlayStation,40h
10290,Completionists,PC,26h 55m
10290,Completionists,NA,30h
10290,Completionists,PC,35h
10290,Completionists,PC,85h 30m
