id,type,platform,time
10296,Main Story,PC,4h
10296,Main Story,Mac,5h 10m
10296,Main Story,PC,5h 15m
10296,Main Story,PC,5h 46m
10296,Main Story,PC,5h 48m
10296,Main Story,PC,6h
10296,Main Story,PC,6h 30m
10296,Main Story,PC,7h
10296,Main Story,PC,7h
10296,Main Story,PC,7h 32m
10296,Main Story,PC,7h 38m
10296,Main Story,PC,8h
10296,Main Story,PC,8h
10296,Main Story,PC,8h 06m
10296,Main Story,PC,8h 18m
10296,Main Story,PC,8h 31m
10296,Main Story,PC,9h
10296,Main Story,PC,9h
10296,Main Story,PC,9h 05m
10296,Main Story,PC,9h 20m
10296,Main Story,PC,9h 25m
10296,Main Story,PC,9h 30m
10296,Main Story,PC,10h
10296,Main Story,Mac,10h 26m
10296,Main Story,PC,11h
10296,Main Story,PC,11h 15m
10296,Main Story,PC,12h
10296,Main Story,PC,12h 54m
10296,Main Story,PC,13h
10296,Main Story,PC,13h
10296,Main Story,Linux,15h 24m
10296,Main Story,PC,25h
10296,Main + Extras,PC,6h 07m
10296,Main + Extras,PC,6h 12m
10296,Main + Extras,PC,8h
10296,Main + Extras,PC,9h 12m
10296,Main + Extras,PC,10h
10296,Main + Extras,PC,10h
10296,Main + Extras,PC,10h 06m
10296,Main + Extras,PC,10h 36m
10296,Main + Extras,PC,10h 45m
10296,Main + Extras,PC,11h
10296,Main + Extras,PC,11h
10296,Main + Extras,Mac,11h
10296,Main + Extras,PC,11h 23m
10296,Main + Extras,PC,13h
10296,Main + Extras,NA,13h
10296,Main + Extras,PC,14h
10296,Main + Extras,PC,14h 18m
10296,Main + Extras,PC,15h
10296,Main + Extras,PC,15h 23m
10296,Main + Extras,PC,17h
10296,Main + Extras,PC,17h 06m
10296,Main + Extras,PC,19h 10m
10296,Completionists,PC,12h
