id,type,platform,time
10298,Main Story,PC,13h 54m
10298,Main Story,PC,14h
10298,Main Story,PC,14h 30m
10298,Main Story,PC,16h
10298,Main Story,PC,16h 13m
10298,Main Story,PC,16h 25m
10298,Main Story,PC,17h
10298,Main Story,PC,17h
10298,Main Story,PC,18h
10298,Main Story,PC,18h
10298,Main Story,PC,18h 40m
10298,Main Story,PC,19h 12m
10298,Main Story,PC,19h 33m
10298,Main Story,PC,19h 36m
10298,Main Story,PC,19h 50m
10298,Main Story,PC,20h
10298,Main Story,PC,20h
10298,Main Story,PC,20h
10298,Main Story,PC,20h 07m
10298,Main Story,PC,20h 50m
10298,Main Story,PC,20h 52m
10298,Main Story,PC,21h
10298,Main Story,PC,21h
10298,Main Story,PC,21h 01m
10298,Main Story,PC,21h 22m
10298,Main Story,PC,21h 30m
10298,Main Story,PC,21h 34m
10298,Main Story,PC,22h
10298,Main Story,PC,22h 15m
10298,Main Story,PC,23h
10298,Main Story,PC,23h
10298,Main Story,PC,23h
10298,Main Story,PC,24h
10298,Main Story,PC,24h
10298,Main Story,PC,26h
10298,Main Story,NA,26h
10298,Main Story,PC,29h 32m
10298,Main Story,PC,30h
10298,Main Story,PC,30h
10298,Main Story,PC,30h 05m
10298,Main Story,PC,33h
10298,Main + Extras,PC,17h 57m
10298,Main + Extras,PC,18h
10298,Main + Extras,PC,18h 30m
10298,Main + Extras,PC,19h 15m
10298,Main + Extras,PC,20h 50m
10298,Main + Extras,PC,21h
10298,Main + Extras,PC,22h
10298,Main + Extras,PC,23h
10298,Main + Extras,PC,24h
10298,Main + Extras,PC,24h
10298,Main + Extras,PC,25h
10298,Main + Extras,PC,25h 29m
10298,Main + Extras,PC,26h 37m
10298,Main + Extras,PC,27h
10298,Main + Extras,PC,27h 26m
10298,Main + Extras,PC,29h 45m
10298,Main + Extras,PC,30h
10298,Main + Extras,PC,30h
10298,Main + Extras,PC,30h 08m
10298,Main + Extras,PC,32h
10298,Main + Extras,PC,35h 30m
10298,Main + Extras,PC,36h
10298,Main + Extras,PC,38h
10298,Main + Extras,PC,39h
10298,Main + Extras,PC,39h
10298,Main + Extras,PC,78h
10298,Completionists,PC,20h
10298,Completionists,PC,21h
10298,Completionists,PC,26h 45m
10298,Completionists,PC,30h
10298,Completionists,PC,34h 15m
10298,Completionists,PC,37h 43m
10298,Completionists,PC,38h 35m
10298,Completionists,PC,41h
10298,Completionists,PC,42h 30m
10298,Completionists,PC,44h
10298,Completionists,PC,45h
10298,Completionists,PC,47h 32m
10298,Completionists,PC,50h
