id,type,platform,time
10307,Main Story,PlayStation 3,3h 32m
10307,Main Story,Nintendo DS,4h
10307,Main Story,Nintendo 3DS,4h 05m
10307,Main Story,Nintendo DS,4h 08m
10307,Main Story,Nintendo DS,4h 50m
10307,Main Story,Wii,5h 20m
10307,Main Story,PlayStation 3,6h
10307,Main Story,Xbox 360,6h
10307,Main Story,Xbox 360,6h
10307,Main Story,Nintendo 3DS,6h 42m
10307,Main Story,Xbox 360,8h 11m
10307,Main Story,Xbox 360,10h
10307,Main + Extras,Xbox 360,10h 10m
10307,Main + Extras,PlayStation 3,13h
10307,Completionists,Nintendo DS,3h 37m
10307,Completionists,Nintendo DS,3h 42m
10307,Completionists,Nintendo DS,4h 08m
10307,Completionists,Nintendo DS,4h 15m
10307,Completionists,Nintendo DS,4h 28m
10307,Completionists,Nintendo DS,6h
10307,Completionists,Nintendo DS,7h 39m
10307,Completionists,Xbox 360,28h 36m
