id,type,platform,time
10301,Main Story,PC,08m
10301,Main Story,PC,09m
10301,Main Story,PC,10m
10301,Main Story,PC,10m
10301,Main Story,PC,10m
10301,Main Story,PC,10m
10301,Main Story,PC,10m
10301,Main Story,PC,10m
10301,Main Story,PC,10m
10301,Main Story,PC,10m
10301,Main Story,PC,10m
10301,Main Story,PC,11m
10301,Main Story,PC,11m
10301,Main Story,PC,11m
10301,Main Story,PC,11m
10301,Main Story,PC,11m
10301,Main Story,Mac,12m
10301,Main Story,PC,12m
10301,Main Story,PC,12m
10301,Main Story,PC,12m
10301,Main Story,PC,12m
10301,Main Story,PC,12m
10301,Main Story,PC,12m
10301,Main Story,PC,12m
10301,Main Story,PC,12m
10301,Main Story,PC,12m
10301,Main Story,PC,12m
10301,Main Story,PC,12m
10301,Main Story,PC,12m
10301,Main Story,PC,12m
10301,Main Story,PC,12m
10301,Main Story,PC,12m
10301,Main Story,PC,12m
10301,Main Story,PC,13m
10301,Main Story,PC,13m
10301,Main Story,PC,13m
10301,Main Story,PC,13m
10301,Main Story,PC,13m
10301,Main Story,PC,13m
10301,Main Story,PC,13m
10301,Main Story,PC,13m
10301,Main Story,PC,13m
10301,Main Story,PC,13m
10301,Main Story,PC,13m
10301,Main Story,PC,13m
10301,Main Story,PC,13m
10301,Main Story,PC,13m
10301,Main Story,PC,13m
10301,Main Story,PC,13m
10301,Main Story,PC,13m
10301,Main Story,PC,13m
10301,Main Story,PC,14m
10301,Main Story,PC,14m
10301,Main Story,PC,14m
10301,Main Story,PC,14m
10301,Main Story,NA,14m
10301,Main Story,PC,14m
10301,Main Story,PC,14m
10301,Main Story,NA,15m
10301,Main Story,PC,15m
10301,Main Story,PC,15m
10301,Main Story,PC,15m
10301,Main Story,PC,15m
10301,Main Story,PC,15m
10301,Main Story,PC,15m
10301,Main Story,PC,15m
10301,Main Story,PC,15m
10301,Main Story,PC,15m
10301,Main Story,PC,15m
10301,Main Story,PC,15m
10301,Main Story,Mac,15m
10301,Main Story,PC,15m
10301,Main Story,PC,15m
10301,Main Story,PC,15m
10301,Main Story,PC,15m
10301,Main Story,PC,15m
10301,Main Story,PC,15m
10301,Main Story,PC,15m
10301,Main Story,PC,15m
10301,Main Story,PC,15m
10301,Main Story,PC,15m
10301,Main Story,PC,15m
10301,Main Story,PC,16m
10301,Main Story,PC,16m
10301,Main Story,PC,16m
10301,Main Story,PC,16m
10301,Main Story,PC,16m
10301,Main Story,PC,16m
10301,Main Story,PC,16m
10301,Main Story,PC,16m
10301,Main Story,PC,16m
10301,Main Story,PC,16m
10301,Main Story,PC,16m
10301,Main Story,PC,17m
10301,Main Story,PC,17m
10301,Main Story,Mac,17m
10301,Main Story,PC,17m
10301,Main Story,PC,18m
10301,Main Story,PC,18m
10301,Main Story,PC,18m
10301,Main Story,PC,18m
10301,Main Story,PC,18m
10301,Main Story,PC,18m
10301,Main Story,PC,18m
10301,Main Story,PC,18m
10301,Main Story,Mac,19m
10301,Main Story,NA,19m
10301,Main Story,PC,19m
10301,Main Story,PC,20m
10301,Main Story,PC,20m
10301,Main Story,PC,20m
10301,Main Story,PC,20m
10301,Main Story,PC,20m
10301,Main Story,PC,20m
10301,Main Story,PC,20m
10301,Main Story,PC,20m
10301,Main Story,PC,20m
10301,Main Story,PC,20m
10301,Main Story,PC,20m
10301,Main Story,PC,20m
10301,Main Story,PC,20m
10301,Main Story,PC,20m
10301,Main Story,PC,20m
10301,Main Story,PC,20m
10301,Main Story,PC,20m
10301,Main Story,PC,20m
10301,Main Story,PC,20m
10301,Main Story,PC,20m
10301,Main Story,PC,20m
10301,Main Story,PC,21m
10301,Main Story,PC,21m
10301,Main Story,PC,21m
10301,Main Story,PC,21m
10301,Main Story,PC,21m
10301,Main Story,PC,22m
10301,Main Story,PC,22m
10301,Main Story,PC,23m
10301,Main Story,PC,23m
10301,Main Story,PC,24m
10301,Main Story,PC,24m
10301,Main Story,PC,25m
10301,Main Story,PC,25m
10301,Main Story,PC,26m
10301,Main Story,PC,29m
10301,Main Story,NA,30m
10301,Main Story,PC,30m
10301,Main Story,PC,30m
10301,Main Story,PC,30m
10301,Main Story,PC,30m
10301,Main Story,PC,30m
10301,Main Story,PC,31m
10301,Main Story,PC,31m
10301,Main Story,PC,31m
10301,Main Story,PC,33m
10301,Main Story,PC,33m
10301,Main Story,NA,33m
10301,Main Story,PC,33m
10301,Main Story,PC,33m
10301,Main Story,PC,35m
10301,Main Story,PC,35m
10301,Main Story,PC,36m
10301,Main Story,PC,36m
10301,Main Story,PC,37m
10301,Main Story,PC,43m
10301,Main Story,PC,45m
10301,Main Story,PC,48m
10301,Main Story,PC,49m
10301,Main Story,PC,54m
10301,Main Story,PC,1h
10301,Main Story,PC,1h 05m
10301,Main + Extras,PC,10m
10301,Main + Extras,PC,12m
10301,Main + Extras,PC,13m
10301,Main + Extras,PC,13m
10301,Main + Extras,PC,14m
10301,Main + Extras,PC,15m
10301,Main + Extras,NA,15m
10301,Main + Extras,NA,15m
10301,Main + Extras,Mac,15m
10301,Main + Extras,PC,16m
10301,Main + Extras,PC,20m
10301,Main + Extras,PC,20m
10301,Main + Extras,NA,20m
10301,Main + Extras,PC,21m
10301,Main + Extras,PC,21m
10301,Main + Extras,PC,23m
10301,Main + Extras,PC,25m
10301,Main + Extras,PC,25m
10301,Main + Extras,PC,26m
10301,Main + Extras,PC,26m
10301,Main + Extras,PC,26m
10301,Main + Extras,PC,28m
10301,Main + Extras,PC,28m
10301,Main + Extras,PC,28m
10301,Main + Extras,PC,29m
10301,Main + Extras,PC,30m
10301,Main + Extras,PC,30m
10301,Main + Extras,PC,30m
10301,Main + Extras,PC,32m
10301,Main + Extras,PC,34m
10301,Main + Extras,PC,35m
10301,Main + Extras,NA,35m
10301,Main + Extras,PC,35m
10301,Main + Extras,PC,36m
10301,Main + Extras,PC,36m
10301,Main + Extras,PC,36m
10301,Main + Extras,PC,39m
10301,Main + Extras,PC,40m
10301,Main + Extras,PC,40m
10301,Main + Extras,PC,40m
10301,Main + Extras,PC,40m
10301,Main + Extras,PC,41m
10301,Main + Extras,PC,41m
10301,Main + Extras,PC,42m
10301,Main + Extras,PC,44m
10301,Main + Extras,PC,45m
10301,Main + Extras,PC,50m
10301,Main + Extras,PC,1h
10301,Main + Extras,PC,1h
10301,Main + Extras,PC,1h
10301,Main + Extras,PC,1h 02m
10301,Main + Extras,PC,1h 08m
10301,Main + Extras,PC,1h 30m
10301,Main + Extras,PC,1h 39m
10301,Completionists,PC,11m
10301,Completionists,PC,11m
10301,Completionists,PC,12m
10301,Completionists,PC,12m
10301,Completionists,PC,14m
10301,Completionists,PC,15m
10301,Completionists,PC,15m
10301,Completionists,PC,15m
10301,Completionists,PC,15m
10301,Completionists,Mac,15m
10301,Completionists,NA,20m
10301,Completionists,PC,22m
10301,Completionists,PC,25m
10301,Completionists,PC,25m
10301,Completionists,PC,26m
10301,Completionists,PC,29m
10301,Completionists,PC,30m
10301,Completionists,PC,30m
10301,Completionists,PC,30m
10301,Completionists,PC,30m
10301,Completionists,PC,30m
10301,Completionists,PC,30m
10301,Completionists,PC,30m
10301,Completionists,NA,30m
10301,Completionists,PC,31m
10301,Completionists,PC,33m
10301,Completionists,PC,34m
10301,Completionists,PC,34m
10301,Completionists,PC,35m
10301,Completionists,PC,35m
10301,Completionists,PC,37m
10301,Completionists,PC,37m
10301,Completionists,PC,38m
10301,Completionists,PC,38m
10301,Completionists,PC,38m
10301,Completionists,PC,38m
10301,Completionists,PC,38m
10301,Completionists,PC,40m
10301,Completionists,PC,40m
10301,Completionists,PC,40m
10301,Completionists,PC,40m
10301,Completionists,PC,41m
10301,Completionists,PC,41m
10301,Completionists,PC,45m
10301,Completionists,PC,45m
10301,Completionists,PC,46m
10301,Completionists,PC,47m
10301,Completionists,PC,47m
10301,Completionists,PC,50m
10301,Completionists,NA,55m
10301,Completionists,PC,55m
10301,Completionists,PC,56m
10301,Completionists,PC,56m
10301,Completionists,PC,58m
10301,Completionists,NA,1h
10301,Completionists,PC,1h
10301,Completionists,PC,1h
10301,Completionists,PC,1h
10301,Completionists,PC,1h 01m
10301,Completionists,PC,1h 04m
10301,Completionists,PC,1h 15m
10301,Completionists,PC,1h 15m
10301,Completionists,PC,1h 16m
10301,Completionists,PC,1h 18m
10301,Completionists,PC,1h 20m
10301,Completionists,PC,1h 20m
10301,Completionists,PC,1h 23m
10301,Completionists,PC,1h 26m
10301,Completionists,PC,1h 30m
10301,Completionists,PC,2h
10301,Speed Run - Any%,PC,04m 44s
10301,Speed Run - Any%,PC,05m 46s
