id,type,platform,time
10306,Main Story,PC,47m
10306,Main Story,PC,1h
10306,Main Story,PC,1h 30m
10306,Main Story,NA,1h 35m
10306,Main Story,PC,1h 41m
10306,Main Story,PC,1h 50m
10306,Main Story,PC,1h 50m
10306,Main Story,PC,2h
10306,Main Story,Mac,2h
10306,Main Story,PC,2h
10306,Main Story,PC,2h
10306,Main Story,PC,2h
10306,Main Story,PC,2h
10306,Main Story,PC,2h
10306,Main Story,PC,2h
10306,Main Story,PC,2h
10306,Main Story,PC,2h
10306,Main Story,PC,2h
10306,Main Story,PlayStation Vita,2h
10306,Main Story,PC,2h
10306,Main Story,PC,2h
10306,Main Story,PC,2h
10306,Main Story,PlayStation 3,2h
10306,Main Story,PC,2h
10306,Main Story,PlayStation 4,2h
10306,Main Story,PC,2h
10306,Main Story,PC,2h
10306,Main Story,PlayStation Vita,2h 08m
10306,Main Story,PC,2h 10m
10306,Main Story,PC,2h 12m
10306,Main Story,Android,2h 15m
10306,Main Story,PC,2h 20m
10306,Main Story,PlayStation 3,2h 20m
10306,Main Story,PC,2h 20m
10306,Main Story,PlayStation 4,2h 24m
10306,Main Story,PC,2h 25m
10306,Main Story,PC,2h 27m
10306,Main Story,PC,2h 29m
10306,Main Story,PC,2h 30m
10306,Main Story,PC,2h 30m
10306,Main Story,PC,2h 30m
10306,Main Story,PC,2h 30m
10306,Main Story,PC,2h 30m
10306,Main Story,PC,2h 30m
10306,Main Story,PC,2h 30m
10306,Main Story,PC,2h 30m
10306,Main Story,PlayStation 3,2h 30m
10306,Main Story,PlayStation Vita,2h 30m
10306,Main Story,PC,2h 36m
10306,Main Story,PC,2h 39m
10306,Main Story,PC,2h 40m
10306,Main Story,PC,2h 40m
10306,Main Story,PC,2h 40m
10306,Main Story,PC,2h 40m
10306,Main Story,PC,2h 40m
10306,Main Story,PC,2h 40m
10306,Main Story,PC,2h 40m
10306,Main Story,PC,2h 40m
10306,Main Story,PC,2h 42m
10306,Main Story,PC,2h 42m
10306,Main Story,PC,2h 42m
10306,Main Story,PC,2h 42m
10306,Main Story,PlayStation 4,2h 43m
10306,Main Story,PlayStation 3,2h 45m
10306,Main Story,PC,2h 46m
10306,Main Story,PC,2h 48m
10306,Main Story,PC,2h 49m
10306,Main Story,PC,2h 50m
10306,Main Story,PC,2h 50m
10306,Main Story,Mac,2h 50m
10306,Main Story,PC,2h 50m
10306,Main Story,PC,2h 54m
10306,Main Story,PC,2h 55m
10306,Main Story,PC,2h 55m
10306,Main Story,PC,2h 55m
10306,Main Story,PC,2h 55m
10306,Main Story,PC,2h 55m
10306,Main Story,PC,2h 56m
10306,Main Story,PlayStation Vita,2h 56m
10306,Main Story,Mac,2h 58m
10306,Main Story,PC,3h
10306,Main Story,PC,3h
10306,Main Story,PC,3h
10306,Main Story,PC,3h
10306,Main Story,Linux,3h
10306,Main Story,PC,3h
10306,Main Story,PC,3h
10306,Main Story,PC,3h
10306,Main Story,PC,3h
10306,Main Story,PC,3h
10306,Main Story,PC,3h
10306,Main Story,PC,3h
10306,Main Story,NA,3h
10306,Main Story,PlayStation 3,3h
10306,Main Story,PC,3h
10306,Main Story,PlayStation 3,3h
10306,Main Story,Xbox One,3h
10306,Main Story,PC,3h
10306,Main Story,PC,3h
10306,Main Story,PC,3h
10306,Main Story,PC,3h
10306,Main Story,PC,3h
10306,Main Story,PC,3h
10306,Main Story,PC,3h
10306,Main Story,PC,3h
10306,Main Story,Android,3h
10306,Main Story,PlayStation 3,3h
10306,Main Story,PC,3h
10306,Main Story,PC,3h
10306,Main Story,PC,3h
10306,Main Story,Xbox One,3h
10306,Main Story,PC,3h
10306,Main Story,PC,3h
10306,Main Story,PlayStation Vita,3h
10306,Main Story,PC,3h
10306,Main Story,PC,3h
10306,Main Story,PlayStation Vita,3h
10306,Main Story,PC,3h
10306,Main Story,PC,3h
10306,Main Story,PC,3h
10306,Main Story,PC,3h
10306,Main Story,PC,3h
10306,Main Story,NA,3h
10306,Main Story,PC,3h
10306,Main Story,PC,3h
10306,Main Story,PC,3h
10306,Main Story,PC,3h
10306,Main Story,PC,3h
10306,Main Story,PC,3h
10306,Main Story,PC,3h
10306,Main Story,PC,3h
10306,Main Story,PC,3h
10306,Main Story,PC,3h
10306,Main Story,PC,3h
10306,Main Story,PC,3h
10306,Main Story,PC,3h
10306,Main Story,PC,3h
10306,Main Story,PC,3h
10306,Main Story,PC,3h
10306,Main Story,PC,3h
10306,Main Story,PC,3h
10306,Main Story,PC,3h
10306,Main Story,PC,3h
10306,Main Story,PC,3h
10306,Main Story,PC,3h
10306,Main Story,PC,3h
10306,Main Story,PC,3h
10306,Main Story,PC,3h
10306,Main Story,PlayStation Vita,3h
10306,Main Story,PlayStation 3,3h
10306,Main Story,NA,3h
10306,Main Story,PC,3h
10306,Main Story,PC,3h
10306,Main Story,PlayStation Vita,3h
10306,Main Story,PC,3h
10306,Main Story,PC,3h
10306,Main Story,PC,3h
10306,Main Story,PC,3h
10306,Main Story,PlayStation Vita,3h
10306,Main Story,PC,3h
10306,Main Story,NA,3h
10306,Main Story,PC,3h
10306,Main Story,PC,3h
10306,Main Story,PC,3h
10306,Main Story,PC,3h
10306,Main Story,PC,3h
10306,Main Story,PC,3h
10306,Main Story,PC,3h
10306,Main Story,PC,3h
10306,Main Story,PC,3h
10306,Main Story,PC,3h
10306,Main Story,PlayStation Vita,3h
10306,Main Story,PC,3h
10306,Main Story,PC,3h
10306,Main Story,PC,3h
10306,Main Story,PC,3h
10306,Main Story,PlayStation 3,3h
10306,Main Story,PC,3h
10306,Main Story,NA,3h
10306,Main Story,PC,3h
10306,Main Story,PC,3h
10306,Main Story,Mac,3h
10306,Main Story,PC,3h
10306,Main Story,PC,3h
10306,Main Story,PC,3h
10306,Main Story,PC,3h
10306,Main Story,PlayStation Vita,3h
10306,Main Story,PC,3h
10306,Main Story,PC,3h
10306,Main Story,PC,3h
10306,Main Story,PC,3h
10306,Main Story,PC,3h
10306,Main Story,PC,3h
10306,Main Story,PC,3h
10306,Main Story,PC,3h 01m
10306,Main Story,Xbox One,3h 02m
10306,Main Story,Mac,3h 05m
10306,Main Story,PC,3h 05m
10306,Main Story,PlayStation Vita,3h 05m
10306,Main Story,PC,3h 05m
10306,Main Story,PC,3h 05m
10306,Main Story,PC,3h 06m
10306,Main Story,NA,3h 06m
10306,Main Story,PC,3h 06m
10306,Main Story,PC,3h 06m
10306,Main Story,PC,3h 06m
10306,Main Story,Wii U,3h 07m
10306,Main Story,PC,3h 07m
10306,Main Story,PC,3h 10m
10306,Main Story,PC,3h 10m
10306,Main Story,PlayStation Vita,3h 10m
10306,Main Story,Mac,3h 10m
10306,Main Story,PC,3h 10m
10306,Main Story,NA,3h 12m
10306,Main Story,PC,3h 12m
10306,Main Story,PC,3h 12m
10306,Main Story,PC,3h 12m
10306,Main Story,PC,3h 12m
10306,Main Story,PC,3h 12m
10306,Main Story,PC,3h 12m
10306,Main Story,PlayStation Vita,3h 13m
10306,Main Story,PC,3h 14m
10306,Main Story,PlayStation 3,3h 14m
10306,Main Story,PlayStation 3,3h 14m
10306,Main Story,PC,3h 15m
10306,Main Story,PC,3h 15m
10306,Main Story,PlayStation Vita,3h 15m
10306,Main Story,PC,3h 15m
10306,Main Story,NA,3h 15m
10306,Main Story,PC,3h 15m
10306,Main Story,PC,3h 15m
10306,Main Story,PC,3h 15m
10306,Main Story,PC,3h 15m
10306,Main Story,PlayStation Vita,3h 15m
10306,Main Story,PC,3h 15m
10306,Main Story,PC,3h 15m
10306,Main Story,PC,3h 15m
10306,Main Story,PC,3h 15m
10306,Main Story,PC,3h 16m
10306,Main Story,PC,3h 16m
10306,Main Story,PlayStation Vita,3h 17m
10306,Main Story,PC,3h 17m
10306,Main Story,PC,3h 18m
10306,Main Story,PC,3h 18m
10306,Main Story,PlayStation 3,3h 18m
10306,Main Story,PC,3h 20m
10306,Main Story,PC,3h 20m
10306,Main Story,Xbox One,3h 20m
10306,Main Story,PC,3h 20m
10306,Main Story,PC,3h 20m
10306,Main Story,PC,3h 20m
10306,Main Story,PC,3h 20m
10306,Main Story,PC,3h 20m
10306,Main Story,Android,3h 20m
10306,Main Story,PC,3h 20m
10306,Main Story,PC,3h 21m
10306,Main Story,PC,3h 21m
10306,Main Story,PC,3h 22m
10306,Main Story,PC,3h 22m
10306,Main Story,PlayStation Vita,3h 23m
10306,Main Story,PlayStation Vita,3h 23m
10306,Main Story,PC,3h 23m
10306,Main Story,PC,3h 24m
10306,Main Story,PC,3h 24m
10306,Main Story,PC,3h 24m
10306,Main Story,PlayStation 4,3h 25m
10306,Main Story,Xbox One,3h 25m
10306,Main Story,PC,3h 25m
10306,Main Story,PC,3h 25m
10306,Main Story,PC,3h 25m
10306,Main Story,PlayStation Vita,3h 25m
10306,Main Story,PlayStation Vita,3h 26m
10306,Main Story,PC,3h 27m
10306,Main Story,PlayStation 3,3h 27m
10306,Main Story,PC,3h 28m
10306,Main Story,PC,3h 28m
10306,Main Story,PC,3h 30m
10306,Main Story,PC,3h 30m
10306,Main Story,PC,3h 30m
10306,Main Story,PC,3h 30m
10306,Main Story,PC,3h 30m
10306,Main Story,Mac,3h 30m
10306,Main Story,PC,3h 30m
10306,Main Story,PC,3h 30m
10306,Main Story,PC,3h 30m
10306,Main Story,PlayStation 3,3h 30m
10306,Main Story,PC,3h 30m
10306,Main Story,PC,3h 30m
10306,Main Story,PC,3h 30m
10306,Main Story,PC,3h 30m
10306,Main Story,PC,3h 30m
10306,Main Story,Xbox One,3h 30m
10306,Main Story,PlayStation 3,3h 30m
10306,Main Story,PC,3h 30m
10306,Main Story,PC,3h 30m
10306,Main Story,PC,3h 30m
10306,Main Story,PlayStation Vita,3h 30m
10306,Main Story,PC,3h 30m
10306,Main Story,PlayStation Vita,3h 30m
10306,Main Story,PlayStation 3,3h 30m
10306,Main Story,PC,3h 30m
10306,Main Story,PC,3h 30m
10306,Main Story,PlayStation 3,3h 30m
10306,Main Story,PlayStation Vita,3h 30m
10306,Main Story,PC,3h 30m
10306,Main Story,PC,3h 30m
10306,Main Story,PC,3h 30m
10306,Main Story,PlayStation 4,3h 30m
10306,Main Story,PC,3h 30m
10306,Main Story,PC,3h 30m
10306,Main Story,PC,3h 30m
10306,Main Story,PlayStation 4,3h 30m
10306,Main Story,PlayStation 3,3h 30m
10306,Main Story,PlayStation Vita,3h 30m
10306,Main Story,PlayStation Vita,3h 30m
10306,Main Story,PlayStation Vita,3h 30m
10306,Main Story,PC,3h 30m
10306,Main Story,PC,3h 30m
10306,Main Story,PC,3h 30m
10306,Main Story,PlayStation Vita,3h 30m
10306,Main Story,PlayStation Vita,3h 30m
10306,Main Story,PC,3h 30m
10306,Main Story,PlayStation Vita,3h 30m
10306,Main Story,Wii U,3h 30m
10306,Main Story,PlayStation Vita,3h 30m
10306,Main Story,PlayStation Vita,3h 30m
10306,Main Story,PlayStation 3,3h 30m
10306,Main Story,PlayStation 3,3h 30m
10306,Main Story,PlayStation 4,3h 30m
10306,Main Story,PC,3h 30m
10306,Main Story,Mac,3h 30m
10306,Main Story,PC,3h 30m
10306,Main Story,PC,3h 30m
10306,Main Story,PC,3h 30m
10306,Main Story,PlayStation Vita,3h 30m
10306,Main Story,PC,3h 30m
10306,Main Story,PC,3h 32m
10306,Main Story,PlayStation 3,3h 32m
10306,Main Story,PC,3h 32m
10306,Main Story,PlayStation 3,3h 32m
10306,Main Story,Mac,3h 33m
10306,Main Story,PC,3h 34m
10306,Main Story,PC,3h 35m
10306,Main Story,PC,3h 35m
10306,Main Story,PlayStation Vita,3h 35m
10306,Main Story,PC,3h 36m
10306,Main Story,PC,3h 36m
10306,Main Story,PC,3h 36m
10306,Main Story,PC,3h 36m
10306,Main Story,PC,3h 37m
10306,Main Story,Xbox One,3h 39m
10306,Main Story,NA,3h 40m
10306,Main Story,PC,3h 40m
10306,Main Story,PC,3h 40m
10306,Main Story,PC,3h 40m
10306,Main Story,PlayStation 4,3h 40m
10306,Main Story,PC,3h 40m
10306,Main Story,PC,3h 40m
10306,Main Story,PC,3h 40m
10306,Main Story,Xbox One,3h 41m
10306,Main Story,PC,3h 42m
10306,Main Story,PC,3h 42m
10306,Main Story,Wii U,3h 44m
10306,Main Story,PC,3h 45m
10306,Main Story,PC,3h 45m
10306,Main Story,PC,3h 45m
10306,Main Story,PC,3h 45m
10306,Main Story,PC,3h 45m
10306,Main Story,PC,3h 45m
10306,Main Story,PC,3h 45m
10306,Main Story,PC,3h 45m
10306,Main Story,Mac,3h 45m
10306,Main Story,PC,3h 45m
10306,Main Story,PC,3h 47m
10306,Main Story,PC,3h 48m
10306,Main Story,PC,3h 50m
10306,Main Story,PC,3h 50m
10306,Main Story,PlayStation 3,3h 50m
10306,Main Story,PC,3h 50m
10306,Main Story,PC,3h 50m
10306,Main Story,PC,3h 50m
10306,Main Story,PC,3h 50m
10306,Main Story,NA,3h 50m
10306,Main Story,PC,3h 50m
10306,Main Story,PC,3h 53m
10306,Main Story,PC,3h 53m
10306,Main Story,PC,3h 54m
10306,Main Story,PC,3h 54m
10306,Main Story,Linux,3h 54m
10306,Main Story,PC,3h 54m
10306,Main Story,PC,3h 55m
10306,Main Story,PlayStation Vita,3h 55m
10306,Main Story,PC,3h 56m
10306,Main Story,PC,4h
10306,Main Story,PC,4h
10306,Main Story,PC,4h
10306,Main Story,PC,4h
10306,Main Story,PC,4h
10306,Main Story,PC,4h
10306,Main Story,Linux,4h
10306,Main Story,PC,4h
10306,Main Story,PC,4h
10306,Main Story,PC,4h
10306,Main Story,PC,4h
10306,Main Story,PC,4h
10306,Main Story,PC,4h
10306,Main Story,PC,4h
10306,Main Story,PlayStation Vita,4h
10306,Main Story,PlayStation Vita,4h
10306,Main Story,PlayStation 4,4h
10306,Main Story,PlayStation Vita,4h
10306,Main Story,PC,4h
10306,Main Story,PC,4h
10306,Main Story,PC,4h
10306,Main Story,PC,4h
10306,Main Story,PC,4h
10306,Main Story,PC,4h
10306,Main Story,PC,4h
10306,Main Story,PC,4h
10306,Main Story,PlayStation,4h
10306,Main Story,PC,4h
10306,Main Story,PC,4h
10306,Main Story,PlayStation 3,4h
10306,Main Story,PC,4h
10306,Main Story,PC,4h
10306,Main Story,PC,4h
10306,Main Story,PlayStation Vita,4h
10306,Main Story,PC,4h
10306,Main Story,PC,4h
10306,Main Story,PC,4h
10306,Main Story,PC,4h
10306,Main Story,PC,4h
10306,Main Story,PC,4h
10306,Main Story,PC,4h
10306,Main Story,PC,4h
10306,Main Story,PC,4h
10306,Main Story,PC,4h
10306,Main Story,PC,4h
10306,Main Story,NA,4h
10306,Main Story,PC,4h
10306,Main Story,PC,4h
10306,Main Story,PC,4h
10306,Main Story,PC,4h
10306,Main Story,PC,4h
10306,Main Story,PC,4h
10306,Main Story,PlayStation Vita,4h
10306,Main Story,PC,4h
10306,Main Story,PC,4h
10306,Main Story,Wii U,4h
10306,Main Story,PlayStation Vita,4h
10306,Main Story,PC,4h
10306,Main Story,PC,4h
10306,Main Story,PC,4h
10306,Main Story,PC,4h
10306,Main Story,PlayStation 3,4h
10306,Main Story,PC,4h
10306,Main Story,PlayStation Vita,4h
10306,Main Story,PC,4h
10306,Main Story,PC,4h
10306,Main Story,PlayStation Vita,4h
10306,Main Story,PC,4h
10306,Main Story,PlayStation 3,4h
10306,Main Story,PlayStation 3,4h
10306,Main Story,PlayStation Vita,4h
10306,Main Story,PC,4h
10306,Main Story,PC,4h
10306,Main Story,PC,4h
10306,Main Story,PC,4h
10306,Main Story,PlayStation Vita,4h
10306,Main Story,PlayStation Vita,4h
10306,Main Story,PC,4h
10306,Main Story,Xbox One,4h 03m
10306,Main Story,PC,4h 04m
10306,Main Story,PC,4h 05m
10306,Main Story,NA,4h 06m
10306,Main Story,PC,4h 06m
10306,Main Story,PlayStation 3,4h 10m
10306,Main Story,Mac,4h 10m
10306,Main Story,PC,4h 12m
10306,Main Story,PC,4h 12m
10306,Main Story,PC,4h 13m
10306,Main Story,Mac,4h 13m
10306,Main Story,PC,4h 14m
10306,Main Story,PlayStation 3,4h 15m
10306,Main Story,PC,4h 18m
10306,Main Story,PC,4h 18m
10306,Main Story,PC,4h 20m
10306,Main Story,PC,4h 21m
10306,Main Story,PC,4h 24m
10306,Main Story,PlayStation 3,4h 24m
10306,Main Story,PC,4h 25m
10306,Main Story,NA,4h 25m
10306,Main Story,PC,4h 25m
10306,Main Story,PC,4h 30m
10306,Main Story,PlayStation Vita,4h 30m
10306,Main Story,Wii U,4h 30m
10306,Main Story,PC,4h 30m
10306,Main Story,PC,4h 30m
10306,Main Story,PlayStation 3,4h 30m
10306,Main Story,PC,4h 30m
10306,Main Story,PC,4h 30m
10306,Main Story,PC,4h 30m
10306,Main Story,Xbox One,4h 30m
10306,Main Story,Linux,4h 30m
10306,Main Story,PC,4h 31m
10306,Main Story,PC,4h 32m
10306,Main Story,PC,4h 35m
10306,Main Story,PC,4h 36m
10306,Main Story,PC,4h 36m
10306,Main Story,Mac,4h 36m
10306,Main Story,PC,4h 40m
10306,Main Story,PlayStation 4,4h 44m
10306,Main Story,PC,4h 45m
10306,Main Story,PC,4h 51m
10306,Main Story,Mac,4h 52m
10306,Main Story,PC,4h 54m
10306,Main Story,Wii U,4h 58m
10306,Main Story,PlayStation Vita,5h
10306,Main Story,PC,5h
10306,Main Story,PlayStation 3,5h
10306,Main Story,PC,5h
10306,Main Story,PC,5h
10306,Main Story,PC,5h
10306,Main Story,PC,5h
10306,Main Story,PlayStation Vita,5h
10306,Main Story,PC,5h
10306,Main Story,PC,5h
10306,Main Story,PC,5h
10306,Main Story,PC,5h
10306,Main Story,PlayStation 4,5h
10306,Main Story,PC,5h
10306,Main Story,PlayStation 3,5h
10306,Main Story,PlayStation Vita,5h
10306,Main Story,PlayStation 3,5h
10306,Main Story,PC,5h
10306,Main Story,PC,5h
10306,Main Story,PC,5h
10306,Main Story,PC,5h
10306,Main Story,PC,5h
10306,Main Story,PC,5h 06m
10306,Main Story,PC,5h 10m
10306,Main Story,PC,5h 10m
10306,Main Story,PC,5h 10m
10306,Main Story,PC,5h 24m
10306,Main Story,PC,5h 30m
10306,Main Story,PC,5h 45m
10306,Main Story,PC,5h 48m
10306,Main Story,PC,5h 50m
10306,Main Story,PC,5h 54m
10306,Main Story,PC,6h
10306,Main Story,PC,6h
10306,Main Story,PC,6h
10306,Main Story,PC,6h
10306,Main Story,PC,6h
10306,Main Story,PC,6h
10306,Main Story,PC,7h
10306,Main Story,PC,7h 45m
10306,Main Story,PC,7h 45m
10306,Main Story,PC,8h
10306,Main Story,PC,9h
10306,Main + Extras,PC,1h 50m
10306,Main + Extras,PC,1h 55m
10306,Main + Extras,PC,2h
10306,Main + Extras,PC,2h
10306,Main + Extras,PC,2h
10306,Main + Extras,PC,2h
10306,Main + Extras,PC,2h 01m
10306,Main + Extras,PlayStation 4,2h 10m
10306,Main + Extras,PC,2h 28m
10306,Main + Extras,PC,2h 45m
10306,Main + Extras,PC,2h 48m
10306,Main + Extras,PC,2h 50m
10306,Main + Extras,PC,2h 53m
10306,Main + Extras,PC,2h 54m
10306,Main + Extras,PC,2h 55m
10306,Main + Extras,PC,3h
10306,Main + Extras,PC,3h
10306,Main + Extras,PC,3h
10306,Main + Extras,NA,3h
10306,Main + Extras,PC,3h
10306,Main + Extras,PC,3h
10306,Main + Extras,PC,3h
10306,Main + Extras,PC,3h
10306,Main + Extras,PC,3h
10306,Main + Extras,PC,3h
10306,Main + Extras,PC,3h
10306,Main + Extras,PC,3h
10306,Main + Extras,PC,3h
10306,Main + Extras,PC,3h
10306,Main + Extras,PC,3h
10306,Main + Extras,PC,3h
10306,Main + Extras,PC,3h
10306,Main + Extras,PC,3h
10306,Main + Extras,PC,3h
10306,Main + Extras,PlayStation Vita,3h
10306,Main + Extras,PC,3h
10306,Main + Extras,PC,3h
10306,Main + Extras,PC,3h
10306,Main + Extras,PC,3h
10306,Main + Extras,PC,3h
10306,Main + Extras,PC,3h 01m
10306,Main + Extras,NA,3h 05m
10306,Main + Extras,PC,3h 06m
10306,Main + Extras,PC,3h 06m
10306,Main + Extras,PC,3h 06m
10306,Main + Extras,PC,3h 06m
10306,Main + Extras,PC,3h 10m
10306,Main + Extras,PC,3h 10m
10306,Main + Extras,PC,3h 10m
10306,Main + Extras,PC,3h 12m
10306,Main + Extras,PC,3h 12m
10306,Main + Extras,PlayStation Vita,3h 14m
10306,Main + Extras,PC,3h 15m
10306,Main + Extras,PC,3h 17m
10306,Main + Extras,PC,3h 18m
10306,Main + Extras,NA,3h 18m
10306,Main + Extras,PC,3h 18m
10306,Main + Extras,PC,3h 20m
10306,Main + Extras,PC,3h 20m
10306,Main + Extras,PC,3h 20m
10306,Main + Extras,PC,3h 20m
10306,Main + Extras,PC,3h 20m
10306,Main + Extras,PC,3h 20m
10306,Main + Extras,Xbox One,3h 24m
10306,Main + Extras,PlayStation 3,3h 25m
10306,Main + Extras,PC,3h 25m
10306,Main + Extras,PC,3h 30m
10306,Main + Extras,PC,3h 30m
10306,Main + Extras,PC,3h 30m
10306,Main + Extras,PlayStation Vita,3h 30m
10306,Main + Extras,PC,3h 30m
10306,Main + Extras,PC,3h 30m
10306,Main + Extras,PC,3h 30m
10306,Main + Extras,PC,3h 30m
10306,Main + Extras,PC,3h 30m
10306,Main + Extras,PC,3h 30m
10306,Main + Extras,PC,3h 30m
10306,Main + Extras,PC,3h 30m
10306,Main + Extras,PC,3h 30m
10306,Main + Extras,PlayStation Vita,3h 30m
10306,Main + Extras,PlayStation Vita,3h 30m
10306,Main + Extras,PlayStation 4,3h 30m
10306,Main + Extras,PC,3h 30m
10306,Main + Extras,PC,3h 32m
10306,Main + Extras,PlayStation 3,3h 35m
10306,Main + Extras,PC,3h 35m
10306,Main + Extras,PC,3h 35m
10306,Main + Extras,PC,3h 36m
10306,Main + Extras,PC,3h 37m
10306,Main + Extras,PC,3h 37m
10306,Main + Extras,PC,3h 38m
10306,Main + Extras,NA,3h 40m
10306,Main + Extras,PC,3h 40m
10306,Main + Extras,PC,3h 41m
10306,Main + Extras,PC,3h 41m
10306,Main + Extras,PlayStation 3,3h 42m
10306,Main + Extras,PC,3h 42m
10306,Main + Extras,PlayStation 4,3h 45m
10306,Main + Extras,PlayStation Vita,3h 45m
10306,Main + Extras,PC,3h 45m
10306,Main + Extras,PC,3h 45m
10306,Main + Extras,PC,3h 45m
10306,Main + Extras,PC,3h 45m
10306,Main + Extras,PlayStation 4,3h 50m
10306,Main + Extras,PC,3h 50m
10306,Main + Extras,PC,3h 50m
10306,Main + Extras,PC,3h 50m
10306,Main + Extras,PC,3h 51m
10306,Main + Extras,PC,3h 51m
10306,Main + Extras,PC,3h 52m
10306,Main + Extras,PC,3h 54m
10306,Main + Extras,Linux,3h 59m
10306,Main + Extras,PC,3h 59m
10306,Main + Extras,PC,4h
10306,Main + Extras,PC,4h
10306,Main + Extras,PC,4h
10306,Main + Extras,PC,4h
10306,Main + Extras,PC,4h
10306,Main + Extras,PlayStation 3,4h
10306,Main + Extras,PlayStation 3,4h
10306,Main + Extras,PC,4h
10306,Main + Extras,PC,4h
10306,Main + Extras,PC,4h
10306,Main + Extras,PC,4h
10306,Main + Extras,PlayStation Vita,4h
10306,Main + Extras,PC,4h
10306,Main + Extras,PC,4h
10306,Main + Extras,PC,4h
10306,Main + Extras,PC,4h
10306,Main + Extras,Xbox One,4h
10306,Main + Extras,PlayStation 3,4h
10306,Main + Extras,PC,4h
10306,Main + Extras,PC,4h
10306,Main + Extras,PlayStation Vita,4h 05m
10306,Main + Extras,PC,4h 06m
10306,Main + Extras,PC,4h 06m
10306,Main + Extras,PlayStation Vita,4h 07m
10306,Main + Extras,PC,4h 08m
10306,Main + Extras,PC,4h 10m
10306,Main + Extras,PC,4h 12m
10306,Main + Extras,PC,4h 20m
10306,Main + Extras,PC,4h 20m
10306,Main + Extras,PC,4h 24m
10306,Main + Extras,PlayStation 3,4h 30m
10306,Main + Extras,PC,4h 30m
10306,Main + Extras,PC,4h 30m
10306,Main + Extras,PC,4h 30m
10306,Main + Extras,PC,4h 30m
10306,Main + Extras,PC,4h 30m
10306,Main + Extras,Xbox One,4h 30m
10306,Main + Extras,PC,4h 45m
10306,Main + Extras,PC,4h 50m
10306,Main + Extras,PC,4h 50m
10306,Main + Extras,PC,4h 54m
10306,Main + Extras,PC,4h 58m
10306,Main + Extras,PC,5h
10306,Main + Extras,PC,5h
10306,Main + Extras,PC,5h
10306,Main + Extras,PC,5h
10306,Main + Extras,PC,5h
10306,Main + Extras,PC,5h
10306,Main + Extras,PC,5h
10306,Main + Extras,PC,5h
10306,Main + Extras,PC,5h 02m
10306,Main + Extras,PC,5h 03m
10306,Main + Extras,PC,5h 06m
10306,Main + Extras,PC,5h 15m
10306,Main + Extras,PC,5h 23m
10306,Main + Extras,PC,5h 35m
10306,Main + Extras,PC,5h 36m
10306,Main + Extras,PC,6h
10306,Main + Extras,PC,6h
10306,Main + Extras,PC,6h 01m
10306,Main + Extras,PC,6h 42m
10306,Main + Extras,PC,7h
10306,Main + Extras,PC,7h
10306,Main + Extras,PC,9h
10306,Main + Extras,PC,10h 21m
10306,Completionists,PC,1h 43m
10306,Completionists,PC,2h
10306,Completionists,PC,2h
10306,Completionists,PC,2h 02m
10306,Completionists,Xbox One,2h 05m
10306,Completionists,PC,2h 06m
10306,Completionists,PC,2h 10m
10306,Completionists,PC,2h 15m
10306,Completionists,PC,2h 18m
10306,Completionists,PC,2h 30m
10306,Completionists,PC,2h 30m
10306,Completionists,PlayStation Vita,2h 30m
10306,Completionists,PlayStation 4,2h 30m
10306,Completionists,PC,2h 32m
10306,Completionists,PC,2h 33m
10306,Completionists,PC,2h 35m
10306,Completionists,Wii U,2h 36m
10306,Completionists,PC,2h 36m
10306,Completionists,PC,2h 36m
10306,Completionists,PC,2h 36m
10306,Completionists,PC,2h 36m
10306,Completionists,PC,2h 40m
10306,Completionists,PC,2h 40m
10306,Completionists,PC,2h 42m
10306,Completionists,PC,2h 48m
10306,Completionists,PC,2h 48m
10306,Completionists,PC,2h 48m
10306,Completionists,PC,2h 48m
10306,Completionists,PC,2h 50m
10306,Completionists,NA,2h 54m
10306,Completionists,PlayStation 4,2h 54m
10306,Completionists,PC,2h 54m
10306,Completionists,PC,2h 55m
10306,Completionists,PC,2h 55m
10306,Completionists,PC,2h 55m
10306,Completionists,PC,2h 57m
10306,Completionists,Wii U,2h 57m
10306,Completionists,Xbox One,2h 58m
10306,Completionists,PC,2h 59m
10306,Completionists,PC,3h
10306,Completionists,PC,3h
10306,Completionists,PC,3h
10306,Completionists,NA,3h
10306,Completionists,PC,3h
10306,Completionists,PC,3h
10306,Completionists,PC,3h
10306,Completionists,PC,3h
10306,Completionists,PC,3h
10306,Completionists,PC,3h
10306,Completionists,PlayStation Vita,3h
10306,Completionists,PC,3h
10306,Completionists,PC,3h
10306,Completionists,PC,3h
10306,Completionists,PC,3h
10306,Completionists,PC,3h
10306,Completionists,PlayStation Vita,3h
10306,Completionists,PC,3h
10306,Completionists,PC,3h
10306,Completionists,PC,3h
10306,Completionists,PC,3h
10306,Completionists,PC,3h
10306,Completionists,PC,3h
10306,Completionists,PC,3h
10306,Completionists,PC,3h
10306,Completionists,PC,3h
10306,Completionists,PC,3h
10306,Completionists,PC,3h
10306,Completionists,PC,3h
10306,Completionists,PC,3h
10306,Completionists,PC,3h
10306,Completionists,PC,3h
10306,Completionists,PC,3h
10306,Completionists,PC,3h
10306,Completionists,PC,3h
10306,Completionists,PC,3h
10306,Completionists,PC,3h
10306,Completionists,PC,3h
10306,Completionists,PlayStation Vita,3h
10306,Completionists,PC,3h
10306,Completionists,PC,3h
10306,Completionists,PC,3h
10306,Completionists,PC,3h
10306,Completionists,PC,3h
10306,Completionists,PC,3h
10306,Completionists,PC,3h
10306,Completionists,PC,3h
10306,Completionists,PC,3h
10306,Completionists,PC,3h
10306,Completionists,PC,3h
10306,Completionists,PC,3h
10306,Completionists,Mac,3h
10306,Completionists,PC,3h
10306,Completionists,PC,3h
10306,Completionists,PC,3h
10306,Completionists,PC,3h
10306,Completionists,PC,3h
10306,Completionists,PC,3h
10306,Completionists,PC,3h
10306,Completionists,PC,3h
10306,Completionists,PC,3h 01m
10306,Completionists,PC,3h 01m
10306,Completionists,PC,3h 02m
10306,Completionists,PC,3h 03m
10306,Completionists,PC,3h 05m
10306,Completionists,PC,3h 05m
10306,Completionists,PC,3h 05m
10306,Completionists,PC,3h 05m
10306,Completionists,PlayStation Vita,3h 05m
10306,Completionists,PC,3h 06m
10306,Completionists,PC,3h 06m
10306,Completionists,PC,3h 06m
10306,Completionists,PC,3h 06m
10306,Completionists,PC,3h 06m
10306,Completionists,PC,3h 06m
10306,Completionists,PC,3h 06m
10306,Completionists,PC,3h 09m
10306,Completionists,PC,3h 10m
10306,Completionists,PC,3h 10m
10306,Completionists,PC,3h 10m
10306,Completionists,PC,3h 11m
10306,Completionists,Mac,3h 12m
10306,Completionists,Mac,3h 12m
10306,Completionists,Linux,3h 12m
10306,Completionists,PC,3h 13m
10306,Completionists,PC,3h 13m
10306,Completionists,PC,3h 13m
10306,Completionists,PC,3h 15m
10306,Completionists,PC,3h 15m
10306,Completionists,PC,3h 15m
10306,Completionists,NA,3h 15m
10306,Completionists,PC,3h 17m
10306,Completionists,PC,3h 17m
10306,Completionists,PlayStation Vita,3h 17m
10306,Completionists,PC,3h 18m
10306,Completionists,PC,3h 18m
10306,Completionists,NA,3h 18m
10306,Completionists,PC,3h 18m
10306,Completionists,PC,3h 18m
10306,Completionists,PC,3h 18m
10306,Completionists,Wii U,3h 18m
10306,Completionists,PC,3h 18m
10306,Completionists,PC,3h 18m
10306,Completionists,PC,3h 20m
10306,Completionists,PC,3h 20m
10306,Completionists,PC,3h 20m
10306,Completionists,PlayStation 3,3h 20m
10306,Completionists,PC,3h 20m
10306,Completionists,PC,3h 20m
10306,Completionists,PC,3h 20m
10306,Completionists,PC,3h 20m
10306,Completionists,PC,3h 20m
10306,Completionists,PC,3h 20m
10306,Completionists,PC,3h 20m
10306,Completionists,PC,3h 20m
10306,Completionists,Mac,3h 20m
10306,Completionists,PC,3h 20m
10306,Completionists,PC,3h 20m
10306,Completionists,PC,3h 20m
10306,Completionists,PC,3h 20m
10306,Completionists,PC,3h 21m
10306,Completionists,PC,3h 22m
10306,Completionists,PC,3h 23m
10306,Completionists,Xbox One,3h 23m
10306,Completionists,PC,3h 24m
10306,Completionists,PC,3h 24m
10306,Completionists,PC,3h 24m
10306,Completionists,PC,3h 24m
10306,Completionists,PC,3h 24m
10306,Completionists,PC,3h 24m
10306,Completionists,PC,3h 25m
10306,Completionists,PC,3h 25m
10306,Completionists,PC,3h 25m
10306,Completionists,PC,3h 25m
10306,Completionists,PlayStation 3,3h 25m
10306,Completionists,PlayStation 4,3h 27m
10306,Completionists,PC,3h 29m
10306,Completionists,PC,3h 30m
10306,Completionists,Linux,3h 30m
10306,Completionists,PC,3h 30m
10306,Completionists,PC,3h 30m
10306,Completionists,PC,3h 30m
10306,Completionists,PC,3h 30m
10306,Completionists,PC,3h 30m
10306,Completionists,PC,3h 30m
10306,Completionists,PC,3h 30m
10306,Completionists,PC,3h 30m
10306,Completionists,PC,3h 30m
10306,Completionists,PC,3h 30m
10306,Completionists,PC,3h 30m
10306,Completionists,PC,3h 30m
10306,Completionists,PC,3h 30m
10306,Completionists,PC,3h 30m
10306,Completionists,PC,3h 30m
10306,Completionists,PC,3h 30m
10306,Completionists,PC,3h 30m
10306,Completionists,PC,3h 30m
10306,Completionists,PC,3h 30m
10306,Completionists,PlayStation 3,3h 30m
10306,Completionists,PlayStation Vita,3h 30m
10306,Completionists,PC,3h 30m
10306,Completionists,Mac,3h 30m
10306,Completionists,PC,3h 30m
10306,Completionists,PC,3h 30m
10306,Completionists,PC,3h 30m
10306,Completionists,PC,3h 31m
10306,Completionists,PlayStation 4,3h 32m
10306,Completionists,PC,3h 33m
10306,Completionists,PC,3h 35m
10306,Completionists,PC,3h 35m
10306,Completionists,PC,3h 35m
10306,Completionists,PC,3h 35m
10306,Completionists,PC,3h 35m
10306,Completionists,PC,3h 35m
10306,Completionists,PC,3h 35m
10306,Completionists,PC,3h 36m
10306,Completionists,PC,3h 36m
10306,Completionists,PC,3h 36m
10306,Completionists,PC,3h 36m
10306,Completionists,PC,3h 37m
10306,Completionists,PC,3h 38m
10306,Completionists,PlayStation 3,3h 39m
10306,Completionists,PC,3h 39m
10306,Completionists,PC,3h 40m
10306,Completionists,PC,3h 40m
10306,Completionists,PC,3h 40m
10306,Completionists,PC,3h 40m
10306,Completionists,PC,3h 40m
10306,Completionists,PC,3h 40m
10306,Completionists,PC,3h 40m
10306,Completionists,PC,3h 40m
10306,Completionists,Xbox One,3h 40m
10306,Completionists,PlayStation 3,3h 40m
10306,Completionists,Wii U,3h 41m
10306,Completionists,PlayStation 4,3h 41m
10306,Completionists,PlayStation Vita,3h 41m
10306,Completionists,PC,3h 42m
10306,Completionists,PC,3h 42m
10306,Completionists,PC,3h 42m
10306,Completionists,PC,3h 42m
10306,Completionists,PC,3h 42m
10306,Completionists,PC,3h 43m
10306,Completionists,PC,3h 45m
10306,Completionists,PC,3h 45m
10306,Completionists,NA,3h 45m
10306,Completionists,PlayStation 4,3h 45m
10306,Completionists,PC,3h 45m
10306,Completionists,PC,3h 47m
10306,Completionists,PC,3h 48m
10306,Completionists,Xbox One,3h 48m
10306,Completionists,PC,3h 48m
10306,Completionists,PC,3h 48m
10306,Completionists,PC,3h 48m
10306,Completionists,PC,3h 49m
10306,Completionists,PC,3h 50m
10306,Completionists,PC,3h 50m
10306,Completionists,PlayStation Vita,3h 50m
10306,Completionists,PC,3h 50m
10306,Completionists,PC,3h 50m
10306,Completionists,PlayStation Vita,3h 50m
10306,Completionists,PC,3h 50m
10306,Completionists,PC,3h 50m
10306,Completionists,Xbox One,3h 51m
10306,Completionists,Xbox One,3h 51m
10306,Completionists,PC,3h 53m
10306,Completionists,PC,3h 55m
10306,Completionists,PC,3h 55m
10306,Completionists,PC,3h 55m
10306,Completionists,Xbox One,3h 56m
10306,Completionists,PC,3h 56m
10306,Completionists,PC,3h 56m
10306,Completionists,PC,3h 57m
10306,Completionists,PC,3h 58m
10306,Completionists,PC,3h 58m
10306,Completionists,PC,3h 59m
10306,Completionists,NA,4h
10306,Completionists,NA,4h
10306,Completionists,PC,4h
10306,Completionists,PC,4h
10306,Completionists,PC,4h
10306,Completionists,PC,4h
10306,Completionists,PC,4h
10306,Completionists,PC,4h
10306,Completionists,Mac,4h
10306,Completionists,PC,4h
10306,Completionists,PC,4h
10306,Completionists,PC,4h
10306,Completionists,PC,4h
10306,Completionists,PC,4h
10306,Completionists,PC,4h
10306,Completionists,PC,4h
10306,Completionists,PC,4h
10306,Completionists,PC,4h
10306,Completionists,PlayStation Vita,4h
10306,Completionists,PlayStation Vita,4h
10306,Completionists,PC,4h
10306,Completionists,PC,4h
10306,Completionists,PlayStation 4,4h
10306,Completionists,PC,4h
10306,Completionists,PC,4h
10306,Completionists,PlayStation 3,4h
10306,Completionists,PC,4h
10306,Completionists,PC,4h
10306,Completionists,PC,4h
10306,Completionists,PC,4h
10306,Completionists,PC,4h
10306,Completionists,PC,4h
10306,Completionists,Linux,4h
10306,Completionists,PC,4h
10306,Completionists,PC,4h
10306,Completionists,PC,4h
10306,Completionists,PlayStation 4,4h
10306,Completionists,PC,4h
10306,Completionists,PC,4h
10306,Completionists,PC,4h
10306,Completionists,PlayStation 3,4h
10306,Completionists,PlayStation 4,4h
10306,Completionists,PC,4h
10306,Completionists,PC,4h
10306,Completionists,PC,4h
10306,Completionists,PC,4h
10306,Completionists,PC,4h
10306,Completionists,PC,4h
10306,Completionists,PC,4h
10306,Completionists,PC,4h
10306,Completionists,PC,4h
10306,Completionists,PlayStation 4,4h
10306,Completionists,Xbox One,4h
10306,Completionists,PC,4h
10306,Completionists,PC,4h
10306,Completionists,PC,4h
10306,Completionists,PlayStation Vita,4h
10306,Completionists,PC,4h
10306,Completionists,PC,4h
10306,Completionists,Xbox One,4h
10306,Completionists,PC,4h
10306,Completionists,PC,4h
10306,Completionists,PC,4h
10306,Completionists,PC,4h
10306,Completionists,PC,4h
10306,Completionists,PC,4h
10306,Completionists,Mac,4h
10306,Completionists,PlayStation 4,4h
10306,Completionists,PC,4h
10306,Completionists,PC,4h
10306,Completionists,PC,4h
10306,Completionists,PC,4h
10306,Completionists,PC,4h
10306,Completionists,PC,4h
10306,Completionists,PC,4h
10306,Completionists,PlayStation 3,4h
10306,Completionists,PC,4h
10306,Completionists,PC,4h
10306,Completionists,PC,4h
10306,Completionists,PlayStation 3,4h
10306,Completionists,Mac,4h
10306,Completionists,PlayStation Vita,4h
10306,Completionists,PC,4h
10306,Completionists,PC,4h
10306,Completionists,PC,4h
10306,Completionists,PC,4h
10306,Completionists,PC,4h
10306,Completionists,PC,4h
10306,Completionists,PlayStation 3,4h
10306,Completionists,PC,4h
10306,Completionists,PC,4h 01m
10306,Completionists,PC,4h 05m
10306,Completionists,PlayStation Vita,4h 05m
10306,Completionists,PC,4h 05m
10306,Completionists,PC,4h 05m
10306,Completionists,PC,4h 05m
10306,Completionists,Xbox One,4h 06m
10306,Completionists,PC,4h 06m
10306,Completionists,PC,4h 06m
10306,Completionists,PC,4h 06m
10306,Completionists,PC,4h 06m
10306,Completionists,PC,4h 06m
10306,Completionists,PC,4h 08m
10306,Completionists,PC,4h 10m
10306,Completionists,PC,4h 10m
10306,Completionists,PC,4h 10m
10306,Completionists,Wii U,4h 11m
10306,Completionists,PC,4h 11m
10306,Completionists,PC,4h 12m
10306,Completionists,PC,4h 12m
10306,Completionists,PC,4h 12m
10306,Completionists,PC,4h 12m
10306,Completionists,PlayStation 3,4h 15m
10306,Completionists,PC,4h 15m
10306,Completionists,PlayStation 3,4h 15m
10306,Completionists,PC,4h 15m
10306,Completionists,PC,4h 15m
10306,Completionists,PlayStation Vita,4h 15m
10306,Completionists,PC,4h 15m
10306,Completionists,PC,4h 15m
10306,Completionists,PlayStation Vita,4h 15m
10306,Completionists,PlayStation 4,4h 17m
10306,Completionists,PC,4h 18m
10306,Completionists,PC,4h 18m
10306,Completionists,PC,4h 18m
10306,Completionists,PC,4h 20m
10306,Completionists,PC,4h 20m
10306,Completionists,PC,4h 20m
10306,Completionists,PC,4h 20m
10306,Completionists,NA,4h 24m
10306,Completionists,PlayStation Vita,4h 25m
10306,Completionists,PC,4h 25m
10306,Completionists,PlayStation Vita,4h 25m
10306,Completionists,PC,4h 26m
10306,Completionists,PlayStation Vita,4h 30m
10306,Completionists,PC,4h 30m
10306,Completionists,PlayStation Vita,4h 30m
10306,Completionists,PC,4h 30m
10306,Completionists,PC,4h 30m
10306,Completionists,PC,4h 30m
10306,Completionists,PC,4h 30m
10306,Completionists,PC,4h 30m
10306,Completionists,Mac,4h 35m
10306,Completionists,PlayStation Vita,4h 35m
10306,Completionists,Xbox One,4h 36m
10306,Completionists,Xbox One,4h 36m
10306,Completionists,PC,4h 36m
10306,Completionists,PC,4h 36m
10306,Completionists,PlayStation 3,4h 37m
10306,Completionists,Xbox One,4h 37m
10306,Completionists,Xbox One,4h 40m
10306,Completionists,PC,4h 41m
10306,Completionists,PC,4h 42m
10306,Completionists,PC,4h 42m
10306,Completionists,PC,4h 42m
10306,Completionists,PC,4h 42m
10306,Completionists,PC,4h 42m
10306,Completionists,PC,4h 43m
10306,Completionists,PC,4h 45m
10306,Completionists,Xbox One,4h 45m
10306,Completionists,PC,4h 45m
10306,Completionists,PC,4h 45m
10306,Completionists,PC,4h 48m
10306,Completionists,PC,4h 49m
10306,Completionists,PC,4h 50m
10306,Completionists,PC,4h 50m
10306,Completionists,Linux,4h 50m
10306,Completionists,PC,4h 50m
10306,Completionists,PC,4h 51m
10306,Completionists,PC,4h 51m
10306,Completionists,PC,4h 53m
10306,Completionists,PC,4h 53m
10306,Completionists,PC,4h 59m
10306,Completionists,Mac,5h
10306,Completionists,PC,5h
10306,Completionists,PC,5h
10306,Completionists,PC,5h
10306,Completionists,PC,5h
10306,Completionists,Xbox One,5h
10306,Completionists,PC,5h
10306,Completionists,PC,5h
10306,Completionists,PC,5h
10306,Completionists,PC,5h
10306,Completionists,PC,5h
10306,Completionists,PlayStation Vita,5h
10306,Completionists,PC,5h
10306,Completionists,PC,5h
10306,Completionists,PC,5h
10306,Completionists,PC,5h
10306,Completionists,PC,5h
10306,Completionists,PC,5h
10306,Completionists,PC,5h
10306,Completionists,PC,5h
10306,Completionists,PC,5h
10306,Completionists,PC,5h
10306,Completionists,PlayStation Vita,5h
10306,Completionists,PC,5h
10306,Completionists,PlayStation Vita,5h
10306,Completionists,PlayStation Vita,5h
10306,Completionists,PC,5h
10306,Completionists,PC,5h
10306,Completionists,PC,5h
10306,Completionists,Xbox One,5h
10306,Completionists,PC,5h
10306,Completionists,PC,5h
10306,Completionists,PC,5h
10306,Completionists,Xbox One,5h
10306,Completionists,PC,5h
10306,Completionists,PC,5h
10306,Completionists,Mac,5h 01m
10306,Completionists,Xbox One,5h 04m
10306,Completionists,Xbox One,5h 05m
10306,Completionists,PC,5h 06m
10306,Completionists,PlayStation 3,5h 07m
10306,Completionists,PC,5h 12m
10306,Completionists,PC,5h 12m
10306,Completionists,Xbox One,5h 15m
10306,Completionists,PC,5h 18m
10306,Completionists,PC,5h 18m
10306,Completionists,PC,5h 20m
10306,Completionists,PC,5h 20m
10306,Completionists,PlayStation Vita,5h 20m
10306,Completionists,PlayStation Vita,5h 23m
10306,Completionists,PC,5h 25m
10306,Completionists,PC,5h 27m
10306,Completionists,PC,5h 28m
10306,Completionists,PC,5h 30m
10306,Completionists,PC,5h 30m
10306,Completionists,PC,5h 30m
10306,Completionists,PC,5h 30m
10306,Completionists,PC,5h 30m
10306,Completionists,PC,5h 33m
10306,Completionists,PC,5h 36m
10306,Completionists,PC,5h 36m
10306,Completionists,PC,5h 36m
10306,Completionists,PC,5h 39m
10306,Completionists,PC,5h 40m
10306,Completionists,PlayStation 4,5h 45m
10306,Completionists,PC,5h 45m
10306,Completionists,PC,5h 46m
10306,Completionists,PC,5h 54m
10306,Completionists,Wii U,5h 58m
10306,Completionists,PC,6h
10306,Completionists,PC,6h
10306,Completionists,PC,6h
10306,Completionists,PC,6h
10306,Completionists,PC,6h
10306,Completionists,PC,6h
10306,Completionists,PC,6h
10306,Completionists,PC,6h
10306,Completionists,PC,6h
10306,Completionists,PC,6h
10306,Completionists,PC,6h
10306,Completionists,PC,6h 12m
10306,Completionists,Xbox One,6h 12m
10306,Completionists,PC,6h 15m
10306,Completionists,PC,6h 24m
10306,Completionists,PC,6h 24m
10306,Completionists,PC,6h 32m
10306,Completionists,Xbox One,6h 32m
10306,Completionists,PC,6h 32m
10306,Completionists,PC,6h 46m
10306,Completionists,PC,6h 54m
10306,Completionists,PC,7h
10306,Completionists,PC,7h
10306,Completionists,PlayStation Vita,7h
10306,Completionists,PC,7h
10306,Completionists,PC,7h
10306,Completionists,PC,7h
10306,Completionists,PC,7h 07m
10306,Completionists,PC,7h 25m
10306,Completionists,Xbox One,7h 36m
10306,Completionists,Xbox One,7h 36m
10306,Completionists,PC,7h 50m
10306,Completionists,PC,8h
10306,Completionists,PC,8h 19m
10306,Completionists,PC,9h
10306,Completionists,PC,9h
10306,Completionists,PC,9h
10306,Completionists,PC,10h
10306,Completionists,PC,10h
10306,Completionists,PC,10h 10m
10306,Completionists,PC,11h 07m
10306,Completionists,PC,12h
10306,Completionists,PC,15h 05m
10306,Speed Run - Any%,PC,30m
10306,Speed Run - 100%,PC,33m
10306,Speed Run - 100%,PC,2h
