id,type,platform,time
10300,Main Story,PC,7h
10300,Main Story,PC,8h 04m
10300,Main Story,PC,8h 47m
10300,Main Story,PC,11h 37m
10300,Main Story,PC,13h
10300,Main Story,PC,13h
10300,Main Story,PC,13h 30m
10300,Main Story,PC,15h
10300,Main Story,PC,15h
10300,Main Story,PC,18h
10300,Main Story,PC,20h
10300,Main + Extras,NA,12h
10300,Main + Extras,PC,14h
10300,Main + Extras,PC,25h 50m
10300,Main + Extras,PC,31h 15m
10300,Completionists,PC,20h
10300,Completionists,PC,34h 12m
10300,Completionists,PC,34h 30m
