id,type,platform,time
10303,Main Story,Browser,06m
10303,Main Story,PC,08m
10303,Main Story,PC,09m
10303,Main Story,PC,10m
10303,Main Story,Browser,10m
10303,Main Story,Browser,10m
10303,Main Story,Browser,11m
10303,Main Story,Browser,12m
10303,Main Story,NA,15m
10303,Main Story,PC,19m
10303,Main Story,Browser,23m
10303,Main Story,Browser,6h 54m
10303,Main + Extras,Browser,40m
10303,Completionists,Browser,10m
10303,Completionists,Browser,10m
10303,Completionists,Browser,10m
10303,Completionists,Browser,12m
10303,Completionists,Browser,17m
10303,Completionists,PC,45m
