id,type,platform,time
10310,Main Story,PlayStation,8h
10310,Main Story,PlayStation,8h
10310,Main Story,PlayStation,8h 50m
10310,Main Story,PlayStation,10h 53m
10310,Main Story,PlayStation,12h 30m
10310,Main Story,PlayStation 3,14h 41m
10310,Main Story,PlayStation,15h 01m
10310,Main Story,PlayStation,15h 43m
10310,Main Story,PlayStation,18h
10310,Main Story,PlayStation,18h 10m
10310,Main Story,PlayStation,19h
10310,Main Story,PlayStation,20h
10310,Main + Extras,PlayStation,9h 10m
10310,Main + Extras,PlayStation,18h 52m
10310,Main + Extras,PlayStation Vita,22h
10310,Main + Extras,PlayStation,24h 51m
10310,Main + Extras,PlayStation,25h
10310,Main + Extras,PlayStation,25h
10310,Main + Extras,PlayStation,25h
10310,Main + Extras,PlayStation,25h
10310,Main + Extras,PlayStation,26h
10310,Completionists,PlayStation,40h 28m
10310,Speed Run - Any%,PlayStation 3,3h 24m
10310,Speed Run - Any%,PlayStation,14h
