id,type,platform,time
10322,Main Story,Sega Mega Drive/Genesis,45m
10322,Main Story,Nintendo Switch,1h
10322,Main Story,Sega Mega Drive/Genesis,1h
10322,Main Story,Sega Mega Drive/Genesis,1h
10322,Main Story,Sega Mega Drive/Genesis,1h 10m
10322,Main Story,Sega Mega Drive/Genesis,1h 10m
10322,Main Story,Sega Mega Drive/Genesis,1h 20m
10322,Main Story,Sega Mega Drive/Genesis,1h 34m
10322,Main Story,Sega Mega Drive/Genesis,1h 44m
10322,Main Story,Sega Mega Drive/Genesis,2h 30m
10322,Main + Extras,Sega Mega Drive/Genesis,1h 23m
10322,Completionists,Sega Mega Drive/Genesis,45m
