id,type,platform,time
10321,Main Story,Sega Mega Drive/Genesis,31m
10321,Main Story,Sega Mega Drive/Genesis,35m
10321,Main Story,Super Nintendo,38m
10321,Main Story,Sega Mega Drive/Genesis,40m
10321,Main Story,Sega Mega Drive/Genesis,41m
10321,Main Story,Sega Mega Drive/Genesis,43m
10321,Main Story,Sega Mega Drive/Genesis,45m
10321,Main Story,Sega Mega Drive/Genesis,45m
10321,Main Story,Super Nintendo,1h 13m
10321,Main Story,Super Nintendo,4h
10321,Main + Extras,Sega Mega Drive/Genesis,45m
