id,type,platform,time
10330,Main Story,PC,07m
10330,Main Story,PC,10m
10330,Main Story,PC,10m
10330,Main Story,PC,10m
10330,Main Story,PC,11m
10330,Main Story,PC,13m
10330,Main Story,PC,14m
10330,Main Story,PC,21m
10330,Main Story,PC,24m
10330,Main Story,PC,25m
10330,Main Story,PC,30m
10330,Main Story,PC,30m
10330,Main Story,PC,32m
10330,Main Story,PC,36m
10330,Main Story,PC,48m
10330,Main Story,PC,1h
10330,Main Story,PC,1h 13m
10330,Main Story,PC,2h
10330,Main + Extras,PC,45m
10330,Main + Extras,PC,49m
10330,Main + Extras,PC,1h
10330,Main + Extras,PC,6h 04m
10330,Main + Extras,PC,7h
10330,Completionists,PC,2h
10330,Completionists,PC,13h
