id,type,platform,time
10349,Main Story,NA,2h
10349,Main Story,PC,2h
10349,Main Story,PC,2h 20m
10349,Main Story,PC,2h 51m
10349,Main Story,PC,3h
10349,Main Story,PC,3h
10349,Main Story,PC,3h 20m
10349,Main Story,PC,3h 30m
10349,Main Story,PC,3h 40m
10349,Main Story,NA,4h
10349,Main Story,PC,4h
10349,Main Story,PC,4h
10349,Main Story,PC,4h
10349,Main Story,PC,4h 21m
10349,Main Story,PC,4h 30m
10349,Main Story,PC,4h 35m
10349,Main Story,PC,4h 39m
10349,Main Story,NA,4h 50m
10349,Main Story,PC,5h
10349,Main Story,PC,5h
10349,Main Story,PC,5h
10349,Main Story,PC,5h
10349,Main Story,PC,5h
10349,Main Story,PC,5h
10349,Main Story,PC,5h 18m
10349,Main Story,PC,5h 40m
10349,Main Story,PC,5h 44m
10349,Main Story,PC,5h 48m
10349,Main Story,PC,6h
10349,Main Story,PC,6h 15m
10349,Main Story,PC,6h 20m
10349,Main Story,PC,6h 45m
10349,Main Story,PC,7h
10349,Main Story,PC,7h
10349,Main Story,PC,7h
10349,Main Story,PC,7h
10349,Main Story,PC,7h
10349,Main Story,PC,7h 06m
10349,Main Story,PC,7h 18m
10349,Main Story,PC,7h 30m
10349,Main Story,PC,7h 45m
10349,Main Story,PC,7h 50m
10349,Main Story,PC,8h 09m
10349,Main Story,PC,8h 18m
10349,Main Story,PC,8h 30m
10349,Main Story,PC,8h 30m
10349,Main Story,PC,8h 50m
10349,Main Story,PC,9h
10349,Main + Extras,PC,2h 50m
10349,Main + Extras,PC,5h 28m
10349,Main + Extras,PC,5h 29m
10349,Main + Extras,PC,5h 36m
10349,Main + Extras,PC,6h 55m
10349,Main + Extras,PC,8h
10349,Main + Extras,PC,9h
10349,Completionists,PC,3h 16m
10349,Completionists,PC,4h
10349,Completionists,PC,4h 02m
10349,Completionists,PC,4h 42m
10349,Completionists,NA,5h
10349,Completionists,NA,5h
10349,Completionists,PC,5h 10m
10349,Completionists,PC,5h 30m
10349,Completionists,PC,5h 40m
10349,Completionists,PC,5h 48m
10349,Completionists,PC,6h
10349,Completionists,NA,8h
10349,Completionists,PC,8h 58m
10349,Completionists,PC,10h
10349,Completionists,PC,10h
10349,Speed Run - 100%,PC,2h 30m
