id,type,platform,time
10341,Main Story,PlayStation,15m
10341,Main Story,PlayStation,27m
10341,Main Story,PlayStation,50m
10341,Main Story,PlayStation,1h 25m
10341,Main Story,PlayStation,2h
10341,Main Story,PlayStation,2h
10341,Main Story,PlayStation,2h
10341,Main Story,Sega Saturn,2h
10341,Main Story,PlayStation,2h 30m
10341,Main Story,PlayStation,6h
10341,Main + Extras,PlayStation,2h
10341,Main + Extras,PlayStation,2h
10341,Completionists,PlayStation,1h 30m
10341,Completionists,PlayStation,2h
10341,Completionists,PlayStation,2h 40m
10341,Completionists,PlayStation,5h
