id,type,platform,time
10350,Main Story,Nintendo DS,4h 51m
10350,Main Story,Nintendo DS,5h 05m
10350,Main Story,Nintendo 3DS,5h 23m
10350,Main Story,Nintendo DS,5h 36m
10350,Main Story,Nintendo DS,5h 47m
10350,Main Story,NA,6h
10350,Main Story,Nintendo DS,6h
10350,Main Story,Nintendo DS,6h
10350,Main Story,Nintendo DS,6h
10350,Main Story,Nintendo DS,6h 10m
10350,Main Story,Nintendo DS,6h 27m
10350,Main Story,Nintendo DS,6h 30m
10350,Main Story,Nintendo DS,6h 30m
10350,Main Story,Nintendo DS,6h 30m
10350,Main Story,Nintendo DS,6h 36m
10350,Main Story,Nintendo DS,7h
10350,Main Story,Nintendo 3DS,7h
10350,Main Story,Nintendo DS,7h
10350,Main Story,Nintendo DS,7h
10350,Main Story,Nintendo DS,7h
10350,Main Story,Nintendo DS,10h
10350,Main + Extras,Nintendo DS,5h 43m
10350,Main + Extras,Nintendo DS,5h 59m
10350,Main + Extras,Nintendo DS,7h
10350,Main + Extras,Emulated,7h
10350,Main + Extras,Nintendo DS,7h 10m
10350,Completionists,Nintendo DS,7h 10m
10350,Completionists,Nintendo DS,8h 35m
10350,Completionists,Nintendo DS,13h 27m
10350,Completionists,Nintendo DS,23h
10350,Completionists,Nintendo DS,23h
