id,type,platform,time
10362,Main Story,PlayStation 2,38m
10362,Main Story,PlayStation 2,38m
10362,Main Story,PlayStation 2,40m
10362,Main Story,PlayStation 2,42m
10362,Main Story,PlayStation 2,50m
10362,Main Story,PlayStation 2,1h
10362,Main Story,PlayStation 2,1h 19m
10362,Main Story,PlayStation 2,1h 20m
10362,Main Story,PlayStation 2,1h 20m
10362,Main Story,PlayStation 2,1h 35m
10362,Main Story,PlayStation 2,1h 50m
10362,Main Story,PlayStation 2,1h 51m
10362,Main Story,NA,2h
10362,Main Story,PlayStation 2,2h
10362,Main Story,PlayStation 2,2h
10362,Main Story,PlayStation 2,2h
10362,Main Story,PlayStation 2,3h 55m
10362,Main + Extras,PlayStation 2,1h 55m
10362,Main + Extras,PlayStation 2,8h 45m
10362,Main + Extras,PlayStation 2,12h 43m
