id,type,platform,time
10363,Main Story,PlayStation 2,3h 27m
10363,Main Story,Xbox,5h 05m
10363,Main Story,PlayStation 2,5h 50m
10363,Main Story,PlayStation 2,6h 17m
10363,Main Story,PlayStation 2,8h
10363,Main Story,PlayStation 2,9h
10363,Main Story,Nintendo GameCube,9h
10363,Main Story,PlayStation 2,9h 30m
10363,Main Story,Xbox,10h
10363,Main Story,Nintendo GameCube,12h
10363,Main Story,Nintendo GameCube,12h
10363,Main Story,PlayStation 2,12h
10363,Main Story,PlayStation 2,12h 20m
10363,Main Story,Xbox,12h 30m
10363,Main Story,PlayStation 2,13h 20m
10363,Main Story,PlayStation 2,15h 11m
10363,Main Story,Nintendo GameCube,20h
10363,Main Story,Nintendo GameCube,20h
10363,Main Story,Nintendo GameCube,20h
10363,Main Story,PlayStation 2,22h
10363,Main + Extras,PlayStation 2,8h
10363,Main + Extras,PlayStation 2,9h 40m
10363,Main + Extras,PlayStation 2,12h
10363,Main + Extras,Nintendo GameCube,15h 20m
10363,Main + Extras,PlayStation 2,18h
10363,Main + Extras,Xbox,20h
10363,Main + Extras,PlayStation 2,30h
10363,Main + Extras,Nintendo GameCube,30h
10363,Main + Extras,Nintendo GameCube,30h
10363,Main + Extras,Nintendo GameCube,35h
10363,Main + Extras,Nintendo GameCube,37h
10363,Main + Extras,Nintendo GameCube,40h
10363,Completionists,Xbox,25h
10363,Completionists,PlayStation 2,25h
10363,Completionists,NA,30h
10363,Completionists,Nintendo GameCube,30h 37m
10363,Completionists,NA,50h
10363,Completionists,Xbox,50h
10363,Completionists,Nintendo GameCube,59h 45m
10363,Co-Op Multiplayer,Nintendo GameCube,7h
10363,Co-Op Multiplayer,Nintendo GameCube,10h
10363,Co-Op Multiplayer,Nintendo GameCube,10h
10363,Co-Op Multiplayer,Nintendo GameCube,30h
