id,type,platform,time
10367,Main Story,PC,1h 21m
10367,Main Story,PC,1h 22m
10367,Main Story,PC,1h 25m
10367,Main Story,PC,1h 30m
10367,Main Story,PC,1h 30m
10367,Main Story,PC,1h 37m
10367,Main Story,PC,1h 38m
10367,Main Story,PC,1h 40m
10367,Main Story,PC,1h 40m
10367,Main Story,PC,1h 40m
10367,Main Story,PC,1h 40m
10367,Main Story,PC,1h 42m
10367,Main Story,PC,1h 42m
10367,Main Story,NA,1h 43m
10367,Main Story,PC,1h 45m
10367,Main Story,PC,1h 47m
10367,Main Story,PC,1h 50m
10367,Main Story,PC,1h 50m
10367,Main Story,PC,1h 50m
10367,Main Story,PC,1h 50m
10367,Main Story,PC,1h 50m
10367,Main Story,PC,1h 51m
10367,Main Story,PC,1h 51m
10367,Main Story,Mac,1h 52m
10367,Main Story,PC,1h 52m
10367,Main Story,PC,1h 52m
10367,Main Story,PC,1h 53m
10367,Main Story,PC,1h 55m
10367,Main Story,PC,1h 56m
10367,Main Story,PC,1h 57m
10367,Main Story,PC,1h 58m
10367,Main Story,PC,1h 58m
10367,Main Story,PC,2h
10367,Main Story,PC,2h
10367,Main Story,PC,2h
10367,Main Story,PC,2h
10367,Main Story,PC,2h
10367,Main Story,PC,2h
10367,Main Story,PC,2h
10367,Main Story,PC,2h
10367,Main Story,PC,2h
10367,Main Story,PC,2h
10367,Main Story,PC,2h
10367,Main Story,PC,2h
10367,Main Story,PC,2h
10367,Main Story,PC,2h
10367,Main Story,PC,2h
10367,Main Story,PC,2h
10367,Main Story,PC,2h
10367,Main Story,PC,2h
10367,Main Story,PC,2h
10367,Main Story,PC,2h
10367,Main Story,PC,2h
10367,Main Story,PC,2h
10367,Main Story,PC,2h
10367,Main Story,PC,2h
10367,Main Story,PC,2h
10367,Main Story,PC,2h
10367,Main Story,PC,2h
10367,Main Story,PC,2h
10367,Main Story,PC,2h 02m
10367,Main Story,PC,2h 05m
10367,Main Story,PC,2h 06m
10367,Main Story,Mac,2h 07m
10367,Main Story,PC,2h 10m
10367,Main Story,PC,2h 10m
10367,Main Story,PC,2h 10m
10367,Main Story,PC,2h 10m
10367,Main Story,PC,2h 10m
10367,Main Story,PC,2h 12m
10367,Main Story,PC,2h 13m
10367,Main Story,PC,2h 15m
10367,Main Story,PC,2h 15m
10367,Main Story,PC,2h 15m
10367,Main Story,PC,2h 17m
10367,Main Story,PC,2h 18m
10367,Main Story,PC,2h 18m
10367,Main Story,PC,2h 18m
10367,Main Story,PC,2h 18m
10367,Main Story,PC,2h 18m
10367,Main Story,PC,2h 19m
10367,Main Story,PC,2h 20m
10367,Main Story,PC,2h 20m
10367,Main Story,PC,2h 23m
10367,Main Story,PC,2h 24m
10367,Main Story,PC,2h 24m
10367,Main Story,Linux,2h 24m
10367,Main Story,PC,2h 24m
10367,Main Story,PC,2h 28m
10367,Main Story,PC,2h 29m
10367,Main Story,PC,2h 30m
10367,Main Story,PC,2h 30m
10367,Main Story,PC,2h 30m
10367,Main Story,PC,2h 30m
10367,Main Story,PC,2h 30m
10367,Main Story,PC,2h 30m
10367,Main Story,PC,2h 30m
10367,Main Story,PC,2h 30m
10367,Main Story,PC,2h 30m
10367,Main Story,PC,2h 30m
10367,Main Story,PC,2h 30m
10367,Main Story,PC,2h 30m
10367,Main Story,PC,2h 30m
10367,Main Story,PC,2h 30m
10367,Main Story,PC,2h 30m
10367,Main Story,PC,2h 35m
10367,Main Story,PC,2h 36m
10367,Main Story,PC,2h 40m
10367,Main Story,PC,2h 40m
10367,Main Story,PC,2h 41m
10367,Main Story,PC,2h 42m
10367,Main Story,PC,2h 42m
10367,Main Story,PC,2h 45m
10367,Main Story,PC,2h 45m
10367,Main Story,PC,2h 45m
10367,Main Story,PC,2h 45m
10367,Main Story,PC,2h 46m
10367,Main Story,PC,2h 48m
10367,Main Story,PC,2h 48m
10367,Main Story,PC,2h 48m
10367,Main Story,PC,2h 50m
10367,Main Story,PC,2h 50m
10367,Main Story,PC,2h 54m
10367,Main Story,PC,2h 55m
10367,Main Story,Linux,2h 56m
10367,Main Story,PC,3h
10367,Main Story,PC,3h
10367,Main Story,NA,3h
10367,Main Story,NA,3h
10367,Main Story,PC,3h
10367,Main Story,PC,3h
10367,Main Story,PC,3h
10367,Main Story,PC,3h
10367,Main Story,PC,3h
10367,Main Story,NA,3h
10367,Main Story,PC,3h
10367,Main Story,PC,3h
10367,Main Story,PC,3h
10367,Main Story,PC,3h
10367,Main Story,PC,3h
10367,Main Story,PC,3h
10367,Main Story,PC,3h
10367,Main Story,PC,3h
10367,Main Story,PC,3h
10367,Main Story,PC,3h
10367,Main Story,PC,3h
10367,Main Story,PC,3h
10367,Main Story,PC,3h
10367,Main Story,PC,3h
10367,Main Story,PC,3h
10367,Main Story,PC,3h
10367,Main Story,PC,3h
10367,Main Story,PC,3h 06m
10367,Main Story,PC,3h 06m
10367,Main Story,PC,3h 10m
10367,Main Story,PC,3h 10m
10367,Main Story,PC,3h 17m
10367,Main Story,PC,3h 20m
10367,Main Story,PC,3h 24m
10367,Main Story,PC,3h 24m
10367,Main Story,PC,3h 30m
10367,Main Story,PC,3h 30m
10367,Main Story,PC,3h 40m
10367,Main Story,PC,3h 50m
10367,Main Story,PC,4h
10367,Main Story,PC,4h
10367,Main Story,PC,4h
10367,Main Story,PC,4h
10367,Main Story,PC,4h
10367,Main Story,PC,4h 05m
10367,Main Story,PC,4h 20m
10367,Main Story,PC,4h 25m
10367,Main Story,PC,4h 29m
10367,Main Story,PC,4h 40m
10367,Main Story,PC,5h
10367,Main Story,PC,5h 04m
10367,Main Story,PC,5h 48m
10367,Main Story,PC,6h
10367,Main + Extras,PC,1h 40m
10367,Main + Extras,PC,1h 49m
10367,Main + Extras,PC,2h 18m
10367,Main + Extras,PC,2h 25m
10367,Main + Extras,PC,2h 30m
10367,Main + Extras,PC,2h 45m
10367,Main + Extras,PC,2h 45m
10367,Main + Extras,PC,2h 48m
10367,Main + Extras,PC,2h 58m
10367,Main + Extras,PC,3h
10367,Main + Extras,PC,3h
10367,Main + Extras,PC,3h
10367,Main + Extras,PC,3h
10367,Main + Extras,PC,3h
10367,Main + Extras,PC,3h
10367,Main + Extras,PC,3h
10367,Main + Extras,PC,3h 02m
10367,Main + Extras,PC,3h 03m
10367,Main + Extras,NA,3h 20m
10367,Main + Extras,PC,3h 24m
10367,Main + Extras,PC,3h 30m
10367,Main + Extras,PC,3h 30m
10367,Main + Extras,PC,3h 30m
10367,Main + Extras,PC,3h 30m
10367,Main + Extras,PC,3h 30m
10367,Main + Extras,PC,3h 30m
10367,Main + Extras,PC,3h 36m
10367,Main + Extras,PC,3h 37m
10367,Main + Extras,PC,3h 40m
10367,Main + Extras,PC,3h 42m
10367,Main + Extras,PC,3h 45m
10367,Main + Extras,PC,3h 48m
10367,Main + Extras,PC,3h 48m
10367,Main + Extras,PC,3h 48m
10367,Main + Extras,PC,3h 54m
10367,Main + Extras,Mac,4h
10367,Main + Extras,PC,4h
10367,Main + Extras,PC,4h
10367,Main + Extras,PC,4h
10367,Main + Extras,PC,4h
10367,Main + Extras,PC,4h 05m
10367,Main + Extras,PC,4h 12m
10367,Main + Extras,PC,4h 24m
10367,Main + Extras,Linux,4h 27m
10367,Main + Extras,PC,4h 39m
10367,Main + Extras,PC,4h 45m
10367,Main + Extras,PC,5h
10367,Main + Extras,PC,5h
10367,Main + Extras,PC,5h
10367,Main + Extras,PC,5h 08m
10367,Main + Extras,PC,5h 25m
10367,Main + Extras,PC,6h
10367,Main + Extras,PC,7h
10367,Main + Extras,PC,7h 54m
10367,Main + Extras,PC,8h
10367,Completionists,PC,8h
10367,Completionists,PC,9h
10367,Completionists,PC,9h
10367,Completionists,PC,10h 18m
10367,Completionists,PC,11h
10367,Completionists,PC,11h
10367,Completionists,PC,12h
10367,Completionists,PC,14h 42m
10367,Completionists,PC,16h
10367,Completionists,Linux,19h 19m
