id,type,platform,time
10361,Main Story,PC,4h
10361,Main Story,PC,4h 19m
10361,Main Story,PC,4h 48m
10361,Main Story,PC,5h
10361,Main Story,PC,5h
10361,Main Story,PC,5h 10m
10361,Main Story,PC,5h 30m
10361,Main Story,PC,5h 33m
10361,Main Story,PC,5h 47m
10361,Main Story,PC,6h
10361,Main Story,PC,6h
10361,Main Story,PC,6h
10361,Main Story,PC,6h 09m
10361,Main Story,PC,6h 30m
10361,Main Story,PC,6h 30m
10361,Main Story,PC,6h 31m
10361,Main Story,PC,6h 39m
10361,Main Story,PC,6h 40m
10361,Main Story,PC,6h 42m
10361,Main Story,Xbox 360,6h 42m
10361,Main Story,PC,7h
10361,Main Story,PC,7h
10361,Main Story,Xbox 360,7h
10361,Main Story,PlayStation 3,7h
10361,Main Story,PC,7h
10361,Main Story,PC,7h
10361,Main Story,PC,7h
10361,Main Story,PC,7h 12m
10361,Main Story,PC,7h 20m
10361,Main Story,PC,7h 30m
10361,Main Story,Xbox 360,7h 49m
10361,Main Story,Xbox 360,8h
10361,Main Story,PC,8h
10361,Main Story,PlayStation 3,8h
10361,Main Story,Xbox 360,8h
10361,Main Story,PC,8h
10361,Main Story,PC,8h
10361,Main Story,PC,8h
10361,Main Story,PC,8h
10361,Main Story,Xbox 360,8h
10361,Main Story,Xbox 360,8h 16m
10361,Main Story,PC,8h 18m
10361,Main Story,PC,8h 24m
10361,Main Story,PC,8h 25m
10361,Main Story,PC,8h 30m
10361,Main Story,PC,8h 30m
10361,Main Story,PC,8h 40m
10361,Main Story,Xbox 360,9h
10361,Main Story,Xbox 360,9h
10361,Main Story,PlayStation 3,9h
10361,Main Story,PC,9h
10361,Main Story,PC,9h
10361,Main Story,PC,9h
10361,Main Story,PC,9h
10361,Main Story,Xbox 360,9h
10361,Main Story,PC,9h
10361,Main Story,PC,9h
10361,Main Story,PC,9h
10361,Main Story,Xbox 360,9h 07m
10361,Main Story,PC,9h 20m
10361,Main Story,PC,9h 20m
10361,Main Story,Xbox 360,9h 43m
10361,Main Story,PC,9h 48m
10361,Main Story,PC,9h 52m
10361,Main Story,PlayStation 3,10h
10361,Main Story,PC,10h
10361,Main Story,PC,10h
10361,Main Story,PC,10h
10361,Main Story,Xbox 360,10h
10361,Main Story,PC,10h
10361,Main Story,Xbox 360,10h
10361,Main Story,Xbox 360,10h
10361,Main Story,PC,10h
10361,Main Story,Xbox 360,10h 13m
10361,Main Story,PC,10h 25m
10361,Main Story,PC,10h 26m
10361,Main Story,PlayStation 3,10h 52m
10361,Main Story,PlayStation 3,10h 54m
10361,Main Story,NA,11h
10361,Main Story,PC,11h 30m
10361,Main Story,PC,13h
10361,Main + Extras,PC,7h 10m
10361,Main + Extras,PC,7h 20m
10361,Main + Extras,PC,7h 30m
10361,Main + Extras,PC,8h
10361,Main + Extras,PC,9h
10361,Main + Extras,PC,9h
10361,Main + Extras,Xbox 360,10h
10361,Main + Extras,Xbox 360,10h
10361,Main + Extras,PC,12h
10361,Main + Extras,PC,12h
10361,Main + Extras,Xbox 360,15h
10361,Main + Extras,PC,24h
10361,Completionists,PC,8h
10361,Completionists,PC,8h 51m
10361,Completionists,PC,9h
10361,Completionists,PC,9h 30m
10361,Completionists,PC,9h 30m
10361,Completionists,PC,10h
10361,Completionists,PC,10h 55m
