id,type,platform,time
10364,Main Story,PlayStation 2,3h 09m
10364,Main Story,PlayStation 2,3h 52m
10364,Main Story,PlayStation 2,4h 27m
10364,Main Story,PlayStation 2,4h 47m
10364,Main Story,Xbox,4h 59m
10364,Main Story,Xbox,6h
10364,Main Story,PlayStation 2,6h
10364,Main Story,Nintendo GameCube,6h 24m
10364,Main Story,Xbox,6h 39m
10364,Main Story,Xbox,7h
10364,Main Story,PlayStation 2,8h
10364,Main Story,Nintendo GameCube,8h 20m
10364,Main Story,Xbox,8h 53m
10364,Main Story,NA,9h
10364,Main Story,Xbox,9h
10364,Main Story,PlayStation 2,9h
10364,Main Story,Nintendo GameCube,9h
10364,Main Story,Xbox,9h
10364,Main Story,PlayStation 2,9h
10364,Main Story,Nintendo GameCube,9h
10364,Main Story,Nintendo GameCube,9h
10364,Main Story,PlayStation 2,9h 11m
10364,Main Story,PlayStation 2,9h 33m
10364,Main Story,PlayStation 2,13h
10364,Main Story,Nintendo GameCube,14h
10364,Main Story,Nintendo GameCube,18h
10364,Main + Extras,PlayStation 2,9h
10364,Main + Extras,NA,13h 12m
10364,Main + Extras,PlayStation 2,14h
10364,Main + Extras,Nintendo GameCube,14h 37m
10364,Main + Extras,Xbox,15h
10364,Main + Extras,PlayStation 2,17h
10364,Main + Extras,Nintendo GameCube,20h
10364,Main + Extras,Nintendo GameCube,50h
10364,Completionists,Xbox,25h
10364,Completionists,PlayStation 2,25h
10364,Completionists,Nintendo GameCube,27h 04m
10364,Completionists,Nintendo GameCube,35h 04m
10364,Completionists,Nintendo GameCube,40h 18m
10364,Completionists,Xbox,42h 32m
10364,Completionists,Nintendo GameCube,45h
10364,Completionists,Nintendo GameCube,59h 55m
10364,Co-Op Multiplayer,Nintendo GameCube,35h
