id,type,platform,time
10379,Main Story,PC,11h 18m
10379,Main Story,PC,12h 49m
10379,Main Story,PC,14h 55m
10379,Main Story,PC,16h 50m
10379,Main Story,PC,17h 12m
10379,Main Story,PC,18h 35m
10379,Main Story,PC,20h
10379,Main Story,PC,20h
10379,Main Story,PC,21h
10379,Main Story,PC,21h 30m
10379,Main Story,PC,22h
10379,Main Story,PC,22h
10379,Main Story,PC,22h
10379,Main Story,PC,22h
10379,Main Story,PC,23h
10379,Main Story,PC,23h
10379,Main Story,PC,23h
10379,Main Story,PC,23h 30m
10379,Main Story,NA,24h
10379,Main Story,PC,24h
10379,Main Story,PC,24h
10379,Main Story,PC,24h
10379,Main Story,PC,24h
10379,Main Story,PC,25h
10379,Main Story,PC,25h
10379,Main Story,PC,25h 20m
10379,Main Story,PC,25h 25m
10379,Main Story,Nintendo Switch,25h 28m
10379,Main Story,PC,25h 50m
10379,Main Story,PC,27h 30m
10379,Main Story,PC,27h 35m
10379,Main Story,PC,28h
10379,Main Story,PC,28h
10379,Main Story,PC,28h 23m
10379,Main Story,PC,30h 14m
10379,Main Story,PC,30h 59m
10379,Main Story,PC,32h
10379,Main Story,PC,32h
10379,Main Story,PC,32h
10379,Main Story,NA,33h
10379,Main Story,PC,33h 25m
10379,Main Story,PC,34h
10379,Main Story,PC,35h
10379,Main Story,PC,35h
10379,Main Story,PC,35h
10379,Main Story,PC,35h
10379,Main Story,PC,38h
10379,Main Story,PC,39h
10379,Main + Extras,PC,15h 35m
10379,Main + Extras,PC,16h 50m
10379,Main + Extras,PC,18h
10379,Main + Extras,PC,18h
10379,Main + Extras,PC,19h 29m
10379,Main + Extras,PC,19h 49m
10379,Main + Extras,PC,20h 10m
10379,Main + Extras,PC,21h
10379,Main + Extras,PC,21h 13m
10379,Main + Extras,PC,22h
10379,Main + Extras,PC,22h
10379,Main + Extras,PC,22h 49m
10379,Main + Extras,NA,23h
10379,Main + Extras,PC,23h
10379,Main + Extras,PC,25h
10379,Main + Extras,PC,25h
10379,Main + Extras,PC,26h
10379,Main + Extras,PC,30h
10379,Main + Extras,PC,30h
10379,Main + Extras,PC,31h
10379,Main + Extras,PC,32h
10379,Main + Extras,PC,32h
10379,Main + Extras,PC,32h
10379,Main + Extras,PC,32h 44m
10379,Main + Extras,PC,33h
10379,Main + Extras,PC,33h
10379,Main + Extras,PC,33h
10379,Main + Extras,PC,33h 12m
10379,Main + Extras,PC,34h
10379,Main + Extras,PC,34h 30m
10379,Main + Extras,PC,35h
10379,Main + Extras,PC,35h
10379,Main + Extras,Nintendo Switch,35h
10379,Main + Extras,PC,35h
10379,Main + Extras,PC,36h
10379,Main + Extras,PC,36h
10379,Main + Extras,PC,37h
10379,Main + Extras,PC,37h
10379,Main + Extras,NA,37h
10379,Main + Extras,PC,38h
10379,Main + Extras,PC,38h
10379,Main + Extras,PC,38h
10379,Main + Extras,PC,40h
10379,Main + Extras,PC,40h 03m
10379,Main + Extras,PC,41h
10379,Main + Extras,PC,42h
10379,Main + Extras,PC,44h
10379,Main + Extras,PC,45h
10379,Main + Extras,PC,45h
10379,Main + Extras,PC,47h 43m
10379,Main + Extras,PC,49h
10379,Main + Extras,NA,50h
10379,Main + Extras,PC,50h
10379,Main + Extras,PC,51h
10379,Main + Extras,PC,53h
10379,Main + Extras,PC,60h
10379,Main + Extras,NA,61h
10379,Main + Extras,PC,67h
10379,Main + Extras,PC,71h
10379,Main + Extras,PC,83h 30m
10379,Completionists,PC,19h
10379,Completionists,PC,20h
10379,Completionists,PC,26h 41m
10379,Completionists,NA,34h
10379,Completionists,PC,38h
10379,Completionists,PC,40h
10379,Completionists,Nintendo Switch,40h
10379,Completionists,PC,45h
10379,Completionists,PC,57h
10379,Completionists,PC,60h
10379,Completionists,PC,60h
10379,Completionists,PC,62h
10379,Completionists,PC,64h 20m
10379,Completionists,PC,65h
10379,Completionists,PC,66h 47m
10379,Completionists,PC,70h
10379,Completionists,NA,82h
10379,Completionists,PC,82h
10379,Completionists,PC,102h
10379,Completionists,PC,160h
10379,Co-Op Multiplayer,PC,22h
