id,type,platform,time
10378,Main Story,PC,16m
10378,Main Story,PC,45m
10378,Main Story,PlayStation Vita,50m
10378,Main Story,PC,51m
10378,Main Story,PlayStation Vita,1h
10378,Main Story,PlayStation 3,1h
10378,Main Story,PlayStation Vita,1h
10378,Main Story,PC,1h
10378,Main Story,PlayStation 4,1h 01m
10378,Main Story,PC,1h 03m
10378,Main Story,PC,1h 05m
10378,Main Story,PlayStation 4,1h 09m
10378,Main Story,PC,1h 12m
10378,Main Story,PlayStation 4,1h 15m
10378,Main Story,PlayStation Vita,1h 17m
10378,Main Story,PlayStation 4,1h 20m
10378,Main Story,PlayStation 4,1h 23m
10378,Main Story,PC,1h 24m
10378,Main Story,PlayStation Vita,1h 28m
10378,Main Story,NA,1h 30m
10378,Main Story,PlayStation Vita,1h 30m
10378,Main Story,PC,1h 30m
10378,Main Story,PC,1h 30m
10378,Main Story,PlayStation Vita,1h 31m
10378,Main Story,PlayStation Vita,1h 45m
10378,Main Story,PC,1h 50m
10378,Main Story,PlayStation 3,2h
10378,Main Story,NA,2h
10378,Main Story,PlayStation Vita,2h
10378,Main Story,PlayStation Vita,2h 15m
10378,Main Story,PlayStation 4,2h 30m
10378,Main Story,PlayStation 4,2h 30m
10378,Main Story,PC,2h 30m
10378,Main Story,PlayStation Vita,2h 35m
10378,Main Story,PC,2h 42m
10378,Main Story,PlayStation 4,3h
10378,Main Story,PlayStation 4,3h
10378,Main Story,PlayStation 4,3h
10378,Main Story,Mac,3h
10378,Main Story,PlayStation 4,3h
10378,Main Story,PC,3h 58m
10378,Main + Extras,PC,1h 05m
10378,Main + Extras,PlayStation Vita,2h 30m
10378,Main + Extras,PlayStation Vita,2h 30m
10378,Main + Extras,PC,2h 35m
10378,Main + Extras,PlayStation 4,3h
10378,Main + Extras,PlayStation 3,3h
10378,Main + Extras,PlayStation 4,3h 01m
10378,Main + Extras,PC,3h 04m
10378,Main + Extras,PC,3h 25m
10378,Completionists,PlayStation 3,1h 30m
10378,Completionists,PlayStation Vita,1h 50m
10378,Completionists,PlayStation 4,2h
10378,Completionists,PlayStation Vita,2h 27m
10378,Completionists,PlayStation Vita,2h 30m
10378,Completionists,PlayStation 4,2h 45m
10378,Completionists,PlayStation Vita,2h 45m
10378,Completionists,PlayStation Vita,2h 56m
10378,Completionists,PlayStation Vita,3h
10378,Completionists,PlayStation 4,3h
10378,Completionists,PlayStation Vita,3h 30m
10378,Completionists,PlayStation 4,3h 30m
10378,Completionists,PlayStation 3,4h
10378,Completionists,PlayStation 4,4h 08m
10378,Completionists,PlayStation 4,5h
10378,Completionists,PlayStation 4,5h
10378,Completionists,PlayStation Vita,5h 18m
10378,Completionists,PC,6h 50m
10378,Completionists,PlayStation 4,8h
10378,Completionists,PC,10h
