id,type,platform,time
10374,Main Story,Sega Mega Drive/Genesis,2h
10374,Main Story,Sega Mega Drive/Genesis,2h 19m
10374,Main Story,Sega Mega Drive/Genesis,2h 35m
10374,Main Story,Sega Mega Drive/Genesis,3h
10374,Main Story,Sega Mega Drive/Genesis,3h 15m
10374,Main Story,Sega Mega Drive/Genesis,4h
10374,Main Story,Sega Mega Drive/Genesis,4h 21m
10374,Main + Extras,Sega Mega Drive/Genesis,4h 04m
10374,Main + Extras,Emulated,5h 33m
10374,Main + Extras,Sega Mega Drive/Genesis,10h
10374,Completionists,Sega Mega Drive/Genesis,3h
10374,Completionists,Sega Mega Drive/Genesis,4h
