id,type,platform,time
10373,Main Story,Super Nintendo,35m
10373,Main Story,Super Nintendo,1h
10373,Main Story,Super Nintendo,1h 02m
10373,Main Story,Super Nintendo,1h 06m
10373,Main Story,Super Nintendo,1h 10m
10373,Main Story,Super Nintendo,1h 15m
10373,Main Story,Super Nintendo,1h 24m
10373,Main Story,Super Nintendo,1h 25m
10373,Main Story,Super Nintendo,1h 25m
10373,Main Story,Super Nintendo,1h 30m
10373,Main Story,Super Nintendo,1h 30m
10373,Main Story,Super Nintendo,1h 32m
10373,Main Story,Super Nintendo,1h 37m
10373,Main Story,Super Nintendo,2h
10373,Main Story,Super Nintendo,2h
10373,Main Story,NA,2h
10373,Main Story,Super Nintendo,2h
10373,Main Story,Super Nintendo,2h 21m
10373,Main Story,Super Nintendo,2h 30m
10373,Main + Extras,Super Nintendo,4h
10373,Main + Extras,Super Nintendo,5h
10373,Main + Extras,Super Nintendo,5h
