id,type,platform,time
10387,Main Story,PC,1h 29m
10387,Main Story,PC,1h 35m
10387,Main Story,PC,1h 40m
10387,Main Story,NA,2h
10387,Main Story,PC,2h
10387,Main Story,PC,2h
10387,Main Story,PC,2h
10387,Main Story,PC,2h
10387,Main Story,PC,2h
10387,Main Story,PC,2h
10387,Main Story,PC,2h 20m
10387,Main Story,PC,2h 27m
10387,Main Story,PC,2h 36m
10387,Main Story,PC,2h 38m
10387,Main Story,PC,2h 48m
10387,Main Story,PC,2h 48m
10387,Main Story,PC,2h 53m
10387,Main Story,PC,2h 58m
10387,Main Story,PC,3h
10387,Main Story,PC,3h
10387,Main Story,PC,3h
10387,Main Story,PC,3h
10387,Main Story,PC,3h
10387,Main Story,PC,3h
10387,Main Story,PC,3h
10387,Main Story,PC,3h
10387,Main Story,PC,3h
10387,Main Story,PC,3h
10387,Main Story,PC,3h
10387,Main Story,PC,3h
10387,Main Story,PC,3h
10387,Main Story,PC,3h
10387,Main Story,PC,3h
10387,Main Story,PC,3h
10387,Main Story,PC,3h
10387,Main Story,PC,3h
10387,Main Story,PC,3h
10387,Main Story,PC,3h
10387,Main Story,PC,3h
10387,Main Story,PC,3h
10387,Main Story,PC,3h
10387,Main Story,PC,3h
10387,Main Story,PC,3h
10387,Main Story,PC,3h
10387,Main Story,PC,3h
10387,Main Story,PC,3h
10387,Main Story,PC,3h
10387,Main Story,PC,3h
10387,Main Story,PC,3h
10387,Main Story,PC,3h
10387,Main Story,PC,3h
10387,Main Story,PC,3h
10387,Main Story,PC,3h
10387,Main Story,PC,3h
10387,Main Story,PC,3h
10387,Main Story,PC,3h
10387,Main Story,PC,3h
10387,Main Story,Linux,3h
10387,Main Story,PC,3h
10387,Main Story,PC,3h
10387,Main Story,PC,3h
10387,Main Story,PC,3h
10387,Main Story,PC,3h
10387,Main Story,PC,3h
10387,Main Story,PC,3h
10387,Main Story,PC,3h
10387,Main Story,PC,3h
10387,Main Story,Linux,3h
10387,Main Story,PC,3h
10387,Main Story,PC,3h
10387,Main Story,PC,3h
10387,Main Story,Mac,3h
10387,Main Story,PC,3h
10387,Main Story,PC,3h
10387,Main Story,PC,3h
10387,Main Story,PC,3h
10387,Main Story,PC,3h
10387,Main Story,PC,3h
10387,Main Story,PC,3h
10387,Main Story,PC,3h
10387,Main Story,PC,3h
10387,Main Story,PC,3h
10387,Main Story,PC,3h
10387,Main Story,PC,3h
10387,Main Story,PC,3h
10387,Main Story,PC,3h
10387,Main Story,PC,3h
10387,Main Story,Mac,3h
10387,Main Story,PC,3h
10387,Main Story,PC,3h
10387,Main Story,PC,3h
10387,Main Story,PC,3h
10387,Main Story,PC,3h 06m
10387,Main Story,PC,3h 06m
10387,Main Story,PC,3h 07m
10387,Main Story,PC,3h 08m
10387,Main Story,PC,3h 09m
10387,Main Story,PC,3h 10m
10387,Main Story,PC,3h 10m
10387,Main Story,PC,3h 10m
10387,Main Story,PC,3h 10m
10387,Main Story,PC,3h 11m
10387,Main Story,PC,3h 12m
10387,Main Story,PC,3h 12m
10387,Main Story,PC,3h 12m
10387,Main Story,PC,3h 12m
10387,Main Story,PC,3h 12m
10387,Main Story,PC,3h 14m
10387,Main Story,PC,3h 15m
10387,Main Story,PC,3h 15m
10387,Main Story,PC,3h 15m
10387,Main Story,PC,3h 15m
10387,Main Story,PC,3h 15m
10387,Main Story,PC,3h 16m
10387,Main Story,Mac,3h 16m
10387,Main Story,PC,3h 16m
10387,Main Story,PC,3h 16m
10387,Main Story,PC,3h 18m
10387,Main Story,PC,3h 18m
10387,Main Story,PC,3h 18m
10387,Main Story,PC,3h 18m
10387,Main Story,PC,3h 20m
10387,Main Story,PC,3h 20m
10387,Main Story,PC,3h 20m
10387,Main Story,PC,3h 20m
10387,Main Story,PC,3h 20m
10387,Main Story,Linux,3h 20m
10387,Main Story,PC,3h 20m
10387,Main Story,PC,3h 20m
10387,Main Story,PC,3h 20m
10387,Main Story,Mac,3h 20m
10387,Main Story,PC,3h 20m
10387,Main Story,PC,3h 20m
10387,Main Story,Mac,3h 20m
10387,Main Story,PC,3h 21m
10387,Main Story,PC,3h 22m
10387,Main Story,PC,3h 22m
10387,Main Story,PC,3h 24m
10387,Main Story,PC,3h 24m
10387,Main Story,PC,3h 24m
10387,Main Story,Mac,3h 24m
10387,Main Story,PC,3h 24m
10387,Main Story,PC,3h 24m
10387,Main Story,PC,3h 24m
10387,Main Story,PC,3h 25m
10387,Main Story,PC,3h 25m
10387,Main Story,PC,3h 25m
10387,Main Story,PC,3h 25m
10387,Main Story,PC,3h 27m
10387,Main Story,PC,3h 27m
10387,Main Story,PC,3h 27m
10387,Main Story,PC,3h 28m
10387,Main Story,PC,3h 28m
10387,Main Story,PC,3h 29m
10387,Main Story,PC,3h 29m
10387,Main Story,PC,3h 30m
10387,Main Story,PC,3h 30m
10387,Main Story,PC,3h 30m
10387,Main Story,PC,3h 30m
10387,Main Story,PC,3h 30m
10387,Main Story,PC,3h 30m
10387,Main Story,PC,3h 30m
10387,Main Story,PC,3h 30m
10387,Main Story,PC,3h 30m
10387,Main Story,PC,3h 30m
10387,Main Story,PC,3h 30m
10387,Main Story,PC,3h 30m
10387,Main Story,PC,3h 30m
10387,Main Story,Mac,3h 30m
10387,Main Story,PC,3h 30m
10387,Main Story,PC,3h 30m
10387,Main Story,PC,3h 30m
10387,Main Story,PC,3h 30m
10387,Main Story,PC,3h 30m
10387,Main Story,PC,3h 30m
10387,Main Story,PC,3h 30m
10387,Main Story,PC,3h 30m
10387,Main Story,PC,3h 30m
10387,Main Story,PC,3h 30m
10387,Main Story,PC,3h 30m
10387,Main Story,PC,3h 30m
10387,Main Story,PC,3h 30m
10387,Main Story,PC,3h 30m
10387,Main Story,PC,3h 30m
10387,Main Story,PC,3h 30m
10387,Main Story,NA,3h 30m
10387,Main Story,PC,3h 30m
10387,Main Story,PC,3h 30m
10387,Main Story,PC,3h 31m
10387,Main Story,PC,3h 32m
10387,Main Story,PC,3h 32m
10387,Main Story,PC,3h 33m
10387,Main Story,PC,3h 34m
10387,Main Story,PC,3h 34m
10387,Main Story,PC,3h 35m
10387,Main Story,PC,3h 35m
10387,Main Story,PC,3h 35m
10387,Main Story,PC,3h 35m
10387,Main Story,PC,3h 36m
10387,Main Story,PC,3h 36m
10387,Main Story,PC,3h 36m
10387,Main Story,PC,3h 36m
10387,Main Story,PC,3h 40m
10387,Main Story,PC,3h 40m
10387,Main Story,PC,3h 40m
10387,Main Story,PC,3h 40m
10387,Main Story,PC,3h 40m
10387,Main Story,PC,3h 40m
10387,Main Story,PC,3h 40m
10387,Main Story,PC,3h 40m
10387,Main Story,PC,3h 40m
10387,Main Story,PC,3h 40m
10387,Main Story,PC,3h 40m
10387,Main Story,PC,3h 40m
10387,Main Story,PC,3h 40m
10387,Main Story,PC,3h 40m
10387,Main Story,PC,3h 40m
10387,Main Story,PC,3h 40m
10387,Main Story,PC,3h 40m
10387,Main Story,PC,3h 40m
10387,Main Story,PC,3h 40m
10387,Main Story,PC,3h 40m
10387,Main Story,PC,3h 42m
10387,Main Story,PC,3h 42m
10387,Main Story,Mac,3h 42m
10387,Main Story,PC,3h 42m
10387,Main Story,PC,3h 42m
10387,Main Story,PC,3h 42m
10387,Main Story,PC,3h 42m
10387,Main Story,PC,3h 42m
10387,Main Story,PC,3h 42m
10387,Main Story,PC,3h 42m
10387,Main Story,PC,3h 42m
10387,Main Story,PC,3h 42m
10387,Main Story,PC,3h 42m
10387,Main Story,PC,3h 42m
10387,Main Story,PC,3h 43m
10387,Main Story,PC,3h 44m
10387,Main Story,PC,3h 44m
10387,Main Story,PC,3h 44m
10387,Main Story,PC,3h 44m
10387,Main Story,PC,3h 45m
10387,Main Story,PC,3h 45m
10387,Main Story,PC,3h 45m
10387,Main Story,PC,3h 45m
10387,Main Story,PC,3h 45m
10387,Main Story,PC,3h 45m
10387,Main Story,PC,3h 45m
10387,Main Story,PC,3h 45m
10387,Main Story,PC,3h 45m
10387,Main Story,PC,3h 45m
10387,Main Story,PC,3h 45m
10387,Main Story,PC,3h 45m
10387,Main Story,PC,3h 45m
10387,Main Story,PC,3h 45m
10387,Main Story,PC,3h 45m
10387,Main Story,PC,3h 45m
10387,Main Story,Linux,3h 45m
10387,Main Story,PC,3h 46m
10387,Main Story,PC,3h 46m
10387,Main Story,PC,3h 47m
10387,Main Story,PC,3h 48m
10387,Main Story,PC,3h 48m
10387,Main Story,PC,3h 48m
10387,Main Story,PC,3h 48m
10387,Main Story,PC,3h 48m
10387,Main Story,PC,3h 48m
10387,Main Story,PC,3h 48m
10387,Main Story,PC,3h 48m
10387,Main Story,PC,3h 48m
10387,Main Story,NA,3h 48m
10387,Main Story,PC,3h 48m
10387,Main Story,PC,3h 48m
10387,Main Story,PC,3h 48m
10387,Main Story,PC,3h 48m
10387,Main Story,PC,3h 49m
10387,Main Story,PC,3h 49m
10387,Main Story,PC,3h 49m
10387,Main Story,PC,3h 50m
10387,Main Story,PC,3h 50m
10387,Main Story,PC,3h 50m
10387,Main Story,PC,3h 50m
10387,Main Story,PC,3h 50m
10387,Main Story,PC,3h 50m
10387,Main Story,PC,3h 50m
10387,Main Story,PC,3h 50m
10387,Main Story,PC,3h 50m
10387,Main Story,PC,3h 50m
10387,Main Story,PC,3h 50m
10387,Main Story,PC,3h 50m
10387,Main Story,Mac,3h 50m
10387,Main Story,PC,3h 50m
10387,Main Story,PC,3h 50m
10387,Main Story,PC,3h 51m
10387,Main Story,PC,3h 52m
10387,Main Story,PC,3h 53m
10387,Main Story,PC,3h 53m
10387,Main Story,PC,3h 54m
10387,Main Story,PC,3h 54m
10387,Main Story,PC,3h 54m
10387,Main Story,PC,3h 54m
10387,Main Story,PC,3h 54m
10387,Main Story,PC,3h 54m
10387,Main Story,PC,3h 54m
10387,Main Story,PC,3h 54m
10387,Main Story,PC,3h 54m
10387,Main Story,PC,3h 54m
10387,Main Story,PC,3h 54m
10387,Main Story,PC,3h 54m
10387,Main Story,PC,3h 55m
10387,Main Story,PC,3h 56m
10387,Main Story,PC,3h 56m
10387,Main Story,PC,3h 56m
10387,Main Story,PC,3h 57m
10387,Main Story,PC,3h 57m
10387,Main Story,PC,3h 57m
10387,Main Story,PC,3h 58m
10387,Main Story,PC,3h 58m
10387,Main Story,PC,3h 58m
10387,Main Story,PC,3h 59m
10387,Main Story,PC,3h 59m
10387,Main Story,PC,3h 59m
10387,Main Story,NA,4h
10387,Main Story,PC,4h
10387,Main Story,PC,4h
10387,Main Story,PC,4h
10387,Main Story,PC,4h
10387,Main Story,PC,4h
10387,Main Story,PC,4h
10387,Main Story,PC,4h
10387,Main Story,PC,4h
10387,Main Story,PC,4h
10387,Main Story,PC,4h
10387,Main Story,PC,4h
10387,Main Story,PC,4h
10387,Main Story,PC,4h
10387,Main Story,PC,4h
10387,Main Story,PC,4h
10387,Main Story,PC,4h
10387,Main Story,PC,4h
10387,Main Story,PC,4h
10387,Main Story,PC,4h
10387,Main Story,PC,4h
10387,Main Story,PC,4h
10387,Main Story,PC,4h
10387,Main Story,PC,4h
10387,Main Story,PC,4h
10387,Main Story,PC,4h
10387,Main Story,PC,4h
10387,Main Story,PC,4h
10387,Main Story,PC,4h
10387,Main Story,PC,4h
10387,Main Story,PC,4h
10387,Main Story,PC,4h
10387,Main Story,PC,4h
10387,Main Story,PC,4h
10387,Main Story,PC,4h
10387,Main Story,PC,4h
10387,Main Story,PC,4h
10387,Main Story,PC,4h
10387,Main Story,PC,4h
10387,Main Story,PC,4h
10387,Main Story,PC,4h
10387,Main Story,PC,4h
10387,Main Story,PC,4h
10387,Main Story,Mac,4h
10387,Main Story,PC,4h
10387,Main Story,PC,4h
10387,Main Story,PC,4h
10387,Main Story,PC,4h
10387,Main Story,PC,4h
10387,Main Story,PC,4h
10387,Main Story,PC,4h
10387,Main Story,PC,4h
10387,Main Story,PC,4h
10387,Main Story,PC,4h
10387,Main Story,PC,4h
10387,Main Story,PC,4h
10387,Main Story,PC,4h
10387,Main Story,PC,4h
10387,Main Story,PC,4h
10387,Main Story,PC,4h
10387,Main Story,PC,4h
10387,Main Story,PC,4h
10387,Main Story,PC,4h
10387,Main Story,PC,4h
10387,Main Story,PC,4h
10387,Main Story,PC,4h
10387,Main Story,PC,4h
10387,Main Story,PC,4h
10387,Main Story,PC,4h
10387,Main Story,PC,4h
10387,Main Story,PC,4h
10387,Main Story,PC,4h
10387,Main Story,PC,4h
10387,Main Story,PC,4h
10387,Main Story,PC,4h
10387,Main Story,PC,4h
10387,Main Story,PC,4h
10387,Main Story,PC,4h
10387,Main Story,PC,4h
10387,Main Story,PC,4h
10387,Main Story,PC,4h
10387,Main Story,PC,4h
10387,Main Story,PC,4h
10387,Main Story,PC,4h
10387,Main Story,PC,4h
10387,Main Story,PC,4h
10387,Main Story,PC,4h
10387,Main Story,PC,4h
10387,Main Story,PC,4h
10387,Main Story,NA,4h
10387,Main Story,PC,4h
10387,Main Story,PC,4h
10387,Main Story,PC,4h
10387,Main Story,PC,4h
10387,Main Story,PC,4h
10387,Main Story,PC,4h
10387,Main Story,PC,4h
10387,Main Story,PC,4h
10387,Main Story,Android,4h
10387,Main Story,PC,4h
10387,Main Story,PC,4h
10387,Main Story,PC,4h
10387,Main Story,PC,4h
10387,Main Story,PC,4h
10387,Main Story,PC,4h
10387,Main Story,PC,4h
10387,Main Story,PC,4h
10387,Main Story,PC,4h
10387,Main Story,PC,4h
10387,Main Story,PC,4h
10387,Main Story,PC,4h
10387,Main Story,PC,4h
10387,Main Story,PC,4h
10387,Main Story,PC,4h
10387,Main Story,PC,4h
10387,Main Story,PC,4h
10387,Main Story,PC,4h
10387,Main Story,PC,4h
10387,Main Story,PC,4h
10387,Main Story,PC,4h
10387,Main Story,PC,4h
10387,Main Story,PC,4h
10387,Main Story,PC,4h
10387,Main Story,PC,4h
10387,Main Story,PC,4h
10387,Main Story,PC,4h
10387,Main Story,PC,4h
10387,Main Story,PC,4h
10387,Main Story,PC,4h
10387,Main Story,PC,4h
10387,Main Story,PC,4h
10387,Main Story,PC,4h
10387,Main Story,PC,4h
10387,Main Story,PC,4h
10387,Main Story,PC,4h
10387,Main Story,PC,4h
10387,Main Story,PC,4h
10387,Main Story,PC,4h
10387,Main Story,PC,4h
10387,Main Story,PC,4h
10387,Main Story,PC,4h
10387,Main Story,PC,4h
10387,Main Story,PC,4h
10387,Main Story,PC,4h
10387,Main Story,PC,4h
10387,Main Story,Mac,4h
10387,Main Story,PC,4h
10387,Main Story,PC,4h
10387,Main Story,PC,4h
10387,Main Story,PC,4h
10387,Main Story,PC,4h
10387,Main Story,PC,4h
10387,Main Story,PC,4h
10387,Main Story,PC,4h
10387,Main Story,PC,4h
10387,Main Story,PC,4h
10387,Main Story,PC,4h
10387,Main Story,PC,4h
10387,Main Story,PC,4h
10387,Main Story,PC,4h
10387,Main Story,PC,4h
10387,Main Story,PC,4h
10387,Main Story,PC,4h
10387,Main Story,PC,4h
10387,Main Story,PC,4h
10387,Main Story,PC,4h
10387,Main Story,PC,4h
10387,Main Story,PC,4h
10387,Main Story,NA,4h
10387,Main Story,PC,4h
10387,Main Story,PC,4h
10387,Main Story,PC,4h
10387,Main Story,PC,4h
10387,Main Story,PC,4h
10387,Main Story,PC,4h
10387,Main Story,PC,4h
10387,Main Story,PC,4h
10387,Main Story,PC,4h
10387,Main Story,PC,4h
10387,Main Story,PC,4h
10387,Main Story,PC,4h
10387,Main Story,PC,4h
10387,Main Story,PC,4h
10387,Main Story,PC,4h
10387,Main Story,PC,4h
10387,Main Story,PC,4h
10387,Main Story,PC,4h
10387,Main Story,PC,4h
10387,Main Story,PC,4h
10387,Main Story,PC,4h
10387,Main Story,PC,4h
10387,Main Story,PC,4h
10387,Main Story,PC,4h
10387,Main Story,PC,4h
10387,Main Story,PC,4h
10387,Main Story,PC,4h
10387,Main Story,PC,4h
10387,Main Story,PC,4h
10387,Main Story,PC,4h
10387,Main Story,PC,4h
10387,Main Story,PC,4h
10387,Main Story,PC,4h
10387,Main Story,PC,4h
10387,Main Story,PC,4h
10387,Main Story,PC,4h
10387,Main Story,PC,4h
10387,Main Story,Mac,4h
10387,Main Story,PC,4h
10387,Main Story,PC,4h
10387,Main Story,PC,4h
10387,Main Story,PC,4h
10387,Main Story,PC,4h
10387,Main Story,PC,4h
10387,Main Story,PC,4h
10387,Main Story,PC,4h
10387,Main Story,PC,4h
10387,Main Story,PC,4h
10387,Main Story,PC,4h
10387,Main Story,PC,4h
10387,Main Story,PC,4h
10387,Main Story,PC,4h
10387,Main Story,PC,4h
10387,Main Story,PC,4h
10387,Main Story,PC,4h
10387,Main Story,PC,4h
10387,Main Story,PC,4h
10387,Main Story,PC,4h
10387,Main Story,PC,4h
10387,Main Story,PC,4h
10387,Main Story,PC,4h
10387,Main Story,PC,4h
10387,Main Story,PC,4h
10387,Main Story,PC,4h
10387,Main Story,PC,4h
10387,Main Story,PC,4h
10387,Main Story,NA,4h
10387,Main Story,PC,4h
10387,Main Story,PC,4h
10387,Main Story,PC,4h
10387,Main Story,PC,4h
10387,Main Story,PC,4h
10387,Main Story,PC,4h
10387,Main Story,PC,4h
10387,Main Story,PC,4h
10387,Main Story,PC,4h
10387,Main Story,PC,4h
10387,Main Story,PC,4h
10387,Main Story,PC,4h
10387,Main Story,PC,4h
10387,Main Story,Linux,4h
10387,Main Story,PC,4h
10387,Main Story,PC,4h
10387,Main Story,PC,4h
10387,Main Story,PC,4h
10387,Main Story,PC,4h
10387,Main Story,PC,4h
10387,Main Story,PC,4h
10387,Main Story,PC,4h
10387,Main Story,PC,4h
10387,Main Story,PC,4h
10387,Main Story,PC,4h
10387,Main Story,PC,4h
10387,Main Story,PC,4h
10387,Main Story,PC,4h
10387,Main Story,PC,4h
10387,Main Story,PC,4h
10387,Main Story,PC,4h
10387,Main Story,PC,4h
10387,Main Story,PC,4h 01m
10387,Main Story,PC,4h 01m
10387,Main Story,PC,4h 01m
10387,Main Story,PC,4h 01m
10387,Main Story,PC,4h 02m
10387,Main Story,PC,4h 02m
10387,Main Story,PC,4h 02m
10387,Main Story,PC,4h 02m
10387,Main Story,PC,4h 03m
10387,Main Story,PC,4h 03m
10387,Main Story,PC,4h 04m
10387,Main Story,PC,4h 05m
10387,Main Story,PC,4h 05m
10387,Main Story,PC,4h 05m
10387,Main Story,PC,4h 05m
10387,Main Story,PC,4h 05m
10387,Main Story,PC,4h 05m
10387,Main Story,PC,4h 05m
10387,Main Story,PC,4h 05m
10387,Main Story,PC,4h 05m
10387,Main Story,PC,4h 05m
10387,Main Story,PC,4h 06m
10387,Main Story,PC,4h 06m
10387,Main Story,PC,4h 06m
10387,Main Story,PC,4h 06m
10387,Main Story,PC,4h 06m
10387,Main Story,PC,4h 06m
10387,Main Story,PC,4h 06m
10387,Main Story,PC,4h 06m
10387,Main Story,PC,4h 06m
10387,Main Story,PC,4h 06m
10387,Main Story,PC,4h 06m
10387,Main Story,PC,4h 06m
10387,Main Story,PC,4h 06m
10387,Main Story,PC,4h 06m
10387,Main Story,PC,4h 06m
10387,Main Story,PC,4h 07m
10387,Main Story,PC,4h 07m
10387,Main Story,PC,4h 07m
10387,Main Story,PC,4h 08m
10387,Main Story,PC,4h 08m
10387,Main Story,PC,4h 08m
10387,Main Story,PC,4h 09m
10387,Main Story,Linux,4h 09m
10387,Main Story,PC,4h 10m
10387,Main Story,PC,4h 10m
10387,Main Story,PC,4h 10m
10387,Main Story,PC,4h 10m
10387,Main Story,PC,4h 10m
10387,Main Story,PC,4h 10m
10387,Main Story,PC,4h 10m
10387,Main Story,PC,4h 10m
10387,Main Story,PC,4h 10m
10387,Main Story,PC,4h 10m
10387,Main Story,PC,4h 10m
10387,Main Story,PC,4h 10m
10387,Main Story,PC,4h 11m
10387,Main Story,PC,4h 12m
10387,Main Story,PC,4h 12m
10387,Main Story,PC,4h 12m
10387,Main Story,PC,4h 12m
10387,Main Story,PC,4h 12m
10387,Main Story,PC,4h 12m
10387,Main Story,PC,4h 12m
10387,Main Story,PC,4h 12m
10387,Main Story,PC,4h 12m
10387,Main Story,PC,4h 12m
10387,Main Story,PC,4h 12m
10387,Main Story,PC,4h 13m
10387,Main Story,PC,4h 15m
10387,Main Story,PC,4h 15m
10387,Main Story,PC,4h 15m
10387,Main Story,PC,4h 15m
10387,Main Story,PC,4h 15m
10387,Main Story,PC,4h 15m
10387,Main Story,PC,4h 15m
10387,Main Story,PC,4h 15m
10387,Main Story,PC,4h 15m
10387,Main Story,PC,4h 15m
10387,Main Story,Mac,4h 15m
10387,Main Story,PC,4h 15m
10387,Main Story,PC,4h 15m
10387,Main Story,PC,4h 15m
10387,Main Story,PC,4h 15m
10387,Main Story,PC,4h 16m
10387,Main Story,PC,4h 17m
10387,Main Story,PC,4h 18m
10387,Main Story,PC,4h 18m
10387,Main Story,PC,4h 18m
10387,Main Story,PC,4h 18m
10387,Main Story,PC,4h 18m
10387,Main Story,PC,4h 18m
10387,Main Story,PC,4h 18m
10387,Main Story,PC,4h 19m
10387,Main Story,PC,4h 20m
10387,Main Story,PC,4h 20m
10387,Main Story,PC,4h 20m
10387,Main Story,PC,4h 20m
10387,Main Story,PC,4h 20m
10387,Main Story,PC,4h 20m
10387,Main Story,PC,4h 20m
10387,Main Story,PC,4h 20m
10387,Main Story,PC,4h 20m
10387,Main Story,PC,4h 20m
10387,Main Story,PC,4h 20m
10387,Main Story,PC,4h 20m
10387,Main Story,PC,4h 20m
10387,Main Story,PC,4h 20m
10387,Main Story,PC,4h 21m
10387,Main Story,PC,4h 21m
10387,Main Story,PC,4h 22m
10387,Main Story,PC,4h 24m
10387,Main Story,PC,4h 24m
10387,Main Story,PC,4h 24m
10387,Main Story,PC,4h 24m
10387,Main Story,PC,4h 24m
10387,Main Story,PC,4h 24m
10387,Main Story,PC,4h 24m
10387,Main Story,PC,4h 24m
10387,Main Story,PC,4h 24m
10387,Main Story,PC,4h 25m
10387,Main Story,iOS,4h 25m
10387,Main Story,PC,4h 25m
10387,Main Story,PC,4h 25m
10387,Main Story,Linux,4h 25m
10387,Main Story,PC,4h 25m
10387,Main Story,PC,4h 25m
10387,Main Story,PC,4h 25m
10387,Main Story,PC,4h 25m
10387,Main Story,PC,4h 26m
10387,Main Story,PC,4h 26m
10387,Main Story,Mac,4h 26m
10387,Main Story,PC,4h 28m
10387,Main Story,Mac,4h 28m
10387,Main Story,PC,4h 28m
10387,Main Story,PC,4h 28m
10387,Main Story,Mac,4h 28m
10387,Main Story,PC,4h 28m
10387,Main Story,Linux,4h 30m
10387,Main Story,PC,4h 30m
10387,Main Story,PC,4h 30m
10387,Main Story,PC,4h 30m
10387,Main Story,PC,4h 30m
10387,Main Story,PC,4h 30m
10387,Main Story,PC,4h 30m
10387,Main Story,PC,4h 30m
10387,Main Story,PC,4h 30m
10387,Main Story,PC,4h 30m
10387,Main Story,PC,4h 30m
10387,Main Story,PC,4h 30m
10387,Main Story,PC,4h 30m
10387,Main Story,PC,4h 30m
10387,Main Story,PC,4h 30m
10387,Main Story,PC,4h 30m
10387,Main Story,PC,4h 30m
10387,Main Story,PC,4h 30m
10387,Main Story,PC,4h 30m
10387,Main Story,PC,4h 30m
10387,Main Story,PC,4h 30m
10387,Main Story,PC,4h 30m
10387,Main Story,PC,4h 30m
10387,Main Story,PC,4h 30m
10387,Main Story,PC,4h 30m
10387,Main Story,PC,4h 30m
10387,Main Story,Mac,4h 30m
10387,Main Story,PC,4h 30m
10387,Main Story,Mac,4h 30m
10387,Main Story,PC,4h 30m
10387,Main Story,PC,4h 30m
10387,Main Story,PC,4h 30m
10387,Main Story,PC,4h 30m
10387,Main Story,PC,4h 30m
10387,Main Story,PC,4h 30m
10387,Main Story,PC,4h 34m
10387,Main Story,PC,4h 35m
10387,Main Story,PC,4h 35m
10387,Main Story,PC,4h 35m
10387,Main Story,PC,4h 35m
10387,Main Story,PC,4h 35m
10387,Main Story,PC,4h 35m
10387,Main Story,PC,4h 36m
10387,Main Story,PC,4h 36m
10387,Main Story,PC,4h 38m
10387,Main Story,PC,4h 40m
10387,Main Story,PC,4h 40m
10387,Main Story,PC,4h 40m
10387,Main Story,PC,4h 40m
10387,Main Story,PC,4h 41m
10387,Main Story,Mac,4h 42m
10387,Main Story,PC,4h 42m
10387,Main Story,PC,4h 43m
10387,Main Story,PC,4h 45m
10387,Main Story,PC,4h 45m
10387,Main Story,Mac,4h 45m
10387,Main Story,PC,4h 45m
10387,Main Story,PC,4h 45m
10387,Main Story,PC,4h 45m
10387,Main Story,PC,4h 45m
10387,Main Story,PC,4h 47m
10387,Main Story,PC,4h 47m
10387,Main Story,PC,4h 48m
10387,Main Story,PC,4h 48m
10387,Main Story,PC,4h 48m
10387,Main Story,PC,4h 49m
10387,Main Story,PC,4h 50m
10387,Main Story,PC,4h 50m
10387,Main Story,Linux,4h 50m
10387,Main Story,PC,4h 50m
10387,Main Story,PC,4h 50m
10387,Main Story,PC,4h 52m
10387,Main Story,PC,4h 54m
10387,Main Story,PC,4h 54m
10387,Main Story,PC,4h 54m
10387,Main Story,PC,4h 54m
10387,Main Story,PC,4h 55m
10387,Main Story,PC,4h 56m
10387,Main Story,PC,4h 57m
10387,Main Story,PC,4h 57m
10387,Main Story,PC,4h 58m
10387,Main Story,PC,4h 59m
10387,Main Story,Mac,4h 59m
10387,Main Story,PC,5h
10387,Main Story,PC,5h
10387,Main Story,Mac,5h
10387,Main Story,PC,5h
10387,Main Story,PC,5h
10387,Main Story,PC,5h
10387,Main Story,PC,5h
10387,Main Story,PC,5h
10387,Main Story,PC,5h
10387,Main Story,PC,5h
10387,Main Story,PC,5h
10387,Main Story,PC,5h
10387,Main Story,Mac,5h
10387,Main Story,PC,5h
10387,Main Story,PC,5h
10387,Main Story,PC,5h
10387,Main Story,Mac,5h
10387,Main Story,PC,5h
10387,Main Story,PC,5h
10387,Main Story,PC,5h
10387,Main Story,PC,5h
10387,Main Story,PC,5h
10387,Main Story,PC,5h
10387,Main Story,PC,5h
10387,Main Story,PC,5h
10387,Main Story,PC,5h
10387,Main Story,PC,5h
10387,Main Story,PC,5h
10387,Main Story,PC,5h
10387,Main Story,PC,5h
10387,Main Story,PC,5h
10387,Main Story,PC,5h
10387,Main Story,NA,5h
10387,Main Story,PC,5h
10387,Main Story,PC,5h
10387,Main Story,PC,5h
10387,Main Story,PC,5h
10387,Main Story,PC,5h
10387,Main Story,PC,5h
10387,Main Story,PC,5h
10387,Main Story,PC,5h
10387,Main Story,PC,5h
10387,Main Story,PC,5h
10387,Main Story,PC,5h
10387,Main Story,PC,5h
10387,Main Story,PC,5h
10387,Main Story,PC,5h
10387,Main Story,PC,5h
10387,Main Story,PC,5h
10387,Main Story,PC,5h
10387,Main Story,PC,5h
10387,Main Story,PC,5h
10387,Main Story,PC,5h
10387,Main Story,PC,5h
10387,Main Story,PC,5h
10387,Main Story,PC,5h
10387,Main Story,PC,5h
10387,Main Story,PC,5h
10387,Main Story,PC,5h
10387,Main Story,PC,5h
10387,Main Story,PC,5h
10387,Main Story,PC,5h
10387,Main Story,PC,5h
10387,Main Story,PC,5h
10387,Main Story,PC,5h
10387,Main Story,PC,5h
10387,Main Story,PC,5h
10387,Main Story,PC,5h
10387,Main Story,PC,5h
10387,Main Story,PC,5h
10387,Main Story,PC,5h
10387,Main Story,PC,5h
10387,Main Story,PC,5h
10387,Main Story,NA,5h
10387,Main Story,PC,5h 03m
10387,Main Story,PC,5h 03m
10387,Main Story,PC,5h 05m
10387,Main Story,PC,5h 06m
10387,Main Story,PC,5h 06m
10387,Main Story,PC,5h 07m
10387,Main Story,PC,5h 10m
10387,Main Story,PC,5h 11m
10387,Main Story,PC,5h 12m
10387,Main Story,PC,5h 14m
10387,Main Story,PC,5h 14m
10387,Main Story,PC,5h 20m
10387,Main Story,PC,5h 20m
10387,Main Story,PC,5h 20m
10387,Main Story,PC,5h 20m
10387,Main Story,Mac,5h 24m
10387,Main Story,PC,5h 24m
10387,Main Story,PC,5h 24m
10387,Main Story,PC,5h 25m
10387,Main Story,PC,5h 25m
10387,Main Story,PC,5h 29m
10387,Main Story,PC,5h 30m
10387,Main Story,PC,5h 30m
10387,Main Story,NA,5h 30m
10387,Main Story,PC,5h 30m
10387,Main Story,PC,5h 30m
10387,Main Story,PC,5h 30m
10387,Main Story,PC,5h 30m
10387,Main Story,PC,5h 30m
10387,Main Story,PC,5h 33m
10387,Main Story,PC,5h 35m
10387,Main Story,PC,5h 36m
10387,Main Story,PC,5h 39m
10387,Main Story,PC,5h 40m
10387,Main Story,iOS,5h 40m
10387,Main Story,PC,5h 50m
10387,Main Story,PC,5h 51m
10387,Main Story,PC,5h 52m
10387,Main Story,PC,5h 55m
10387,Main Story,PC,6h
10387,Main Story,PC,6h
10387,Main Story,PC,6h
10387,Main Story,Linux,6h
10387,Main Story,PC,6h
10387,Main Story,PC,6h
10387,Main Story,PC,6h
10387,Main Story,PC,6h
10387,Main Story,PC,6h
10387,Main Story,PC,6h
10387,Main Story,PC,6h
10387,Main Story,PC,6h
10387,Main Story,PC,6h 05m
10387,Main Story,PC,6h 05m
10387,Main Story,PC,6h 09m
10387,Main Story,PC,6h 10m
10387,Main Story,PC,6h 12m
10387,Main Story,Mac,6h 20m
10387,Main Story,PC,6h 30m
10387,Main Story,PC,6h 30m
10387,Main Story,PC,6h 30m
10387,Main Story,PC,7h
10387,Main Story,PC,7h 23m
10387,Main Story,PC,7h 30m
10387,Main Story,PC,7h 30m
10387,Main Story,PC,7h 31m
10387,Main Story,PC,8h
10387,Main Story,PC,8h 08m
10387,Main Story,PC,8h 33m
10387,Main Story,PC,9h 35m
10387,Main Story,PC,10h
10387,Main + Extras,PC,2h
10387,Main + Extras,PC,2h 30m
10387,Main + Extras,PC,2h 53m
10387,Main + Extras,PC,3h
10387,Main + Extras,PC,3h
10387,Main + Extras,PC,3h
10387,Main + Extras,PC,3h
10387,Main + Extras,PC,3h
10387,Main + Extras,PC,3h
10387,Main + Extras,PC,3h
10387,Main + Extras,PC,3h 02m
10387,Main + Extras,PC,3h 10m
10387,Main + Extras,PC,3h 15m
10387,Main + Extras,PC,3h 28m
10387,Main + Extras,PC,3h 29m
10387,Main + Extras,PC,3h 30m
10387,Main + Extras,PC,3h 30m
10387,Main + Extras,PC,3h 30m
10387,Main + Extras,PC,3h 32m
10387,Main + Extras,PC,3h 35m
10387,Main + Extras,PC,3h 36m
10387,Main + Extras,PC,3h 38m
10387,Main + Extras,PC,3h 40m
10387,Main + Extras,PC,3h 41m
10387,Main + Extras,PC,3h 41m
10387,Main + Extras,PC,3h 42m
10387,Main + Extras,PC,3h 42m
10387,Main + Extras,PC,3h 42m
10387,Main + Extras,PC,3h 43m
10387,Main + Extras,NA,3h 45m
10387,Main + Extras,PC,3h 50m
10387,Main + Extras,PC,3h 50m
10387,Main + Extras,PC,3h 50m
10387,Main + Extras,PC,3h 50m
10387,Main + Extras,PC,3h 50m
10387,Main + Extras,PC,3h 50m
10387,Main + Extras,PC,3h 51m
10387,Main + Extras,PC,3h 53m
10387,Main + Extras,PC,3h 54m
10387,Main + Extras,PC,3h 55m
10387,Main + Extras,PC,3h 58m
10387,Main + Extras,PC,4h
10387,Main + Extras,PC,4h
10387,Main + Extras,PC,4h
10387,Main + Extras,PC,4h
10387,Main + Extras,PC,4h
10387,Main + Extras,PC,4h
10387,Main + Extras,PC,4h
10387,Main + Extras,PC,4h
10387,Main + Extras,PC,4h
10387,Main + Extras,PC,4h
10387,Main + Extras,PC,4h
10387,Main + Extras,PC,4h
10387,Main + Extras,PC,4h
10387,Main + Extras,PC,4h
10387,Main + Extras,PC,4h
10387,Main + Extras,PC,4h
10387,Main + Extras,PC,4h
10387,Main + Extras,PC,4h
10387,Main + Extras,PC,4h
10387,Main + Extras,PC,4h
10387,Main + Extras,PC,4h
10387,Main + Extras,PC,4h
10387,Main + Extras,PC,4h
10387,Main + Extras,PC,4h
10387,Main + Extras,PC,4h
10387,Main + Extras,PC,4h
10387,Main + Extras,PC,4h
10387,Main + Extras,PC,4h
10387,Main + Extras,PC,4h
10387,Main + Extras,PC,4h
10387,Main + Extras,PC,4h
10387,Main + Extras,PC,4h
10387,Main + Extras,PC,4h 01m
10387,Main + Extras,PC,4h 01m
10387,Main + Extras,PC,4h 01m
10387,Main + Extras,PC,4h 01m
10387,Main + Extras,PC,4h 01m
10387,Main + Extras,PC,4h 01m
10387,Main + Extras,PC,4h 01m
10387,Main + Extras,PC,4h 02m
10387,Main + Extras,PC,4h 02m
10387,Main + Extras,PC,4h 02m
10387,Main + Extras,PC,4h 05m
10387,Main + Extras,PC,4h 05m
10387,Main + Extras,PC,4h 05m
10387,Main + Extras,PC,4h 07m
10387,Main + Extras,PC,4h 10m
10387,Main + Extras,PC,4h 10m
10387,Main + Extras,PC,4h 10m
10387,Main + Extras,PC,4h 12m
10387,Main + Extras,PC,4h 12m
10387,Main + Extras,PC,4h 12m
10387,Main + Extras,PC,4h 12m
10387,Main + Extras,PC,4h 12m
10387,Main + Extras,PC,4h 12m
10387,Main + Extras,PC,4h 12m
10387,Main + Extras,PC,4h 13m
10387,Main + Extras,PC,4h 13m
10387,Main + Extras,PC,4h 14m
10387,Main + Extras,PC,4h 14m
10387,Main + Extras,PC,4h 15m
10387,Main + Extras,PC,4h 15m
10387,Main + Extras,PC,4h 15m
10387,Main + Extras,iOS,4h 15m
10387,Main + Extras,PC,4h 15m
10387,Main + Extras,PC,4h 16m
10387,Main + Extras,PC,4h 20m
10387,Main + Extras,PC,4h 20m
10387,Main + Extras,PC,4h 20m
10387,Main + Extras,PC,4h 20m
10387,Main + Extras,PC,4h 24m
10387,Main + Extras,Mac,4h 26m
10387,Main + Extras,PC,4h 29m
10387,Main + Extras,PC,4h 30m
10387,Main + Extras,PC,4h 30m
10387,Main + Extras,PC,4h 30m
10387,Main + Extras,PC,4h 30m
10387,Main + Extras,PC,4h 30m
10387,Main + Extras,PC,4h 30m
10387,Main + Extras,PC,4h 30m
10387,Main + Extras,Linux,4h 30m
10387,Main + Extras,PC,4h 30m
10387,Main + Extras,PC,4h 33m
10387,Main + Extras,PC,4h 35m
10387,Main + Extras,Linux,4h 35m
10387,Main + Extras,PC,4h 36m
10387,Main + Extras,PC,4h 36m
10387,Main + Extras,NA,4h 40m
10387,Main + Extras,Android,4h 40m
10387,Main + Extras,PC,4h 40m
10387,Main + Extras,PC,4h 40m
10387,Main + Extras,PC,4h 42m
10387,Main + Extras,PC,4h 43m
10387,Main + Extras,PC,4h 45m
10387,Main + Extras,PC,4h 48m
10387,Main + Extras,PC,4h 48m
10387,Main + Extras,PC,4h 49m
10387,Main + Extras,PC,4h 49m
10387,Main + Extras,PC,4h 50m
10387,Main + Extras,PC,4h 50m
10387,Main + Extras,PC,4h 50m
10387,Main + Extras,PC,4h 50m
10387,Main + Extras,PC,4h 53m
10387,Main + Extras,PC,5h
10387,Main + Extras,PC,5h
10387,Main + Extras,PC,5h
10387,Main + Extras,PC,5h
10387,Main + Extras,PC,5h
10387,Main + Extras,PC,5h
10387,Main + Extras,PC,5h
10387,Main + Extras,PC,5h
10387,Main + Extras,PC,5h
10387,Main + Extras,PC,5h
10387,Main + Extras,PC,5h
10387,Main + Extras,PC,5h
10387,Main + Extras,PC,5h
10387,Main + Extras,PC,5h
10387,Main + Extras,PC,5h
10387,Main + Extras,PC,5h
10387,Main + Extras,PC,5h
10387,Main + Extras,PC,5h
10387,Main + Extras,PC,5h
10387,Main + Extras,PC,5h
10387,Main + Extras,PC,5h 01m
10387,Main + Extras,PC,5h 01m
10387,Main + Extras,PC,5h 05m
10387,Main + Extras,PC,5h 06m
10387,Main + Extras,PC,5h 10m
10387,Main + Extras,PC,5h 12m
10387,Main + Extras,PC,5h 15m
10387,Main + Extras,PC,5h 18m
10387,Main + Extras,PC,5h 30m
10387,Main + Extras,PC,5h 30m
10387,Main + Extras,PC,5h 31m
10387,Main + Extras,PC,5h 35m
10387,Main + Extras,PC,5h 36m
10387,Main + Extras,PC,5h 48m
10387,Main + Extras,PC,6h
10387,Main + Extras,PC,6h
10387,Main + Extras,PC,6h
10387,Main + Extras,PC,6h
10387,Main + Extras,PC,6h 20m
10387,Main + Extras,PC,7h
10387,Main + Extras,PC,7h
10387,Main + Extras,PC,7h
10387,Completionists,PC,2h 30m
10387,Completionists,PC,2h 33m
10387,Completionists,PC,2h 40m
10387,Completionists,PC,2h 49m
10387,Completionists,PC,3h
10387,Completionists,PC,3h
10387,Completionists,PC,3h
10387,Completionists,PC,3h
10387,Completionists,PC,3h
10387,Completionists,PC,3h
10387,Completionists,PC,3h
10387,Completionists,PC,3h
10387,Completionists,PC,3h
10387,Completionists,PC,3h
10387,Completionists,PC,3h
10387,Completionists,Mac,3h
10387,Completionists,PC,3h
10387,Completionists,PC,3h
10387,Completionists,PC,3h
10387,Completionists,PC,3h
10387,Completionists,PC,3h
10387,Completionists,PC,3h
10387,Completionists,PC,3h
10387,Completionists,PC,3h
10387,Completionists,PC,3h 03m
10387,Completionists,PC,3h 05m
10387,Completionists,PC,3h 06m
10387,Completionists,PC,3h 09m
10387,Completionists,PC,3h 10m
10387,Completionists,PC,3h 10m
10387,Completionists,PC,3h 11m
10387,Completionists,PC,3h 11m
10387,Completionists,PC,3h 13m
10387,Completionists,PC,3h 14m
10387,Completionists,PC,3h 16m
10387,Completionists,PC,3h 18m
10387,Completionists,PC,3h 18m
10387,Completionists,PC,3h 18m
10387,Completionists,PC,3h 18m
10387,Completionists,PC,3h 19m
10387,Completionists,PC,3h 20m
10387,Completionists,PC,3h 20m
10387,Completionists,PC,3h 20m
10387,Completionists,PC,3h 20m
10387,Completionists,PC,3h 20m
10387,Completionists,PC,3h 20m
10387,Completionists,PC,3h 23m
10387,Completionists,PC,3h 24m
10387,Completionists,PC,3h 24m
10387,Completionists,PC,3h 25m
10387,Completionists,PC,3h 25m
10387,Completionists,PC,3h 29m
10387,Completionists,PC,3h 30m
10387,Completionists,PC,3h 30m
10387,Completionists,PC,3h 30m
10387,Completionists,PC,3h 30m
10387,Completionists,NA,3h 30m
10387,Completionists,PC,3h 30m
10387,Completionists,PC,3h 30m
10387,Completionists,PC,3h 30m
10387,Completionists,PC,3h 30m
10387,Completionists,PC,3h 30m
10387,Completionists,PC,3h 30m
10387,Completionists,PC,3h 30m
10387,Completionists,PC,3h 30m
10387,Completionists,PC,3h 30m
10387,Completionists,PC,3h 30m
10387,Completionists,PC,3h 30m
10387,Completionists,PC,3h 33m
10387,Completionists,PC,3h 35m
10387,Completionists,PC,3h 35m
10387,Completionists,PC,3h 36m
10387,Completionists,PC,3h 36m
10387,Completionists,PC,3h 37m
10387,Completionists,PC,3h 37m
10387,Completionists,PC,3h 40m
10387,Completionists,PC,3h 40m
10387,Completionists,PC,3h 40m
10387,Completionists,PC,3h 40m
10387,Completionists,PC,3h 40m
10387,Completionists,PC,3h 41m
10387,Completionists,Mac,3h 41m
10387,Completionists,PC,3h 41m
10387,Completionists,PC,3h 42m
10387,Completionists,PC,3h 42m
10387,Completionists,PC,3h 42m
10387,Completionists,PC,3h 42m
10387,Completionists,PC,3h 42m
10387,Completionists,PC,3h 42m
10387,Completionists,PC,3h 43m
10387,Completionists,PC,3h 43m
10387,Completionists,PC,3h 45m
10387,Completionists,PC,3h 45m
10387,Completionists,PC,3h 45m
10387,Completionists,PC,3h 45m
10387,Completionists,PC,3h 45m
10387,Completionists,PC,3h 46m
10387,Completionists,PC,3h 47m
10387,Completionists,PC,3h 48m
10387,Completionists,PC,3h 48m
10387,Completionists,PC,3h 48m
10387,Completionists,PC,3h 48m
10387,Completionists,PC,3h 50m
10387,Completionists,PC,3h 50m
10387,Completionists,PC,3h 50m
10387,Completionists,PC,3h 50m
10387,Completionists,PC,3h 52m
10387,Completionists,PC,3h 53m
10387,Completionists,PC,3h 53m
10387,Completionists,PC,3h 53m
10387,Completionists,PC,3h 54m
10387,Completionists,PC,3h 54m
10387,Completionists,PC,3h 54m
10387,Completionists,PC,3h 54m
10387,Completionists,PC,3h 54m
10387,Completionists,PC,3h 54m
10387,Completionists,PC,3h 55m
10387,Completionists,PC,3h 55m
10387,Completionists,PC,3h 56m
10387,Completionists,PC,3h 58m
10387,Completionists,PC,3h 58m
10387,Completionists,PC,4h
10387,Completionists,PC,4h
10387,Completionists,PC,4h
10387,Completionists,Mac,4h
10387,Completionists,PC,4h
10387,Completionists,PC,4h
10387,Completionists,PC,4h
10387,Completionists,PC,4h
10387,Completionists,PC,4h
10387,Completionists,PC,4h
10387,Completionists,PC,4h
10387,Completionists,PC,4h
10387,Completionists,PC,4h
10387,Completionists,PC,4h
10387,Completionists,PC,4h
10387,Completionists,PC,4h
10387,Completionists,PC,4h
10387,Completionists,PC,4h
10387,Completionists,PC,4h
10387,Completionists,PC,4h
10387,Completionists,PC,4h
10387,Completionists,PC,4h
10387,Completionists,PC,4h
10387,Completionists,PC,4h
10387,Completionists,PC,4h
10387,Completionists,PC,4h
10387,Completionists,PC,4h
10387,Completionists,PC,4h
10387,Completionists,PC,4h
10387,Completionists,PC,4h
10387,Completionists,PC,4h
10387,Completionists,PC,4h
10387,Completionists,PC,4h
10387,Completionists,PC,4h
10387,Completionists,PC,4h
10387,Completionists,PC,4h
10387,Completionists,PC,4h
10387,Completionists,PC,4h
10387,Completionists,PC,4h
10387,Completionists,PC,4h
10387,Completionists,PC,4h
10387,Completionists,PC,4h
10387,Completionists,PC,4h
10387,Completionists,PC,4h
10387,Completionists,PC,4h
10387,Completionists,PC,4h
10387,Completionists,PC,4h
10387,Completionists,PC,4h
10387,Completionists,PC,4h
10387,Completionists,PC,4h
10387,Completionists,PC,4h
10387,Completionists,PC,4h
10387,Completionists,PC,4h
10387,Completionists,PC,4h
10387,Completionists,PC,4h
10387,Completionists,PC,4h
10387,Completionists,PC,4h
10387,Completionists,PC,4h
10387,Completionists,PC,4h
10387,Completionists,PC,4h
10387,Completionists,PC,4h
10387,Completionists,PC,4h
10387,Completionists,PC,4h
10387,Completionists,PC,4h
10387,Completionists,PC,4h
10387,Completionists,PC,4h
10387,Completionists,PC,4h
10387,Completionists,PC,4h
10387,Completionists,PC,4h
10387,Completionists,PC,4h
10387,Completionists,PC,4h
10387,Completionists,PC,4h
10387,Completionists,PC,4h
10387,Completionists,PC,4h
10387,Completionists,PC,4h
10387,Completionists,PC,4h
10387,Completionists,PC,4h
10387,Completionists,PC,4h
10387,Completionists,PC,4h
10387,Completionists,PC,4h
10387,Completionists,PC,4h
10387,Completionists,PC,4h
10387,Completionists,PC,4h
10387,Completionists,PC,4h
10387,Completionists,PC,4h
10387,Completionists,PC,4h
10387,Completionists,PC,4h
10387,Completionists,PC,4h
10387,Completionists,PC,4h
10387,Completionists,PC,4h
10387,Completionists,PC,4h
10387,Completionists,PC,4h
10387,Completionists,PC,4h
10387,Completionists,PC,4h
10387,Completionists,PC,4h
10387,Completionists,PC,4h
10387,Completionists,PC,4h
10387,Completionists,PC,4h
10387,Completionists,PC,4h
10387,Completionists,PC,4h
10387,Completionists,PC,4h
10387,Completionists,PC,4h
10387,Completionists,PC,4h
10387,Completionists,PC,4h
10387,Completionists,PC,4h
10387,Completionists,PC,4h
10387,Completionists,PC,4h
10387,Completionists,PC,4h
10387,Completionists,PC,4h
10387,Completionists,PC,4h
10387,Completionists,PC,4h
10387,Completionists,PC,4h
10387,Completionists,PC,4h
10387,Completionists,PC,4h
10387,Completionists,PC,4h
10387,Completionists,PC,4h
10387,Completionists,PC,4h
10387,Completionists,PC,4h
10387,Completionists,PC,4h 01m
10387,Completionists,PC,4h 01m
10387,Completionists,PC,4h 01m
10387,Completionists,PC,4h 01m
10387,Completionists,PC,4h 01m
10387,Completionists,PC,4h 02m
10387,Completionists,PC,4h 02m
10387,Completionists,PC,4h 02m
10387,Completionists,PC,4h 02m
10387,Completionists,PC,4h 02m
10387,Completionists,PC,4h 02m
10387,Completionists,PC,4h 03m
10387,Completionists,PC,4h 03m
10387,Completionists,PC,4h 03m
10387,Completionists,PC,4h 03m
10387,Completionists,PC,4h 04m
10387,Completionists,PC,4h 04m
10387,Completionists,PC,4h 05m
10387,Completionists,PC,4h 05m
10387,Completionists,PC,4h 06m
10387,Completionists,PC,4h 06m
10387,Completionists,PC,4h 06m
10387,Completionists,PC,4h 06m
10387,Completionists,PC,4h 06m
10387,Completionists,PC,4h 07m
10387,Completionists,PC,4h 08m
10387,Completionists,PC,4h 09m
10387,Completionists,PC,4h 10m
10387,Completionists,PC,4h 10m
10387,Completionists,PC,4h 10m
10387,Completionists,PC,4h 10m
10387,Completionists,PC,4h 10m
10387,Completionists,PC,4h 10m
10387,Completionists,PC,4h 11m
10387,Completionists,PC,4h 11m
10387,Completionists,PC,4h 11m
10387,Completionists,PC,4h 11m
10387,Completionists,PC,4h 11m
10387,Completionists,PC,4h 11m
10387,Completionists,PC,4h 11m
10387,Completionists,PC,4h 12m
10387,Completionists,PC,4h 12m
10387,Completionists,PC,4h 12m
10387,Completionists,PC,4h 13m
10387,Completionists,PC,4h 14m
10387,Completionists,PC,4h 15m
10387,Completionists,PC,4h 15m
10387,Completionists,PC,4h 15m
10387,Completionists,PC,4h 15m
10387,Completionists,PC,4h 15m
10387,Completionists,PC,4h 15m
10387,Completionists,PC,4h 15m
10387,Completionists,PC,4h 16m
10387,Completionists,PC,4h 16m
10387,Completionists,PC,4h 18m
10387,Completionists,PC,4h 18m
10387,Completionists,PC,4h 18m
10387,Completionists,PC,4h 20m
10387,Completionists,PC,4h 20m
10387,Completionists,PC,4h 20m
10387,Completionists,PC,4h 20m
10387,Completionists,PC,4h 20m
10387,Completionists,PC,4h 20m
10387,Completionists,Linux,4h 24m
10387,Completionists,PC,4h 24m
10387,Completionists,PC,4h 24m
10387,Completionists,PC,4h 24m
10387,Completionists,PC,4h 25m
10387,Completionists,PC,4h 25m
10387,Completionists,PC,4h 26m
10387,Completionists,Mac,4h 26m
10387,Completionists,PC,4h 27m
10387,Completionists,PC,4h 30m
10387,Completionists,PC,4h 30m
10387,Completionists,Linux,4h 30m
10387,Completionists,Linux,4h 30m
10387,Completionists,PC,4h 30m
10387,Completionists,PC,4h 30m
10387,Completionists,PC,4h 30m
10387,Completionists,PC,4h 30m
10387,Completionists,PC,4h 30m
10387,Completionists,PC,4h 30m
10387,Completionists,PC,4h 30m
10387,Completionists,PC,4h 30m
10387,Completionists,PC,4h 30m
10387,Completionists,PC,4h 30m
10387,Completionists,PC,4h 30m
10387,Completionists,PC,4h 30m
10387,Completionists,PC,4h 30m
10387,Completionists,PC,4h 30m
10387,Completionists,PC,4h 30m
10387,Completionists,Linux,4h 30m
10387,Completionists,PC,4h 30m
10387,Completionists,PC,4h 35m
10387,Completionists,PC,4h 35m
10387,Completionists,PC,4h 36m
10387,Completionists,PC,4h 36m
10387,Completionists,PC,4h 36m
10387,Completionists,PC,4h 37m
10387,Completionists,PC,4h 37m
10387,Completionists,PC,4h 37m
10387,Completionists,PC,4h 38m
10387,Completionists,PC,4h 39m
10387,Completionists,PC,4h 40m
10387,Completionists,PC,4h 40m
10387,Completionists,PC,4h 40m
10387,Completionists,Linux,4h 40m
10387,Completionists,PC,4h 42m
10387,Completionists,PC,4h 45m
10387,Completionists,PC,4h 48m
10387,Completionists,PC,4h 48m
10387,Completionists,PC,4h 49m
10387,Completionists,PC,4h 50m
10387,Completionists,PC,4h 50m
10387,Completionists,PC,4h 50m
10387,Completionists,PC,4h 51m
10387,Completionists,Linux,4h 53m
10387,Completionists,PC,4h 54m
10387,Completionists,PC,4h 54m
10387,Completionists,PC,4h 54m
10387,Completionists,PC,4h 54m
10387,Completionists,PC,4h 54m
10387,Completionists,PC,4h 57m
10387,Completionists,PC,5h
10387,Completionists,PC,5h
10387,Completionists,PC,5h
10387,Completionists,PC,5h
10387,Completionists,PC,5h
10387,Completionists,PC,5h
10387,Completionists,PC,5h
10387,Completionists,PC,5h
10387,Completionists,PC,5h
10387,Completionists,PC,5h
10387,Completionists,PC,5h
10387,Completionists,PC,5h
10387,Completionists,PC,5h
10387,Completionists,PC,5h
10387,Completionists,PC,5h
10387,Completionists,PC,5h
10387,Completionists,PC,5h
10387,Completionists,PC,5h
10387,Completionists,PC,5h
10387,Completionists,PC,5h
10387,Completionists,PC,5h
10387,Completionists,PC,5h
10387,Completionists,PC,5h
10387,Completionists,PC,5h
10387,Completionists,PC,5h
10387,Completionists,PC,5h
10387,Completionists,PC,5h
10387,Completionists,PC,5h
10387,Completionists,PC,5h
10387,Completionists,PC,5h
10387,Completionists,PC,5h
10387,Completionists,PC,5h
10387,Completionists,PC,5h
10387,Completionists,PC,5h
10387,Completionists,PC,5h
10387,Completionists,PC,5h
10387,Completionists,PC,5h
10387,Completionists,PC,5h
10387,Completionists,PC,5h
10387,Completionists,NA,5h
10387,Completionists,PC,5h
10387,Completionists,Mac,5h
10387,Completionists,PC,5h
10387,Completionists,PC,5h 01m
10387,Completionists,PC,5h 01m
10387,Completionists,PC,5h 02m
10387,Completionists,PC,5h 02m
10387,Completionists,PC,5h 05m
10387,Completionists,PC,5h 07m
10387,Completionists,PC,5h 11m
10387,Completionists,PC,5h 12m
10387,Completionists,PC,5h 15m
10387,Completionists,PC,5h 23m
10387,Completionists,PC,5h 26m
10387,Completionists,PC,5h 30m
10387,Completionists,PC,5h 30m
10387,Completionists,PC,5h 30m
10387,Completionists,PC,5h 32m
10387,Completionists,PC,5h 35m
10387,Completionists,PC,5h 36m
10387,Completionists,PC,5h 36m
10387,Completionists,PC,5h 36m
10387,Completionists,Mac,5h 37m
10387,Completionists,PC,5h 37m
10387,Completionists,PC,5h 40m
10387,Completionists,PC,5h 40m
10387,Completionists,PC,5h 42m
10387,Completionists,PC,5h 42m
10387,Completionists,PC,5h 48m
10387,Completionists,NA,5h 48m
10387,Completionists,PC,5h 49m
10387,Completionists,PC,5h 57m
10387,Completionists,PC,5h 59m
10387,Completionists,PC,6h
10387,Completionists,PC,6h
10387,Completionists,PC,6h
10387,Completionists,PC,6h
10387,Completionists,PC,6h
10387,Completionists,PC,6h
10387,Completionists,PC,6h
10387,Completionists,PC,6h
10387,Completionists,PC,6h
10387,Completionists,PC,6h
10387,Completionists,PC,6h
10387,Completionists,PC,6h
10387,Completionists,PC,6h
10387,Completionists,PC,6h
10387,Completionists,PC,6h 05m
10387,Completionists,PC,6h 12m
10387,Completionists,PC,6h 18m
10387,Completionists,PC,6h 18m
10387,Completionists,PC,6h 22m
10387,Completionists,PC,6h 24m
10387,Completionists,PC,6h 25m
10387,Completionists,PC,6h 27m
10387,Completionists,PC,6h 30m
10387,Completionists,PC,6h 30m
10387,Completionists,PC,6h 39m
10387,Completionists,PC,6h 42m
10387,Completionists,PC,6h 43m
10387,Completionists,PC,6h 45m
10387,Completionists,PC,6h 48m
10387,Completionists,PC,6h 53m
10387,Completionists,PC,6h 56m
10387,Completionists,PC,7h
10387,Completionists,PC,7h
10387,Completionists,PC,7h
10387,Completionists,PC,7h
10387,Completionists,PC,7h
10387,Completionists,PC,7h 04m
10387,Completionists,PC,7h 18m
10387,Completionists,PC,7h 20m
10387,Completionists,PC,7h 27m
10387,Completionists,PC,7h 30m
10387,Completionists,PC,8h
10387,Completionists,PC,8h
10387,Completionists,PC,9h
10387,Completionists,PC,9h
10387,Completionists,PC,9h 05m
10387,Completionists,PC,9h 36m
10387,Completionists,PC,10h
10387,Completionists,PC,10h
10387,Completionists,PC,10h
10387,Completionists,PC,10h
10387,Completionists,PC,15h
10387,Co-Op Multiplayer,PC,5h
