id,type,platform,time
10380,Main Story,PC,7h 30m
10380,Main Story,PC,8h 18m
10380,Main Story,PC,8h 24m
10380,Main Story,PC,9h 40m
10380,Main Story,PC,9h 53m
10380,Main Story,PC,10h
10380,Main Story,PC,10h
10380,Main Story,PC,10h
10380,Main Story,PC,11h
10380,Main Story,PC,11h 18m
10380,Main Story,PC,12h
10380,Main Story,PC,12h
10380,Main Story,PC,13h
10380,Main Story,PC,13h
10380,Main Story,PC,13h
10380,Main Story,PC,14h
10380,Main Story,PC,14h 30m
10380,Main Story,PC,15h
10380,Main Story,PC,15h 45m
10380,Main Story,PC,17h 50m
10380,Main Story,PC,18h
10380,Main Story,PC,18h
10380,Main Story,PC,20h
10380,Main Story,PC,20h
10380,Main Story,PC,22h
10380,Main Story,PC,25h
10380,Main Story,PC,29h 23m
10380,Main Story,PC,30h
10380,Main Story,PC,40h
10380,Main + Extras,PC,6h 51m
10380,Main + Extras,PC,7h 10m
10380,Main + Extras,PC,8h
10380,Main + Extras,PC,10h
10380,Main + Extras,PC,10h
10380,Main + Extras,PC,10h
10380,Main + Extras,PC,10h 46m
10380,Main + Extras,NA,11h 30m
10380,Main + Extras,PC,12h
10380,Main + Extras,PC,12h
10380,Main + Extras,PC,12h 27m
10380,Main + Extras,PC,13h
10380,Main + Extras,PC,14h
10380,Main + Extras,PC,14h 30m
10380,Main + Extras,PC,16h
10380,Main + Extras,PC,17h
10380,Main + Extras,PC,17h
10380,Main + Extras,PC,17h
10380,Main + Extras,PC,18h
10380,Main + Extras,PC,20h
10380,Main + Extras,PC,20h
10380,Main + Extras,PC,22h
10380,Main + Extras,PC,25h
10380,Main + Extras,PC,25h 27m
10380,Main + Extras,PC,26h
10380,Main + Extras,PC,26h 34m
10380,Main + Extras,PC,30h
10380,Main + Extras,PC,32h
10380,Main + Extras,PC,36h 43m
10380,Main + Extras,PC,37h
10380,Main + Extras,PC,39h 40m
10380,Main + Extras,PC,40h
10380,Main + Extras,PC,42h
10380,Main + Extras,PC,45h
10380,Main + Extras,PC,49h
10380,Main + Extras,PC,51h
10380,Main + Extras,PC,52h
10380,Main + Extras,PC,58h 27m
10380,Main + Extras,PC,60h
10380,Main + Extras,PC,60h 17m
10380,Main + Extras,PC,62h 20m
10380,Main + Extras,PC,70h
10380,Main + Extras,PC,71h 19m
10380,Main + Extras,PC,167h
10380,Completionists,PC,15h
10380,Completionists,PC,15h 26m
10380,Completionists,PC,23h
10380,Completionists,PC,28h
10380,Completionists,PC,32h 26m
10380,Completionists,PC,33h
10380,Completionists,PC,40h
10380,Completionists,PC,45h
10380,Completionists,PC,60h
10380,Completionists,PC,66h 52m
10380,Completionists,PC,67h
10380,Completionists,PC,103h
10380,Co-Op Multiplayer,PC,30h
