id,type,platform,time
10383,Main Story,Game Boy Advance,1h 19m
10383,Main Story,Game Boy Advance,2h
10383,Main Story,NA,3h
10383,Main Story,Xbox 360,3h 30m
10383,Main Story,Xbox 360,3h 30m
10383,Main Story,Xbox 360,4h
10383,Main Story,Xbox 360,4h
10383,Main Story,PSP,4h
10383,Main Story,Xbox 360,4h 25m
10383,Main Story,Xbox 360,4h 30m
10383,Main Story,PC,4h 43m
10383,Main Story,PC,4h 50m
10383,Main Story,PC,4h 50m
10383,Main Story,Xbox 360,5h
10383,Main Story,Game Boy Advance,5h
10383,Main Story,PC,5h
10383,Main Story,Xbox 360,5h
10383,Main Story,PlayStation 2,5h 07m
10383,Main Story,Xbox 360,5h 30m
10383,Main Story,PC,5h 36m
10383,Main Story,Xbox 360,6h
10383,Main Story,Xbox 360,6h
10383,Main Story,Xbox 360,6h
10383,Main Story,Xbox 360,6h
10383,Main Story,PC,6h 15m
10383,Main Story,PC,7h 12m
10383,Main + Extras,Emulated,2h 30m
10383,Main + Extras,PC,5h
10383,Main + Extras,PC,6h 30m
10383,Main + Extras,PlayStation 2,6h 55m
10383,Main + Extras,Xbox 360,8h
10383,Completionists,Xbox 360,3h 43m
10383,Completionists,Xbox 360,4h
10383,Completionists,Xbox 360,4h 56m
10383,Completionists,Xbox 360,5h
10383,Completionists,Xbox 360,5h
10383,Completionists,PC,5h
10383,Completionists,Xbox 360,5h
10383,Completionists,Xbox 360,5h
10383,Completionists,PC,5h
10383,Completionists,Xbox 360,7h
10383,Completionists,Xbox 360,7h 15m
10383,Completionists,PlayStation 2,10h
10383,Co-Op Multiplayer,Arcade,15m
