id,type,platform,time
10396,Main Story,Sega Mega Drive/Genesis,1h 46m
10396,Main Story,Sega Mega Drive/Genesis,2h 07m
10396,Main Story,PlayStation 3,2h 45m
10396,Main Story,Nintendo Switch,3h
10396,Main Story,Sega Mega Drive/Genesis,3h 30m
10396,Main Story,Sega Mega Drive/Genesis,3h 34m
10396,Main Story,Sega Mega Drive/Genesis,4h
10396,Main Story,Sega Mega Drive/Genesis,4h
10396,Main Story,Sega Mega Drive/Genesis,4h 30m
10396,Main Story,Sega Mega Drive/Genesis,5h
10396,Main Story,PlayStation 3,6h
10396,Main Story,Sega 32X,8h
10396,Main + Extras,Sega 32X,12h
10396,Completionists,Sega Mega Drive/Genesis,4h
10396,Completionists,Sega Mega Drive/Genesis,4h
10396,Completionists,Xbox 360,4h 20m
10396,Completionists,Sega Mega Drive/Genesis,4h 56m
10396,Completionists,PlayStation 3,8h
10396,Completionists,Xbox 360,9h
10396,Completionists,Sega 32X,13h
10396,Co-Op Multiplayer,PlayStation 3,3h
10396,Co-Op Multiplayer,Sega 32X,13h
