id,type,platform,time
10391,Main Story,PC,1h
10391,Main Story,PC,1h 06m
10391,Main Story,PC,1h 10m
10391,Main Story,PC,1h 19m
10391,Main Story,PC,1h 30m
10391,Main Story,PC,1h 36m
10391,Main Story,PC,1h 41m
10391,Main Story,PC,1h 50m
10391,Main Story,PC,1h 51m
10391,Main Story,PC,2h 06m
10391,Main Story,PC,2h 10m
10391,Main Story,PC,2h 30m
10391,Main Story,PC,3h
10391,Main Story,PC,3h 30m
10391,Main Story,PC,4h 30m
10391,Main Story,PC,4h 30m
10391,Main + Extras,PC,2h 30m
10391,Main + Extras,PC,3h
10391,Main + Extras,PC,3h
10391,Completionists,PC,10h
10391,Co-Op Multiplayer,PC,3h
