id,type,platform,time
10404,Main Story,Nintendo Switch,5h
10404,Main Story,Nintendo Switch,6h
10404,Main Story,PC,7h 30m
10404,Main Story,Nintendo Switch,8h
10404,Main Story,PC,8h
10404,Main Story,Linux,8h 55m
10404,Main Story,PC,9h
10404,Main Story,Wii U,9h 20m
10404,Main Story,PC,10h
10404,Main Story,Nintendo Switch,10h
10404,Main Story,PC,10h
10404,Main Story,Linux,13h 36m
10404,Main Story,Wii U,15h 59m
10404,Main + Extras,Wii U,25h 41m
10404,Completionists,PC,15h 47m
10404,Completionists,PC,16h
10404,Completionists,PC,18h 18m
10404,Completionists,PC,19h 46m
10404,Completionists,PC,22h
