id,type,platform,time
10403,Main Story,PC,2h 30m
10403,Main Story,PC,2h 30m
10403,Main Story,PC,2h 35m
10403,Main Story,PC,3h
10403,Main Story,PC,3h
10403,Main Story,PC,3h 10m
10403,Main Story,PC,4h
10403,Main Story,PC,4h
10403,Main Story,PC,5h 30m
10403,Main Story,PC,5h 30m
10403,Main Story,PC,6h
10403,Main Story,PC,6h
10403,Main Story,PC,6h 12m
10403,Main Story,PC,6h 22m
10403,Main Story,PC,6h 30m
10403,Main Story,Wii U,7h
10403,Main Story,PC,7h
10403,Main Story,NA,7h
10403,Main Story,PC,7h
10403,Main Story,PC,7h 20m
10403,Main Story,PC,7h 26m
10403,Main Story,Mac,9h
10403,Main Story,Linux,10h
10403,Main Story,NA,12h
10403,Main + Extras,PC,5h 15m
10403,Main + Extras,PC,5h 30m
10403,Main + Extras,PC,7h
10403,Main + Extras,PC,8h
10403,Main + Extras,Wii U,8h
10403,Main + Extras,PC,8h 03m
10403,Main + Extras,PC,9h
10403,Main + Extras,PC,9h 11m
10403,Main + Extras,PC,12h 06m
10403,Main + Extras,PC,21h 30m
10403,Completionists,PC,7h
10403,Completionists,PC,7h
10403,Completionists,PC,8h 15m
10403,Completionists,PC,8h 36m
10403,Completionists,PC,8h 48m
10403,Completionists,PC,9h 06m
10403,Completionists,PC,9h 07m
10403,Completionists,Wii,9h 10m
10403,Completionists,PC,10h 06m
10403,Completionists,PC,10h 10m
10403,Completionists,PC,10h 45m
10403,Completionists,PC,11h
10403,Completionists,PC,11h 28m
10403,Completionists,PC,12h
10403,Completionists,PC,13h
10403,Completionists,PC,15h
10403,Completionists,PC,15h
10403,Completionists,PC,16h
10403,Completionists,Mac,17h 30m
10403,Completionists,PC,18h
10403,Completionists,PC,20h
10403,Completionists,PC,25h
