id,type,platform,time
10415,Main Story,PlayStation 3,8h
10415,Main Story,PlayStation 3,10h
10415,Main Story,PlayStation 3,13h
10415,Main Story,PlayStation 3,15h
10415,Main Story,PlayStation 3,17h
10415,Main Story,PlayStation 3,17h 30m
10415,Main Story,PlayStation 3,19h 23m
10415,Main Story,PlayStation 3,20h
10415,Main + Extras,PlayStation 3,6h
10415,Main + Extras,PlayStation 3,14h 30m
10415,Main + Extras,PlayStation 3,16h 45m
10415,Main + Extras,PlayStation 3,17h
10415,Main + Extras,PlayStation 3,17h 26m
10415,Main + Extras,PlayStation 3,18h 54m
10415,Main + Extras,PlayStation 3,21h 15m
10415,Main + Extras,PlayStation 3,24h 15m
10415,Main + Extras,PlayStation 3,40h
10415,Completionists,PlayStation 3,14h 25m
10415,Completionists,PlayStation 3,17h 01m
10415,Completionists,PlayStation 3,20h
10415,Completionists,PlayStation 3,22h 12m
10415,Completionists,PlayStation 3,23h
10415,Completionists,PlayStation 3,23h 19m
