id,type,platform,time
10428,Main Story,Xbox 360,3h 12m
10428,Main Story,Xbox 360,4h 42m
10428,Main Story,Xbox One,5h 34m
10428,Main Story,Xbox 360,5h 58m
10428,Main Story,NA,6h
10428,Main Story,Xbox 360,6h
10428,Main Story,Xbox 360,6h
10428,Main Story,Xbox 360,6h
10428,Main Story,Xbox 360,6h 20m
10428,Main Story,Xbox 360,6h 26m
10428,Main Story,Xbox 360,6h 30m
10428,Main Story,Xbox 360,7h
10428,Main Story,Xbox 360,7h
10428,Main Story,Xbox 360,7h
10428,Main Story,Xbox 360,7h
10428,Main Story,Xbox 360,7h
10428,Main Story,Xbox 360,7h
10428,Main Story,PC,7h 55m
10428,Main Story,Xbox 360,8h
10428,Main Story,Xbox 360,8h
10428,Main Story,PC,8h
10428,Main Story,Xbox 360,8h
10428,Main Story,Xbox 360,8h 49m
10428,Main Story,Xbox 360,9h 16m
10428,Main Story,Xbox 360,10h
10428,Main Story,Xbox 360,12h 09m
10428,Main Story,Xbox 360,13h
10428,Main Story,PC,14h
10428,Main Story,PC,14h 20m
10428,Main Story,PC,15h
10428,Main Story,PC,16h
10428,Main Story,PC,16h
10428,Main Story,PC,17h
10428,Main Story,PC,20h
10428,Main Story,PC,20h
10428,Main Story,PC,29h 30m
10428,Main + Extras,Xbox 360,7h 02m
10428,Main + Extras,Xbox 360,8h
10428,Main + Extras,Xbox 360,8h
10428,Main + Extras,Xbox 360,10h
10428,Completionists,Xbox,8h
10428,Speed Run - Any%,PC,10h 45m 13s
