id,type,platform,time
10425,Main Story,PC,5h 20m
10425,Main Story,PC,6h
10425,Main Story,PC,7h
10425,Main Story,PC,7h
10425,Main Story,PC,7h
10425,Main Story,PC,9h
10425,Main Story,PC,10h
10425,Main Story,PC,11h
10425,Main Story,Xbox,12h
10425,Main Story,PlayStation 2,12h
10425,Main Story,PC,12h 20m
10425,Main Story,PC,12h 20m
10425,Main Story,PC,12h 50m
10425,Main Story,PC,13h
10425,Main Story,PC,13h
10425,Main Story,PC,13h
10425,Main Story,PC,13h 19m
10425,Main Story,PC,16h
10425,Main Story,Xbox,20h
10425,Main Story,PC,20h
10425,Main + Extras,PC,10h
10425,Main + Extras,PC,13h 22m
10425,Main + Extras,PC,14h 15m
10425,Main + Extras,Xbox,14h 44m
10425,Completionists,PC,18h
10425,Speed Run - Any%,PC,1h 03m 06s
10425,Co-Op Multiplayer,PC,5h
