id,type,platform,time
10434,Main Story,PC,7h 23m
10434,Main Story,PC,7h 25m
10434,Main Story,PC,8h
10434,Main Story,PC,8h
10434,Main Story,PC,8h
10434,Main Story,PC,8h 14m
10434,Main Story,Xbox 360,8h 20m
10434,Main Story,PlayStation 3,8h 23m
10434,Main Story,PC,8h 30m
10434,Main Story,Xbox 360,8h 45m
10434,Main Story,Xbox 360,9h
10434,Main Story,PC,9h
10434,Main Story,Xbox 360,9h
10434,Main Story,Xbox 360,9h
10434,Main Story,Xbox 360,9h
10434,Main Story,PlayStation 3,9h
10434,Main Story,PC,9h
10434,Main Story,Xbox 360,9h
10434,Main Story,Xbox 360,9h
10434,Main Story,PlayStation 3,9h
10434,Main Story,Xbox 360,9h 10m
10434,Main Story,PC,9h 18m
10434,Main Story,PlayStation 3,9h 25m
10434,Main Story,Xbox 360,9h 27m
10434,Main Story,PC,9h 30m
10434,Main Story,PC,9h 42m
10434,Main Story,Xbox 360,9h 46m
10434,Main Story,PC,9h 54m
10434,Main Story,PC,10h
10434,Main Story,PC,10h
10434,Main Story,PC,10h
10434,Main Story,Xbox 360,10h
10434,Main Story,Xbox 360,10h
10434,Main Story,PC,10h
10434,Main Story,PC,10h
10434,Main Story,Xbox 360,10h
10434,Main Story,PC,10h
10434,Main Story,PlayStation 3,10h
10434,Main Story,PC,10h
10434,Main Story,PC,10h
10434,Main Story,Xbox 360,10h
10434,Main Story,Xbox 360,10h
10434,Main Story,PC,10h
10434,Main Story,PC,10h
10434,Main Story,PC,10h
10434,Main Story,PlayStation 3,10h
10434,Main Story,PC,10h
10434,Main Story,PC,10h 03m
10434,Main Story,PlayStation 3,10h 03m
10434,Main Story,PlayStation 3,10h 03m
10434,Main Story,PC,10h 06m
10434,Main Story,Xbox 360,10h 11m
10434,Main Story,PlayStation 3,10h 19m
10434,Main Story,PC,10h 22m
10434,Main Story,PlayStation 3,10h 30m
10434,Main Story,PlayStation 3,10h 30m
10434,Main Story,Xbox 360,10h 30m
10434,Main Story,PlayStation 3,10h 33m
10434,Main Story,PC,10h 34m
10434,Main Story,Xbox 360,10h 35m
10434,Main Story,PlayStation 3,10h 36m
10434,Main Story,PlayStation 3,10h 40m
10434,Main Story,NA,10h 43m
10434,Main Story,Xbox 360,11h
10434,Main Story,Xbox 360,11h
10434,Main Story,PC,11h
10434,Main Story,PlayStation 3,11h
10434,Main Story,PlayStation 3,11h
10434,Main Story,PC,11h
10434,Main Story,PC,11h 02m
10434,Main Story,PC,11h 20m
10434,Main Story,PlayStation 3,11h 25m
10434,Main Story,Xbox 360,11h 40m
10434,Main Story,PlayStation 3,11h 42m
10434,Main Story,PC,11h 57m
10434,Main Story,PlayStation 3,12h
10434,Main Story,PC,12h
10434,Main Story,Xbox 360,12h
10434,Main Story,Xbox 360,12h
10434,Main Story,PC,13h
10434,Main Story,PC,13h
10434,Main Story,Xbox 360,13h
10434,Main Story,Xbox 360,13h 15m
10434,Main Story,PC,14h
10434,Main Story,PC,14h
10434,Main Story,PC,15h
10434,Main Story,Xbox 360,15h
10434,Main Story,Xbox 360,20h
10434,Main Story,Xbox 360,20h
10434,Main + Extras,PC,9h 06m
10434,Main + Extras,Xbox 360,10h
10434,Main + Extras,PC,10h
10434,Main + Extras,PlayStation 3,10h
10434,Main + Extras,PC,10h 34m
10434,Main + Extras,PC,10h 35m
10434,Main + Extras,PC,10h 58m
10434,Main + Extras,PC,11h
10434,Main + Extras,PC,11h
10434,Main + Extras,PlayStation 3,11h 30m
10434,Main + Extras,PC,11h 56m
10434,Main + Extras,Xbox 360,12h
10434,Main + Extras,Xbox 360,12h
10434,Main + Extras,PC,12h 17m
10434,Main + Extras,Xbox 360,13h
10434,Main + Extras,PlayStation 3,13h 03m
10434,Main + Extras,PC,13h 47m
10434,Main + Extras,Xbox 360,14h
10434,Main + Extras,PC,14h
10434,Main + Extras,PC,14h
10434,Main + Extras,PlayStation 3,14h 17m
10434,Main + Extras,PC,15h
10434,Main + Extras,Xbox 360,15h
10434,Main + Extras,PC,15h
10434,Main + Extras,Xbox 360,19h
10434,Main + Extras,PC,20h
10434,Main + Extras,PC,31h
10434,Completionists,PC,11h 27m
10434,Completionists,PC,12h
10434,Completionists,PC,15h
10434,Completionists,PC,19h
10434,Completionists,PC,21h 22m
10434,Speed Run - Any%,Xbox 360,4h 18m 04s
10434,Co-Op Multiplayer,PC,7h
10434,Co-Op Multiplayer,PC,10h
10434,Co-Op Multiplayer,PC,10h
10434,Co-Op Multiplayer,PC,13h
10434,Co-Op Multiplayer,PC,26h
