id,type,platform,time
10438,Main Story,Nintendo 3DS,15h 47m
10438,Main Story,Nintendo 3DS,15h 54m
10438,Main Story,Nintendo 3DS,17h 08m
10438,Main Story,Nintendo 3DS,18h 22m
10438,Main Story,Nintendo 3DS,20h 53m
10438,Main Story,Nintendo 3DS,22h
10438,Main Story,Nintendo 3DS,22h 01m
10438,Main Story,Nintendo 3DS,22h 03m
10438,Main Story,Nintendo 3DS,22h 34m
10438,Main Story,Nintendo 3DS,23h 39m
10438,Main Story,Nintendo 3DS,24h 07m
10438,Main Story,Nintendo 3DS,24h 30m
10438,Main Story,Nintendo 3DS,24h 44m
10438,Main Story,Nintendo 3DS,25h
10438,Main Story,Nintendo 3DS,26h
10438,Main Story,Nintendo 3DS,26h
10438,Main Story,Nintendo 3DS,26h 12m
10438,Main Story,Nintendo 3DS,28h 58m
10438,Main Story,Nintendo 3DS,29h
10438,Main Story,Nintendo 3DS,30h 21m
10438,Main Story,Nintendo 3DS,30h 50m
10438,Main Story,Nintendo 3DS,30h 52m
10438,Main Story,Nintendo 3DS,33h 50m
10438,Main Story,Nintendo 3DS,37h
10438,Main + Extras,Nintendo 3DS,25h 13m
10438,Main + Extras,Nintendo 3DS,28h 54m
10438,Main + Extras,Nintendo 3DS,30h 45m
10438,Main + Extras,Nintendo 3DS,34h
10438,Main + Extras,Nintendo 3DS,34h 54m
10438,Main + Extras,Nintendo 3DS,35h 18m
10438,Main + Extras,Nintendo 3DS,35h 31m
10438,Main + Extras,Nintendo 3DS,39h
10438,Main + Extras,Nintendo 3DS,60h
10438,Main + Extras,Nintendo 3DS,80h 49m
10438,Completionists,Nintendo 3DS,56h 25m
