id,type,platform,time
10439,Main Story,Android,3h
10439,Main Story,PC,5h
10439,Main Story,PlayStation 3,5h 17m
10439,Main Story,PC,6h
10439,Main Story,PlayStation 3,6h 15m
10439,Main Story,Xbox 360,6h 30m
10439,Main Story,PC,6h 30m
10439,Main Story,PC,6h 31m
10439,Main Story,Xbox 360,7h
10439,Main Story,PC,7h
10439,Main Story,PC,7h
10439,Main Story,Xbox 360,7h
10439,Main Story,PC,7h
10439,Main Story,PC,7h
10439,Main Story,PlayStation 3,7h 20m
10439,Main Story,PC,7h 30m
10439,Main Story,Xbox 360,8h
10439,Main Story,PC,8h
10439,Main Story,Xbox 360,8h
10439,Main Story,PC,8h
10439,Main Story,PC,8h
10439,Main Story,PC,8h
10439,Main Story,Xbox 360,8h
10439,Main Story,PC,8h
10439,Main Story,PC,8h
10439,Main Story,Xbox 360,8h 50m
10439,Main Story,Xbox 360,9h
10439,Main Story,PC,9h 35m
10439,Main Story,Xbox 360,11h
10439,Main Story,PC,17h 07m
10439,Main + Extras,PC,7h 15m
10439,Main + Extras,PC,7h 36m
10439,Main + Extras,Xbox 360,8h
10439,Main + Extras,PC,10h
10439,Main + Extras,Xbox 360,11h
10439,Main + Extras,PC,13h 29m
