id,type,platform,time
10431,Main Story,Xbox One,4h 36m
10431,Main Story,Xbox 360,5h
10431,Main Story,Xbox One,5h 18m
10431,Main Story,PlayStation 3,6h 18m
10431,Main Story,Xbox 360,6h 30m
10431,Main Story,PC,7h 05m
10431,Main Story,PC,7h 30m
10431,Main Story,PC,8h
10431,Main Story,PC,8h
10431,Main Story,PC,8h
10431,Main Story,PC,8h
10431,Main Story,PC,8h 30m
10431,Main Story,Xbox 360,8h 41m
10431,Main Story,Xbox 360,9h
10431,Main Story,PC,9h
10431,Main Story,PC,9h
10431,Main Story,PC,9h
10431,Main Story,Xbox 360,9h
10431,Main Story,PC,9h 34m
10431,Main Story,Xbox 360,10h
10431,Main Story,Xbox 360,10h
10431,Main Story,PlayStation 3,10h
10431,Main Story,Xbox 360,10h
10431,Main Story,Xbox 360,10h
10431,Main Story,Xbox 360,10h
10431,Main Story,PC,10h
10431,Main Story,PC,10h
10431,Main Story,Xbox 360,10h
10431,Main Story,Xbox 360,10h
10431,Main Story,PC,10h 01m
10431,Main Story,PlayStation 3,10h 30m
10431,Main Story,Xbox 360,12h
10431,Main + Extras,Xbox 360,8h 35m
10431,Main + Extras,Xbox 360,11h
10431,Main + Extras,Xbox 360,12h
10431,Completionists,PC,20h
10431,Speed Run - Any%,PlayStation 3,4h 34m 13s
