id,type,platform,time
10442,Main Story,PlayStation,5h 21m
10442,Main Story,Nintendo 64,10h 30m
10442,Main Story,PlayStation,11h
10442,Main Story,Nintendo 64,12h 15m
10442,Main Story,Nintendo 64,13h
10442,Main Story,PC,13h
10442,Main Story,PC,13h
10442,Main Story,PC,13h 52m
10442,Main Story,Dreamcast,15h
10442,Main Story,PC,15h 10m
10442,Main Story,PC,16h
10442,Main Story,PC,16h
10442,Main Story,Nintendo 64,16h 45m
10442,Main Story,PC,17h
10442,Main + Extras,PlayStation,15h
10442,Completionists,PC,13h
