id,type,platform,time
10456,Main Story,PC,3h 47m
10456,Main Story,PC,3h 53m
10456,Main Story,PC,4h
10456,Main Story,PC,4h 45m
10456,Main Story,PC,4h 49m
10456,Main Story,PC,5h
10456,Main Story,PC,5h
10456,Main Story,PC,5h
10456,Main Story,PC,5h
10456,Main Story,PC,5h
10456,Main Story,PC,5h 10m
10456,Main Story,PC,5h 42m
10456,Main Story,PC,6h
10456,Main Story,PC,6h
10456,Main Story,PC,6h
10456,Main Story,Xbox One,6h 20m
10456,Main Story,Xbox 360,6h 30m
10456,Main Story,PC,6h 40m
10456,Main Story,PC,6h 45m
10456,Main Story,PC,6h 54m
10456,Main Story,Xbox 360,7h
10456,Main Story,PC,7h 20m
10456,Main Story,Xbox 360,7h 20m
10456,Main Story,PC,7h 30m
10456,Main Story,PC,7h 45m
10456,Main Story,Xbox 360,7h 50m
10456,Main Story,PC,8h
10456,Main Story,PC,8h
10456,Main Story,PC,8h
10456,Main Story,Xbox 360,8h
10456,Main Story,PC,8h
10456,Main Story,PC,8h
10456,Main Story,Xbox One,8h
10456,Main Story,PlayStation 3,8h
10456,Main Story,PC,8h 12m
10456,Main Story,Xbox One,8h 15m
10456,Main Story,Xbox 360,8h 29m
10456,Main Story,PlayStation 3,8h 30m
10456,Main Story,PC,8h 30m
10456,Main Story,PC,8h 36m
10456,Main Story,PC,8h 40m
10456,Main Story,Xbox 360,8h 45m
10456,Main Story,PC,8h 50m
10456,Main Story,Xbox 360,8h 50m
10456,Main Story,PC,9h
10456,Main Story,PC,9h
10456,Main Story,PC,9h
10456,Main Story,Xbox 360,9h
10456,Main Story,PC,9h
10456,Main Story,PC,9h
10456,Main Story,PC,9h
10456,Main Story,Xbox,9h
10456,Main Story,PC,9h
10456,Main Story,Xbox 360,9h
10456,Main Story,PC,9h
10456,Main Story,Xbox One,9h
10456,Main Story,Xbox 360,9h
10456,Main Story,PlayStation 3,9h
10456,Main Story,Xbox 360,9h
10456,Main Story,PC,9h
10456,Main Story,PC,9h
10456,Main Story,Xbox 360,9h 02m
10456,Main Story,PC,9h 18m
10456,Main Story,PC,9h 30m
10456,Main Story,PlayStation 3,9h 41m
10456,Main Story,PlayStation 3,10h
10456,Main Story,PC,10h
10456,Main Story,Xbox 360,10h
10456,Main Story,PC,10h
10456,Main Story,Xbox 360,10h
10456,Main Story,PC,10h 08m
10456,Main Story,PlayStation 3,10h 24m
10456,Main Story,PC,11h 30m
10456,Main Story,Xbox 360,12h
10456,Main Story,PC,12h
10456,Main Story,Xbox One,12h
10456,Main Story,Xbox 360,12h
10456,Main Story,PC,12h
10456,Main Story,Xbox 360,12h 43m
10456,Main Story,PlayStation 3,13h
10456,Main Story,PC,14h
10456,Main Story,PC,14h 25m
10456,Main Story,Xbox 360,16h
10456,Main Story,Xbox 360,20h
10456,Main Story,PC,26h
10456,Main + Extras,PC,6h
10456,Main + Extras,PC,6h 25m
10456,Main + Extras,Xbox 360,6h 30m
10456,Main + Extras,PC,6h 36m
10456,Main + Extras,PC,6h 45m
10456,Main + Extras,PlayStation 3,7h 35m
10456,Main + Extras,PC,9h 45m
10456,Main + Extras,PC,10h
10456,Main + Extras,PC,10h
10456,Main + Extras,PC,10h 03m
10456,Main + Extras,PC,11h
10456,Main + Extras,Xbox 360,11h 49m
10456,Main + Extras,PlayStation 3,11h 53m
10456,Main + Extras,Xbox 360,12h
10456,Main + Extras,PC,12h 30m
10456,Main + Extras,PC,12h 48m
10456,Main + Extras,PC,13h
10456,Main + Extras,Xbox 360,13h
10456,Main + Extras,PC,13h
10456,Main + Extras,Xbox 360,13h 30m
10456,Main + Extras,PC,14h
10456,Main + Extras,PC,14h
10456,Main + Extras,PC,14h
10456,Main + Extras,PC,29h
10456,Main + Extras,Xbox 360,30h
10456,Completionists,Xbox 360,12h
10456,Completionists,PC,16h 30m
10456,Completionists,PC,21h
10456,Completionists,Xbox 360,40h
10456,Co-Op Multiplayer,PC,5h
10456,Co-Op Multiplayer,PlayStation 3,6h
10456,Co-Op Multiplayer,PC,6h
10456,Co-Op Multiplayer,PC,7h
10456,Co-Op Multiplayer,Xbox 360,8h
10456,Co-Op Multiplayer,Xbox 360,8h
10456,Co-Op Multiplayer,PC,9h
10456,Co-Op Multiplayer,Xbox 360,9h
10456,Co-Op Multiplayer,PC,10h
10456,Co-Op Multiplayer,PC,12h
10456,Co-Op Multiplayer,PC,15h
10456,Co-Op Multiplayer,PC,20h
10456,Co-Op Multiplayer,PC,28h
