id,type,platform,time
10455,Main Story,PC,4h
10455,Main Story,PSP,4h
10455,Main Story,PC,5h 28m
10455,Main Story,PC,5h 53m
10455,Main Story,PC,6h
10455,Main Story,PC,6h 15m
10455,Main Story,PC,6h 17m
10455,Main Story,Xbox 360,6h 30m
10455,Main Story,Xbox 360,6h 30m
10455,Main Story,PC,6h 42m
10455,Main Story,PC,6h 45m
10455,Main Story,PC,6h 50m
10455,Main Story,Xbox 360,7h
10455,Main Story,PC,7h
10455,Main Story,PC,7h
10455,Main Story,PC,7h
10455,Main Story,PC,7h
10455,Main Story,PlayStation 3,7h
10455,Main Story,PC,7h
10455,Main Story,PC,7h 15m
10455,Main Story,Xbox 360,7h 16m
10455,Main Story,PC,7h 30m
10455,Main Story,Xbox 360,7h 30m
10455,Main Story,NA,7h 30m
10455,Main Story,PC,7h 40m
10455,Main Story,PC,7h 42m
10455,Main Story,Xbox 360,7h 45m
10455,Main Story,PC,8h
10455,Main Story,PlayStation 3,8h
10455,Main Story,Xbox 360,8h
10455,Main Story,PC,8h
10455,Main Story,Xbox 360,8h
10455,Main Story,PC,8h
10455,Main Story,Xbox,8h
10455,Main Story,Xbox 360,8h
10455,Main Story,Xbox 360,8h
10455,Main Story,PC,8h
10455,Main Story,PlayStation 3,8h 10m
10455,Main Story,Xbox 360,8h 21m
10455,Main Story,Xbox 360,8h 30m
10455,Main Story,PlayStation 3,8h 30m
10455,Main Story,Xbox 360,8h 30m
10455,Main Story,Xbox 360,8h 30m
10455,Main Story,PC,8h 35m
10455,Main Story,PC,8h 50m
10455,Main Story,PC,9h
10455,Main Story,Xbox 360,9h
10455,Main Story,PlayStation 3,9h
10455,Main Story,PC,9h
10455,Main Story,Xbox 360,9h
10455,Main Story,PC,9h
10455,Main Story,PC,9h
10455,Main Story,PC,9h 30m
10455,Main Story,Xbox 360,9h 47m
10455,Main Story,PC,10h
10455,Main Story,Xbox 360,10h
10455,Main Story,Xbox 360,10h
10455,Main Story,Xbox 360,10h
10455,Main Story,NA,10h 32m
10455,Main Story,Xbox 360,11h
10455,Main Story,Xbox 360,11h
10455,Main Story,PC,12h
10455,Main Story,PC,12h
10455,Main Story,PC,12h
10455,Main Story,Xbox 360,12h
10455,Main Story,PC,15h
10455,Main Story,PC,18h
10455,Main Story,Xbox 360,20h
10455,Main Story,PC,24h
10455,Main Story,PC,26h
10455,Main + Extras,PC,8h
10455,Main + Extras,PC,8h
10455,Main + Extras,PC,8h
10455,Main + Extras,PC,9h 10m
10455,Main + Extras,PC,9h 30m
10455,Main + Extras,PC,9h 48m
10455,Main + Extras,NA,10h
10455,Main + Extras,PC,10h
10455,Main + Extras,Xbox 360,12h
10455,Main + Extras,Xbox 360,12h
10455,Main + Extras,Xbox 360,12h
10455,Main + Extras,PC,12h
10455,Main + Extras,Xbox 360,12h 30m
10455,Main + Extras,Xbox 360,13h
10455,Main + Extras,Xbox 360,14h
10455,Main + Extras,PC,15h
10455,Main + Extras,PC,19h 40m
10455,Completionists,PC,12h 26m
10455,Completionists,PC,17h
10455,Completionists,PC,20h
10455,Completionists,PC,20h
10455,Completionists,PC,32h
10455,Completionists,Xbox 360,200h
10455,Co-Op Multiplayer,Xbox 360,9h
10455,Co-Op Multiplayer,Xbox 360,12h
10455,Co-Op Multiplayer,PC,22h
