id,type,platform,time
10457,Main Story,PC,6h 20m
10457,Main Story,PC,7h
10457,Main Story,PC,7h 33m
10457,Main Story,PC,8h
10457,Main Story,PC,8h
10457,Main Story,PC,8h
10457,Main Story,PC,9h
10457,Main Story,PC,9h 06m
10457,Main Story,PC,9h 11m
10457,Main Story,PC,9h 30m
10457,Main Story,PC,9h 30m
10457,Main Story,PC,9h 40m
10457,Main Story,NA,9h 45m
10457,Main Story,PC,10h
10457,Main Story,PC,10h
10457,Main Story,PC,10h
10457,Main Story,PlayStation 2,10h
10457,Main Story,PC,10h
10457,Main Story,PC,10h
10457,Main Story,PC,10h 05m
10457,Main Story,PC,10h 12m
10457,Main Story,PC,10h 27m
10457,Main Story,PC,10h 30m
10457,Main Story,PC,10h 46m
10457,Main Story,Xbox,11h
10457,Main Story,PC,11h
10457,Main Story,Xbox,11h
10457,Main Story,PC,11h
10457,Main Story,PC,11h
10457,Main Story,PC,11h 02m
10457,Main Story,PC,11h 09m
10457,Main Story,PC,11h 20m
10457,Main Story,PC,11h 30m
10457,Main Story,PC,11h 30m
10457,Main Story,PlayStation 2,11h 30m
10457,Main Story,PC,12h
10457,Main Story,PC,12h
10457,Main Story,PlayStation 3,12h
10457,Main Story,Xbox,12h
10457,Main Story,Xbox 360,12h
10457,Main Story,PlayStation 2,12h
10457,Main Story,PC,12h
10457,Main Story,PC,12h
10457,Main Story,PC,12h
10457,Main Story,Xbox,12h
10457,Main Story,PC,12h
10457,Main Story,PlayStation 2,12h
10457,Main Story,PC,12h
10457,Main Story,Xbox,12h
10457,Main Story,PC,12h
10457,Main Story,PC,12h
10457,Main Story,PC,12h
10457,Main Story,PC,12h 07m
10457,Main Story,PlayStation 2,12h 16m
10457,Main Story,PC,12h 18m
10457,Main Story,Nintendo GameCube,12h 30m
10457,Main Story,Xbox,12h 30m
10457,Main Story,PlayStation 2,12h 30m
10457,Main Story,PC,12h 30m
10457,Main Story,PlayStation 3,12h 30m
10457,Main Story,PC,12h 30m
10457,Main Story,PC,12h 31m
10457,Main Story,Xbox,12h 31m
10457,Main Story,Xbox,12h 34m
10457,Main Story,PC,12h 36m
10457,Main Story,PlayStation 3,12h 50m
10457,Main Story,PC,13h
10457,Main Story,PC,13h
10457,Main Story,PC,13h
10457,Main Story,PC,13h
10457,Main Story,PlayStation 3,13h
10457,Main Story,PlayStation 3,13h
10457,Main Story,PC,13h
10457,Main Story,PC,13h
10457,Main Story,PC,13h
10457,Main Story,PlayStation 2,13h
10457,Main Story,PlayStation 3,13h
10457,Main Story,PlayStation 2,13h
10457,Main Story,Nintendo GameCube,13h
10457,Main Story,PC,13h
10457,Main Story,Xbox,13h
10457,Main Story,PC,13h
10457,Main Story,PC,13h
10457,Main Story,PC,13h
10457,Main Story,Xbox,13h
10457,Main Story,PlayStation 3,13h
10457,Main Story,Nintendo GameCube,13h
10457,Main Story,PC,13h
10457,Main Story,PlayStation 2,13h
10457,Main Story,PC,13h
10457,Main Story,PC,13h
10457,Main Story,PC,13h 10m
10457,Main Story,PC,13h 24m
10457,Main Story,PC,13h 25m
10457,Main Story,PC,13h 30m
10457,Main Story,PC,13h 45m
10457,Main Story,PC,14h
10457,Main Story,PC,14h
10457,Main Story,PlayStation 2,14h
10457,Main Story,PlayStation 2,14h
10457,Main Story,NA,14h 10m
10457,Main Story,PC,14h 30m
10457,Main Story,PC,14h 43m
10457,Main Story,PC,14h 55m
10457,Main Story,PC,15h
10457,Main Story,PC,15h
10457,Main Story,Xbox,15h
10457,Main Story,PC,15h
10457,Main Story,PC,15h
10457,Main Story,Xbox,15h
10457,Main Story,PC,15h
10457,Main Story,PC,15h
10457,Main Story,PC,15h
10457,Main Story,PC,15h
10457,Main Story,PC,15h
10457,Main Story,PlayStation 3,15h 23m
10457,Main Story,PC,15h 50m
10457,Main Story,PC,16h
10457,Main Story,PC,16h
10457,Main Story,PC,16h 30m
10457,Main Story,PC,16h 40m
10457,Main Story,PC,17h
10457,Main Story,Xbox,20h
10457,Main Story,Xbox,20h
10457,Main Story,PC,20h
10457,Main Story,PC,20h 15m
10457,Main + Extras,PC,11h
10457,Main + Extras,PC,11h 59m
10457,Main + Extras,PlayStation 2,12h
10457,Main + Extras,PC,12h
10457,Main + Extras,PC,12h
10457,Main + Extras,PlayStation 2,12h
10457,Main + Extras,PC,13h 05m
10457,Main + Extras,PC,13h 33m
10457,Main + Extras,PlayStation 3,13h 45m
10457,Main + Extras,PC,13h 58m
10457,Main + Extras,PlayStation 3,14h
10457,Main + Extras,PC,14h
10457,Main + Extras,PC,14h
10457,Main + Extras,PC,14h 05m
10457,Main + Extras,Xbox,14h 15m
10457,Main + Extras,PC,14h 45m
10457,Main + Extras,PC,15h
10457,Main + Extras,PlayStation 2,15h
10457,Main + Extras,PC,15h
10457,Main + Extras,Xbox,15h
10457,Main + Extras,PC,15h
10457,Main + Extras,PC,15h
10457,Main + Extras,Xbox,15h
10457,Main + Extras,PC,15h
10457,Main + Extras,PC,15h
10457,Main + Extras,PC,15h 49m
10457,Main + Extras,PlayStation 2,16h
10457,Main + Extras,PC,16h 05m
10457,Main + Extras,PC,16h 18m
10457,Main + Extras,PlayStation 3,16h 27m
10457,Main + Extras,PC,17h 14m
10457,Main + Extras,PC,18h 27m
10457,Main + Extras,PC,18h 45m
10457,Main + Extras,PC,19h
10457,Main + Extras,PC,20h
10457,Main + Extras,PC,27h
10457,Completionists,Game Boy Advance,6h 56m
10457,Completionists,Nintendo GameCube,7h 30m
10457,Completionists,PC,8h
10457,Completionists,Xbox,9h 12m
10457,Completionists,PC,9h 37m
10457,Completionists,PC,10h
10457,Completionists,PC,10h 13m
10457,Completionists,PC,10h 30m
10457,Completionists,NA,11h
10457,Completionists,PlayStation 3,12h
10457,Completionists,PC,12h
10457,Completionists,PC,12h 15m
10457,Completionists,PC,12h 20m
10457,Completionists,PC,12h 52m
10457,Completionists,PC,13h
10457,Completionists,PC,13h 11m
10457,Completionists,PC,13h 20m
10457,Completionists,PC,13h 25m
10457,Completionists,PC,13h 29m
10457,Completionists,PC,13h 32m
10457,Completionists,PC,13h 37m
10457,Completionists,PC,13h 52m
10457,Completionists,PC,13h 55m
10457,Completionists,PC,14h
10457,Completionists,PC,14h
10457,Completionists,PlayStation 3,15h
10457,Completionists,PC,15h
10457,Completionists,PC,15h
10457,Completionists,Mobile,15h
10457,Completionists,PC,15h
10457,Completionists,PlayStation 2,15h 30m
10457,Completionists,PC,15h 40m
10457,Completionists,PC,15h 53m
10457,Completionists,Xbox,16h
10457,Completionists,PC,16h 10m
10457,Completionists,PC,16h 48m
10457,Completionists,PC,16h 55m
10457,Completionists,PC,16h 56m
10457,Completionists,PC,17h
10457,Completionists,PC,17h
10457,Completionists,PC,17h
10457,Completionists,PC,17h 15m
10457,Completionists,NA,18h
10457,Completionists,PC,18h
10457,Completionists,PC,18h 10m
10457,Completionists,PlayStation 3,20h
10457,Completionists,PlayStation 2,20h
10457,Completionists,Xbox,20h
10457,Completionists,Xbox,21h
10457,Completionists,Xbox,21h 05m
10457,Completionists,Xbox,24h 56m
10457,Completionists,PlayStation 2,26h
10457,Completionists,PC,30h
