id,type,platform,time
10462,Main Story,PC,3h 30m
10462,Main Story,PC,3h 52m
10462,Main Story,PC,3h 54m
10462,Main Story,PC,3h 56m
10462,Main Story,Xbox 360,4h 30m
10462,Main Story,PC,4h 30m
10462,Main Story,PC,4h 34m
10462,Main Story,PC,4h 38m
10462,Main Story,Xbox 360,4h 45m
10462,Main Story,PC,5h
10462,Main Story,PC,5h
10462,Main Story,PC,5h
10462,Main Story,PC,5h
10462,Main Story,PC,5h
10462,Main Story,PC,5h
10462,Main Story,PC,5h
10462,Main Story,PC,5h
10462,Main Story,Android,5h
10462,Main Story,Xbox 360,5h
10462,Main Story,PC,5h 06m
10462,Main Story,PC,5h 06m
10462,Main Story,Xbox 360,5h 15m
10462,Main Story,PC,5h 27m
10462,Main Story,PC,5h 30m
10462,Main Story,PC,5h 30m
10462,Main Story,PC,5h 30m
10462,Main Story,Xbox 360,5h 30m
10462,Main Story,PC,5h 34m
10462,Main Story,Xbox 360,5h 35m
10462,Main Story,PC,5h 36m
10462,Main Story,PC,5h 40m
10462,Main Story,Xbox 360,5h 40m
10462,Main Story,NA,5h 45m
10462,Main Story,Xbox 360,5h 45m
10462,Main Story,PC,5h 48m
10462,Main Story,PC,5h 48m
10462,Main Story,PC,5h 52m
10462,Main Story,NA,6h
10462,Main Story,Xbox 360,6h
10462,Main Story,NA,6h
10462,Main Story,Xbox 360,6h
10462,Main Story,Xbox 360,6h
10462,Main Story,PC,6h
10462,Main Story,PC,6h
10462,Main Story,Xbox 360,6h
10462,Main Story,PC,6h
10462,Main Story,PC,6h
10462,Main Story,PC,6h
10462,Main Story,PC,6h
10462,Main Story,PC,6h
10462,Main Story,PC,6h
10462,Main Story,Xbox 360,6h
10462,Main Story,PC,6h
10462,Main Story,PC,6h
10462,Main Story,PC,6h 10m
10462,Main Story,PC,6h 14m
10462,Main Story,Xbox 360,6h 14m
10462,Main Story,Xbox 360,6h 15m
10462,Main Story,PC,6h 20m
10462,Main Story,Xbox 360,6h 23m
10462,Main Story,PC,6h 30m
10462,Main Story,PC,6h 30m
10462,Main Story,PC,6h 30m
10462,Main Story,PC,6h 30m
10462,Main Story,PC,6h 30m
10462,Main Story,PC,6h 30m
10462,Main Story,PC,6h 30m
10462,Main Story,PC,6h 30m
10462,Main Story,PC,6h 30m
10462,Main Story,PC,6h 34m
10462,Main Story,PC,6h 40m
10462,Main Story,PC,6h 40m
10462,Main Story,PC,6h 40m
10462,Main Story,PC,6h 40m
10462,Main Story,Xbox 360,6h 45m
10462,Main Story,Xbox 360,6h 45m
10462,Main Story,Xbox 360,6h 49m
10462,Main Story,PC,6h 56m
10462,Main Story,NA,7h
10462,Main Story,Xbox 360,7h
10462,Main Story,PC,7h
10462,Main Story,PC,7h
10462,Main Story,PC,7h
10462,Main Story,Xbox 360,7h
10462,Main Story,PC,7h
10462,Main Story,Xbox 360,7h
10462,Main Story,Xbox 360,7h
10462,Main Story,PC,7h
10462,Main Story,PC,7h
10462,Main Story,PC,7h
10462,Main Story,PC,7h
10462,Main Story,PC,7h
10462,Main Story,PC,7h
10462,Main Story,PC,7h
10462,Main Story,Xbox 360,7h
10462,Main Story,Xbox 360,7h
10462,Main Story,PC,7h
10462,Main Story,PC,7h
10462,Main Story,PC,7h
10462,Main Story,Xbox 360,7h
10462,Main Story,PC,7h
10462,Main Story,Xbox 360,7h
10462,Main Story,Xbox 360,7h
10462,Main Story,Xbox 360,7h
10462,Main Story,PC,7h
10462,Main Story,Xbox 360,7h
10462,Main Story,PC,7h
10462,Main Story,PC,7h 05m
10462,Main Story,PC,7h 10m
10462,Main Story,PC,7h 10m
10462,Main Story,PC,7h 12m
10462,Main Story,PC,7h 15m
10462,Main Story,PC,7h 21m
10462,Main Story,Xbox 360,7h 21m
10462,Main Story,Xbox 360,7h 25m
10462,Main Story,Xbox One,7h 27m
10462,Main Story,PC,7h 27m
10462,Main Story,PC,7h 28m
10462,Main Story,Xbox 360,7h 28m
10462,Main Story,PC,7h 30m
10462,Main Story,PC,7h 30m
10462,Main Story,PC,7h 30m
10462,Main Story,Xbox 360,7h 30m
10462,Main Story,PC,7h 30m
10462,Main Story,PC,7h 30m
10462,Main Story,PC,7h 30m
10462,Main Story,NA,7h 30m
10462,Main Story,PC,7h 30m
10462,Main Story,PC,7h 30m
10462,Main Story,PC,7h 30m
10462,Main Story,PC,7h 30m
10462,Main Story,PC,7h 30m
10462,Main Story,PC,7h 30m
10462,Main Story,Xbox 360,7h 45m
10462,Main Story,PC,7h 50m
10462,Main Story,PC,7h 51m
10462,Main Story,Xbox 360,7h 54m
10462,Main Story,Xbox 360,7h 54m
10462,Main Story,Xbox 360,8h
10462,Main Story,PC,8h
10462,Main Story,PC,8h
10462,Main Story,PC,8h
10462,Main Story,Xbox 360,8h
10462,Main Story,Xbox 360,8h
10462,Main Story,PC,8h
10462,Main Story,Xbox 360,8h
10462,Main Story,Xbox 360,8h
10462,Main Story,PC,8h
10462,Main Story,PC,8h
10462,Main Story,Xbox 360,8h
10462,Main Story,PC,8h
10462,Main Story,PC,8h
10462,Main Story,Xbox 360,8h
10462,Main Story,PC,8h
10462,Main Story,Xbox 360,8h
10462,Main Story,Xbox 360,8h
10462,Main Story,PC,8h
10462,Main Story,PC,8h
10462,Main Story,PC,8h
10462,Main Story,Xbox 360,8h
10462,Main Story,Xbox 360,8h
10462,Main Story,Xbox 360,8h
10462,Main Story,Xbox 360,8h
10462,Main Story,PC,8h
10462,Main Story,PC,8h
10462,Main Story,Xbox 360,8h
10462,Main Story,Xbox 360,8h
10462,Main Story,Xbox 360,8h
10462,Main Story,PC,8h
10462,Main Story,Xbox 360,8h
10462,Main Story,PC,8h
10462,Main Story,Xbox 360,8h
10462,Main Story,Xbox 360,8h
10462,Main Story,Xbox 360,8h
10462,Main Story,Xbox 360,8h
10462,Main Story,Xbox 360,8h
10462,Main Story,Xbox 360,8h
10462,Main Story,PC,8h
10462,Main Story,PC,8h
10462,Main Story,Xbox 360,8h
10462,Main Story,MSX,8h
10462,Main Story,PC,8h
10462,Main Story,PC,8h
10462,Main Story,PC,8h
10462,Main Story,PC,8h 10m
10462,Main Story,Xbox 360,8h 10m
10462,Main Story,PC,8h 12m
10462,Main Story,Xbox 360,8h 15m
10462,Main Story,Xbox 360,8h 25m
10462,Main Story,Xbox 360,8h 30m
10462,Main Story,Xbox 360,8h 30m
10462,Main Story,PC,8h 55m
10462,Main Story,PC,9h
10462,Main Story,PC,9h
10462,Main Story,PC,9h
10462,Main Story,PC,9h
10462,Main Story,PC,9h
10462,Main Story,PC,9h
10462,Main Story,Xbox 360,9h
10462,Main Story,Xbox 360,9h
10462,Main Story,PC,9h
10462,Main Story,Xbox 360,9h
10462,Main Story,PC,9h
10462,Main Story,PC,9h 06m
10462,Main Story,PC,9h 17m
10462,Main Story,PC,9h 24m
10462,Main Story,PC,9h 30m
10462,Main Story,Xbox 360,9h 30m
10462,Main Story,PC,9h 38m
10462,Main Story,Xbox 360,9h 45m
10462,Main Story,PC,9h 46m
10462,Main Story,PC,9h 53m
10462,Main Story,PC,10h
10462,Main Story,PC,10h
10462,Main Story,PC,10h
10462,Main Story,Xbox 360,10h
10462,Main Story,PC,10h
10462,Main Story,Xbox 360,10h
10462,Main Story,PC,10h
10462,Main Story,PC,10h
10462,Main Story,PC,10h
10462,Main Story,PC,10h
10462,Main Story,PC,10h 20m
10462,Main Story,PC,10h 30m
10462,Main Story,Xbox 360,10h 59m
10462,Main Story,PC,11h
10462,Main Story,PC,11h
10462,Main Story,PC,11h
10462,Main Story,PC,11h
10462,Main Story,PC,11h
10462,Main Story,Xbox 360,11h 15m
10462,Main Story,Xbox 360,11h 15m
10462,Main Story,PC,11h 57m
10462,Main Story,PC,12h
10462,Main Story,PC,12h
10462,Main Story,Xbox 360,13h
10462,Main Story,Xbox 360,14h
10462,Main Story,PC,15h
10462,Main Story,Xbox 360,15h 55m
10462,Main + Extras,PC,5h
10462,Main + Extras,PC,5h 50m
10462,Main + Extras,PC,6h
10462,Main + Extras,PC,6h
10462,Main + Extras,PC,6h 10m
10462,Main + Extras,PC,6h 42m
10462,Main + Extras,PC,6h 55m
10462,Main + Extras,PC,7h
10462,Main + Extras,Xbox 360,7h
10462,Main + Extras,PC,7h 05m
10462,Main + Extras,PC,7h 30m
10462,Main + Extras,PC,7h 55m
10462,Main + Extras,PC,8h
10462,Main + Extras,PC,8h
10462,Main + Extras,PC,8h 15m
10462,Main + Extras,PC,8h 20m
10462,Main + Extras,Xbox 360,8h 20m
10462,Main + Extras,PC,8h 30m
10462,Main + Extras,Xbox 360,8h 30m
10462,Main + Extras,PC,8h 31m
10462,Main + Extras,PC,9h
10462,Main + Extras,Xbox 360,9h
10462,Main + Extras,PlayStation 3,9h
10462,Main + Extras,PC,9h
10462,Main + Extras,PC,9h 07m
10462,Main + Extras,OnLive,9h 13m
10462,Main + Extras,PC,9h 24m
10462,Main + Extras,PC,9h 25m
10462,Main + Extras,PC,9h 30m
10462,Main + Extras,PC,9h 30m
10462,Main + Extras,NA,10h
10462,Main + Extras,PC,10h
10462,Main + Extras,Xbox 360,10h
10462,Main + Extras,Xbox 360,10h
10462,Main + Extras,PC,10h
10462,Main + Extras,PC,10h
10462,Main + Extras,Xbox 360,10h 05m
10462,Main + Extras,PC,10h 32m
10462,Main + Extras,PC,11h
10462,Main + Extras,Xbox 360,11h
10462,Main + Extras,PC,11h
10462,Main + Extras,NA,11h
10462,Main + Extras,Xbox One,11h
10462,Main + Extras,PC,11h
10462,Main + Extras,Xbox 360,11h 20m
10462,Main + Extras,PC,11h 25m
10462,Main + Extras,Xbox 360,11h 30m
10462,Main + Extras,MSX,11h 30m
10462,Main + Extras,PC,11h 48m
10462,Main + Extras,PC,11h 58m
10462,Main + Extras,Xbox 360,12h
10462,Main + Extras,Xbox 360,12h
10462,Main + Extras,PC,12h
10462,Main + Extras,PC,12h
10462,Main + Extras,PC,12h
10462,Main + Extras,Xbox 360,12h
10462,Main + Extras,PC,12h
10462,Main + Extras,PC,12h 17m
10462,Main + Extras,PC,12h 31m
10462,Main + Extras,Xbox 360,12h 39m
10462,Main + Extras,Xbox 360,12h 45m
10462,Main + Extras,Xbox 360,13h
10462,Main + Extras,PC,13h
10462,Main + Extras,PC,13h
10462,Main + Extras,Xbox 360,13h 10m
10462,Main + Extras,PC,13h 42m
10462,Main + Extras,NA,14h
10462,Main + Extras,PC,14h 01m
10462,Main + Extras,PC,14h 25m
10462,Main + Extras,Xbox 360,15h
10462,Main + Extras,Xbox 360,15h
10462,Main + Extras,PC,15h
10462,Main + Extras,PC,15h
10462,Main + Extras,PC,15h
10462,Main + Extras,PC,15h 29m
10462,Main + Extras,Xbox 360,16h
10462,Main + Extras,PC,16h 05m
10462,Main + Extras,Xbox 360,17h
10462,Main + Extras,Xbox 360,17h 18m
10462,Main + Extras,PC,17h 53m
10462,Main + Extras,PC,18h
10462,Main + Extras,PC,20h
10462,Main + Extras,PC,20h
10462,Main + Extras,Xbox 360,20h
10462,Main + Extras,Xbox 360,20h 30m
10462,Main + Extras,Xbox 360,34h 18m
10462,Main + Extras,PC,41h
10462,Completionists,PC,9h 30m
10462,Completionists,PC,10h
10462,Completionists,PC,10h
10462,Completionists,PC,10h 59m
10462,Completionists,PC,11h 18m
10462,Completionists,PC,12h 15m
10462,Completionists,PC,14h
10462,Completionists,Xbox 360,15h 30m
10462,Completionists,PC,16h
10462,Completionists,PC,16h 08m
10462,Completionists,NA,17h
10462,Completionists,PC,17h
10462,Completionists,Xbox 360,17h 30m
10462,Completionists,Xbox 360,17h 45m
10462,Completionists,PC,18h
10462,Completionists,Xbox 360,18h 15m
10462,Completionists,PC,19h 31m
10462,Completionists,Xbox 360,20h
10462,Completionists,PC,21h
10462,Completionists,Xbox 360,21h 07m
10462,Completionists,PC,21h 19m
10462,Completionists,PC,29h 31m
10462,Completionists,PC,31h
10462,Completionists,Xbox 360,74h
10462,Speed Run - Any%,PC,3h 50m 22s
10462,Speed Run - Any%,Xbox 360,5h
10462,Co-Op Multiplayer,PC,3h
10462,Co-Op Multiplayer,Xbox 360,3h
10462,Co-Op Multiplayer,Xbox 360,3h
10462,Co-Op Multiplayer,Xbox 360,4h
10462,Co-Op Multiplayer,PC,4h
10462,Co-Op Multiplayer,PC,6h
10462,Co-Op Multiplayer,Xbox 360,7h
10462,Co-Op Multiplayer,Xbox 360,7h
10462,Co-Op Multiplayer,PC,8h
10462,Co-Op Multiplayer,PC,11h
