id,type,platform,time
10461,Main Story,PC,7h 15m
10461,Main Story,PC,8h
10461,Main Story,PC,8h
10461,Main Story,PC,8h 12m
10461,Main Story,PC,8h 14m
10461,Main Story,PC,8h 30m
10461,Main Story,PC,8h 42m
10461,Main Story,PC,9h
10461,Main Story,PC,9h 35m
10461,Main Story,Xbox,10h
10461,Main Story,PC,10h
10461,Main Story,PC,10h
10461,Main Story,PlayStation 2,10h
10461,Main Story,PC,10h
10461,Main Story,PC,10h 20m
10461,Main Story,PC,10h 22m
10461,Main Story,Xbox,10h 25m
10461,Main Story,PC,10h 30m
10461,Main Story,PC,10h 30m
10461,Main Story,PC,10h 30m
10461,Main Story,PC,10h 35m
10461,Main Story,PC,10h 50m
10461,Main Story,PC,11h
10461,Main Story,PC,11h
10461,Main Story,PC,11h
10461,Main Story,PC,11h
10461,Main Story,PC,11h
10461,Main Story,PC,11h
10461,Main Story,Xbox,11h
10461,Main Story,Xbox,11h
10461,Main Story,PC,11h 45m
10461,Main Story,PC,11h 47m
10461,Main Story,PC,11h 54m
10461,Main Story,NA,12h
10461,Main Story,PC,12h
10461,Main Story,PC,12h
10461,Main Story,PC,12h
10461,Main Story,PC,12h
10461,Main Story,PC,12h
10461,Main Story,PC,12h 20m
10461,Main Story,Xbox,12h 23m
10461,Main Story,PC,12h 30m
10461,Main Story,PlayStation 3,12h 30m
10461,Main Story,PC,12h 58m
10461,Main Story,PlayStation 2,12h 59m
10461,Main Story,PC,13h
10461,Main Story,PC,13h
10461,Main Story,PC,13h
10461,Main Story,PC,13h
10461,Main Story,PC,13h
10461,Main Story,PC,13h
10461,Main Story,PC,13h
10461,Main Story,PC,13h
10461,Main Story,PlayStation 3,13h
10461,Main Story,PC,13h
10461,Main Story,Xbox,13h
10461,Main Story,PlayStation 2,13h
10461,Main Story,PC,13h
10461,Main Story,PC,13h
10461,Main Story,PlayStation 2,13h
10461,Main Story,Xbox 360,13h
10461,Main Story,PC,13h
10461,Main Story,PC,13h
10461,Main Story,PC,13h
10461,Main Story,PC,13h
10461,Main Story,PC,13h
10461,Main Story,PC,13h
10461,Main Story,PC,13h
10461,Main Story,PlayStation 3,13h 05m
10461,Main Story,PC,13h 17m
10461,Main Story,NA,13h 30m
10461,Main Story,PC,13h 30m
10461,Main Story,PlayStation 2,13h 30m
10461,Main Story,PC,13h 30m
10461,Main Story,PC,13h 40m
10461,Main Story,PC,14h
10461,Main Story,PC,14h
10461,Main Story,PC,14h
10461,Main Story,PlayStation 2,14h
10461,Main Story,PC,14h
10461,Main Story,PC,14h
10461,Main Story,PC,14h
10461,Main Story,PC,14h
10461,Main Story,PC,14h 15m
10461,Main Story,PC,14h 20m
10461,Main Story,NA,15h
10461,Main Story,Xbox,15h
10461,Main Story,PC,15h
10461,Main Story,PlayStation 2,15h
10461,Main Story,PlayStation 3,15h
10461,Main Story,PlayStation 3,15h
10461,Main Story,PC,15h
10461,Main Story,PlayStation 2,15h
10461,Main Story,NA,15h 15m
10461,Main Story,PlayStation 2,16h
10461,Main Story,PC,16h
10461,Main Story,PC,16h
10461,Main Story,PC,16h
10461,Main Story,PC,16h
10461,Main Story,PC,17h
10461,Main Story,PC,17h
10461,Main Story,PC,17h
10461,Main Story,PC,17h 06m
10461,Main Story,PC,17h 15m
10461,Main Story,PC,18h
10461,Main Story,PlayStation 2,20h
10461,Main Story,Xbox,20h
10461,Main Story,PC,20h
10461,Main + Extras,PC,8h 24m
10461,Main + Extras,PC,8h 51m
10461,Main + Extras,PC,9h 02m
10461,Main + Extras,PC,10h
10461,Main + Extras,PC,10h
10461,Main + Extras,PC,10h
10461,Main + Extras,PC,10h
10461,Main + Extras,PC,11h
10461,Main + Extras,PC,11h
10461,Main + Extras,PC,11h
10461,Main + Extras,PC,11h 05m
10461,Main + Extras,NA,12h
10461,Main + Extras,PC,12h
10461,Main + Extras,PlayStation 2,12h
10461,Main + Extras,PC,12h
10461,Main + Extras,PC,12h
10461,Main + Extras,PC,12h 30m
10461,Main + Extras,Linux,13h
10461,Main + Extras,PC,13h
10461,Main + Extras,PC,13h
10461,Main + Extras,PC,13h 06m
10461,Main + Extras,PC,13h 16m
10461,Main + Extras,PC,13h 25m
10461,Main + Extras,PlayStation 3,13h 29m
10461,Main + Extras,PC,14h
10461,Main + Extras,PC,14h
10461,Main + Extras,PC,14h
10461,Main + Extras,Xbox,14h
10461,Main + Extras,PC,14h
10461,Main + Extras,PC,14h
10461,Main + Extras,Xbox,14h
10461,Main + Extras,PC,14h 12m
10461,Main + Extras,Xbox,14h 22m
10461,Main + Extras,PC,14h 30m
10461,Main + Extras,PC,15h
10461,Main + Extras,PC,15h
10461,Main + Extras,Nintendo GameCube,15h
10461,Main + Extras,PC,15h 15m
10461,Main + Extras,PC,17h
10461,Main + Extras,NA,18h
10461,Main + Extras,PC,18h 43m
10461,Main + Extras,PC,20h
10461,Main + Extras,Xbox,20h
10461,Main + Extras,PC,25h
10461,Main + Extras,PC,26h
10461,Completionists,PC,5h 10m
10461,Completionists,PlayStation 3,13h
10461,Completionists,PC,13h
10461,Completionists,PC,14h
10461,Completionists,PC,14h 30m
10461,Completionists,PC,15h
10461,Completionists,PC,15h
10461,Completionists,PC,15h
10461,Completionists,PC,15h 44m
10461,Completionists,PC,16h 56m
10461,Completionists,PC,18h
10461,Completionists,N-Gage,19h
10461,Completionists,PC,19h 50m
10461,Completionists,PC,20h
10461,Completionists,PC,20h
10461,Completionists,PlayStation 3,21h
10461,Completionists,Xbox,22h 22m
10461,Completionists,Xbox,29h 04m
10461,Completionists,NA,30h
10461,Co-Op Multiplayer,Xbox,4h
10461,Co-Op Multiplayer,Xbox,5h
10461,Co-Op Multiplayer,PC,14h
