id,type,platform,time
10463,Main Story,PC,5h 35m
10463,Main Story,PC,6h
10463,Main Story,PC,8h
10463,Main Story,PC,8h
10463,Main Story,PC,9h
10463,Main Story,PC,9h
10463,Main Story,PC,9h 30m
10463,Main Story,PC,9h 44m
10463,Main Story,PC,10h
10463,Main Story,PlayStation 2,10h
10463,Main Story,PC,10h
10463,Main Story,PC,10h
10463,Main Story,PC,10h
10463,Main Story,PlayStation 2,10h
10463,Main Story,Xbox,10h
10463,Main Story,Xbox 360,10h
10463,Main Story,PC,10h 02m
10463,Main Story,Xbox 360,10h 30m
10463,Main Story,Xbox 360,10h 30m
10463,Main Story,Xbox,10h 45m
10463,Main Story,PC,11h
10463,Main Story,Xbox 360,11h
10463,Main Story,PlayStation 2,11h
10463,Main Story,PC,11h
10463,Main Story,PC,11h
10463,Main Story,Xbox 360,11h
10463,Main Story,Xbox 360,11h
10463,Main Story,PC,11h
10463,Main Story,PlayStation 2,11h 14m
10463,Main Story,Xbox 360,11h 30m
10463,Main Story,PC,11h 30m
10463,Main Story,Xbox 360,12h
10463,Main Story,Xbox 360,12h
10463,Main Story,PC,12h
10463,Main Story,PC,12h
10463,Main Story,Xbox 360,12h
10463,Main Story,PC,12h
10463,Main Story,PlayStation 2,12h
10463,Main Story,Xbox,12h
10463,Main Story,PlayStation 2,12h
10463,Main Story,Xbox 360,12h
10463,Main Story,PC,12h
10463,Main Story,Xbox 360,12h
10463,Main Story,Xbox 360,12h
10463,Main Story,PC,12h
10463,Main Story,PC,12h
10463,Main Story,PC,12h 37m
10463,Main Story,NA,12h 50m
10463,Main Story,PC,13h
10463,Main Story,PC,13h
10463,Main Story,PC,14h
10463,Main Story,PC,14h 30m
10463,Main Story,PC,15h
10463,Main Story,Wii,16h 30m
10463,Main Story,Xbox 360,18h 30m
10463,Main Story,PlayStation 3,20h
10463,Main Story,Xbox,20h
10463,Main + Extras,PC,6h
10463,Main + Extras,PC,6h 20m
10463,Main + Extras,PC,6h 42m
10463,Main + Extras,PlayStation 3,7h
10463,Main + Extras,Xbox 360,7h 36m
10463,Main + Extras,PC,9h
10463,Main + Extras,PC,9h
10463,Main + Extras,PlayStation 2,10h
10463,Main + Extras,PC,10h
10463,Main + Extras,PC,10h
10463,Main + Extras,PC,10h
10463,Main + Extras,PC,10h 22m
10463,Main + Extras,PC,10h 30m
10463,Main + Extras,PC,10h 48m
10463,Main + Extras,Xbox 360,10h 57m
10463,Main + Extras,NA,11h
10463,Main + Extras,PC,11h
10463,Main + Extras,Xbox 360,11h
10463,Main + Extras,PC,11h 28m
10463,Main + Extras,PC,11h 30m
10463,Main + Extras,PC,12h
10463,Main + Extras,PC,12h 05m
10463,Main + Extras,PlayStation 2,12h 25m
10463,Main + Extras,PC,12h 42m
10463,Main + Extras,PC,12h 52m
10463,Main + Extras,Xbox 360,13h
10463,Main + Extras,PC,13h 07m
10463,Main + Extras,Xbox 360,14h 33m
10463,Main + Extras,PC,16h
10463,Main + Extras,Xbox 360,20h
10463,Main + Extras,Xbox 360,20h 44m
10463,Main + Extras,PC,22h 17m
10463,Main + Extras,Xbox 360,27h 02m
10463,Completionists,PC,8h 05m
10463,Completionists,PC,10h 08m
10463,Completionists,Xbox 360,11h
10463,Completionists,PC,11h 20m
10463,Completionists,PC,11h 20m
10463,Completionists,Xbox,11h 41m
10463,Completionists,PlayStation 3,12h
10463,Completionists,PC,13h
10463,Completionists,PC,14h
10463,Completionists,PC,14h 45m
10463,Completionists,PC,15h
10463,Completionists,PC,15h 17m
10463,Completionists,PC,16h
10463,Completionists,Xbox 360,16h 07m
10463,Completionists,PC,18h
10463,Completionists,PC,20h
10463,Completionists,Xbox 360,60h
