id,type,platform,time
10468,Main Story,PC,6h 50m
10468,Main Story,PC,6h 50m
10468,Main Story,PC,7h
10468,Main Story,PC,8h 49m
10468,Main Story,PC,9h
10468,Main Story,PC,9h
10468,Main Story,PC,9h 19m
10468,Main Story,PC,9h 19m
10468,Main Story,PC,9h 55m
10468,Main Story,PC,10h
10468,Main Story,PC,10h
10468,Main Story,PC,10h 15m
10468,Main Story,PC,11h 05m
10468,Main Story,PC,11h 10m
10468,Main Story,PlayStation,11h 27m
10468,Main Story,PC,11h 30m
10468,Main Story,PC,11h 31m
10468,Main Story,PC,12h
10468,Main Story,PC,12h
10468,Main Story,PC,12h
10468,Main Story,PC,12h
10468,Main Story,PC,12h 20m
10468,Main Story,iOS,12h 23m
10468,Main Story,PC,12h 30m
10468,Main Story,PC,12h 45m
10468,Main Story,PlayStation,13h
10468,Main Story,PC,13h 07m
10468,Main Story,PC,13h 20m
10468,Main Story,PC,13h 45m
10468,Main Story,PC,13h 48m
10468,Main Story,PC,13h 58m
10468,Main Story,PC,14h
10468,Main Story,PC,14h
10468,Main Story,PC,14h 05m
10468,Main Story,PC,14h 51m
10468,Main Story,PC,15h
10468,Main Story,PC,15h
10468,Main Story,PlayStation,15h
10468,Main Story,PC,15h
10468,Main Story,PlayStation,15h
10468,Main Story,PC,15h
10468,Main Story,PC,15h
10468,Main Story,PC,15h
10468,Main Story,Sega Saturn,15h
10468,Main Story,PlayStation,15h
10468,Main Story,PC,15h
10468,Main Story,PlayStation,15h
10468,Main Story,PC,15h 30m
10468,Main Story,PC,15h 30m
10468,Main Story,PC,15h 40m
10468,Main Story,PC,16h
10468,Main Story,PlayStation,16h
10468,Main Story,PlayStation,16h
10468,Main Story,PC,16h
10468,Main Story,PlayStation,16h
10468,Main Story,PlayStation,16h 12m
10468,Main Story,PC,16h 15m
10468,Main Story,PC,16h 16m
10468,Main Story,PlayStation,16h 17m
10468,Main Story,PC,16h 30m
10468,Main Story,PC,16h 49m
10468,Main Story,NA,17h
10468,Main Story,PC,17h
10468,Main Story,NA,17h
10468,Main Story,NA,17h
10468,Main Story,PC,17h
10468,Main Story,PlayStation,17h
10468,Main Story,PC,17h
10468,Main Story,Sega Saturn,17h
10468,Main Story,PC,17h 30m
10468,Main Story,PC,17h 30m
10468,Main Story,PlayStation,17h 45m
10468,Main Story,PC,18h
10468,Main Story,PC,18h
10468,Main Story,PC,18h
10468,Main Story,PC,18h
10468,Main Story,PC,18h
10468,Main Story,PlayStation,18h
10468,Main Story,PC,18h
10468,Main Story,PlayStation,18h
10468,Main Story,PlayStation,18h
10468,Main Story,PC,18h 30m
10468,Main Story,PC,19h 06m
10468,Main Story,PC,19h 11m
10468,Main Story,PlayStation,19h 32m
10468,Main Story,PlayStation,20h
10468,Main Story,PC,20h
10468,Main Story,PC,20h
10468,Main Story,PC,21h
10468,Main Story,PlayStation,21h
10468,Main Story,PlayStation,21h 42m
10468,Main Story,PC,22h 04m
10468,Main Story,PC,23h
10468,Main Story,PC,24h
10468,Main Story,PC,24h 30m
10468,Main Story,PC,25h
10468,Main Story,PC,26h
10468,Main + Extras,PC,9h 32m
10468,Main + Extras,PC,10h
10468,Main + Extras,PlayStation,12h
10468,Main + Extras,PC,12h
10468,Main + Extras,PlayStation,12h
10468,Main + Extras,PC,13h
10468,Main + Extras,PC,13h
10468,Main + Extras,PC,13h
10468,Main + Extras,PlayStation,14h
10468,Main + Extras,PC,14h
10468,Main + Extras,PlayStation,14h
10468,Main + Extras,PC,14h 54m
10468,Main + Extras,PC,15h
10468,Main + Extras,PC,15h 12m
10468,Main + Extras,PC,15h 40m
10468,Main + Extras,PC,15h 41m
10468,Main + Extras,PC,15h 42m
10468,Main + Extras,PC,15h 55m
10468,Main + Extras,PC,16h
10468,Main + Extras,PC,16h
10468,Main + Extras,PC,16h
10468,Main + Extras,PC,16h
10468,Main + Extras,PC,16h
10468,Main + Extras,PC,16h 17m
10468,Main + Extras,PC,16h 20m
10468,Main + Extras,PC,16h 32m
10468,Main + Extras,PC,16h 48m
10468,Main + Extras,PC,17h
10468,Main + Extras,PC,17h
10468,Main + Extras,PC,17h
10468,Main + Extras,PlayStation,18h
10468,Main + Extras,PlayStation,18h
10468,Main + Extras,PlayStation,18h
10468,Main + Extras,PC,18h 25m
10468,Main + Extras,PC,18h 40m
10468,Main + Extras,PC,18h 56m
10468,Main + Extras,PC,19h
10468,Main + Extras,PC,19h 04m
10468,Main + Extras,PC,19h 22m
10468,Main + Extras,PlayStation,19h 30m
10468,Main + Extras,PlayStation,19h 45m
10468,Main + Extras,PC,20h
10468,Main + Extras,PC,20h
10468,Main + Extras,PlayStation,20h
10468,Main + Extras,PlayStation,20h
10468,Main + Extras,PlayStation,20h 23m
10468,Main + Extras,PC,21h
10468,Main + Extras,PC,21h 02m
10468,Main + Extras,PlayStation,22h
10468,Main + Extras,PC,22h
10468,Main + Extras,PC,22h 15m
10468,Main + Extras,PC,23h
10468,Main + Extras,PC,25h 05m
10468,Main + Extras,PC,25h 32m
10468,Main + Extras,PC,26h
10468,Main + Extras,PC,26h 29m
10468,Completionists,PC,7h 30m
10468,Completionists,PC,8h 12m
10468,Completionists,PC,8h 45m
10468,Completionists,PC,9h 17m
10468,Completionists,PC,10h
10468,Completionists,PC,13h
10468,Completionists,PC,15h
10468,Completionists,PC,15h
10468,Completionists,PC,15h 05m
10468,Completionists,PC,15h 36m
10468,Completionists,PC,16h
10468,Completionists,PC,16h
10468,Completionists,PC,16h 10m
10468,Completionists,PC,17h
10468,Completionists,PlayStation,17h
10468,Completionists,Sega Saturn,17h
10468,Completionists,PC,17h 12m
10468,Completionists,PC,17h 12m
10468,Completionists,PC,17h 24m
10468,Completionists,PC,18h
10468,Completionists,PlayStation,18h
10468,Completionists,PlayStation,18h 12m
10468,Completionists,PC,18h 20m
10468,Completionists,PlayStation,19h
10468,Completionists,PC,19h
10468,Completionists,PlayStation,20h
10468,Completionists,PC,20h
10468,Completionists,PlayStation,20h
10468,Completionists,PC,20h 42m
10468,Completionists,PC,21h
10468,Completionists,PC,21h
10468,Completionists,PC,21h 18m
10468,Completionists,PC,23h
10468,Completionists,PC,23h 27m
10468,Completionists,PC,23h 46m
10468,Completionists,PC,24h 08m
10468,Completionists,PC,25h
10468,Completionists,PC,30h
10468,Completionists,PC,34h
10468,Completionists,PC,38h 49m
10468,Completionists,PC,40h
10468,Speed Run - Any%,PlayStation,1h 35m
10468,Speed Run - Any%,PC,1h 57m 27s
