id,type,platform,time
10465,Main Story,Game Boy Advance,3h 15m
10465,Main Story,PC,4h
10465,Main Story,PC,5h 40m
10465,Main Story,PlayStation 3,6h 38m
10465,Main Story,PC,6h 40m
10465,Main Story,PlayStation 2,7h 32m
10465,Main Story,PC,7h 41m
10465,Main Story,PC,7h 57m
10465,Main Story,PC,8h
10465,Main Story,PC,8h
10465,Main Story,PC,8h
10465,Main Story,PC,8h
10465,Main Story,PC,8h 30m
10465,Main Story,Xbox,9h
10465,Main Story,PlayStation 3,9h
10465,Main Story,PC,9h
10465,Main Story,PC,9h 03m
10465,Main Story,PC,9h 20m
10465,Main Story,PlayStation 2,9h 39m
10465,Main Story,PC,9h 43m
10465,Main Story,PC,10h
10465,Main Story,PC,10h
10465,Main Story,PC,10h
10465,Main Story,PlayStation 3,10h
10465,Main Story,PlayStation 2,10h
10465,Main Story,Xbox,10h
10465,Main Story,PC,10h
10465,Main Story,PC,10h
10465,Main Story,PC,10h
10465,Main Story,PC,10h
10465,Main Story,PC,10h
10465,Main Story,PlayStation 2,10h
10465,Main Story,PC,10h
10465,Main Story,PC,10h
10465,Main Story,PC,10h
10465,Main Story,PC,10h 10m
10465,Main Story,PlayStation 3,10h 25m
10465,Main Story,Xbox,10h 25m
10465,Main Story,PC,10h 26m
10465,Main Story,PlayStation 2,10h 26m
10465,Main Story,PC,10h 30m
10465,Main Story,PC,10h 30m
10465,Main Story,PlayStation 3,10h 30m
10465,Main Story,PC,10h 31m
10465,Main Story,PlayStation 3,10h 45m
10465,Main Story,PC,11h
10465,Main Story,PC,11h
10465,Main Story,PC,11h
10465,Main Story,PC,11h
10465,Main Story,PlayStation 3,11h
10465,Main Story,PlayStation 3,11h
10465,Main Story,PC,11h
10465,Main Story,Nintendo GameCube,11h
10465,Main Story,PC,11h
10465,Main Story,Xbox,11h
10465,Main Story,PlayStation 2,11h
10465,Main Story,PC,11h
10465,Main Story,PC,11h
10465,Main Story,PC,11h
10465,Main Story,PlayStation 2,11h 15m
10465,Main Story,Xbox,11h 24m
10465,Main Story,PC,11h 38m
10465,Main Story,Xbox,12h
10465,Main Story,PlayStation 3,12h
10465,Main Story,PlayStation 2,12h
10465,Main Story,PC,12h
10465,Main Story,PC,12h
10465,Main Story,PC,12h
10465,Main Story,PC,13h
10465,Main Story,PC,14h 23m
10465,Main Story,PC,14h 40m
10465,Main Story,PC,15h
10465,Main Story,Xbox,20h
10465,Main + Extras,PC,5h 50m
10465,Main + Extras,PC,8h
10465,Main + Extras,PC,10h
10465,Main + Extras,PC,10h
10465,Main + Extras,PC,11h
10465,Main + Extras,PC,11h 25m
10465,Main + Extras,PC,12h
10465,Main + Extras,PC,12h
10465,Main + Extras,PlayStation 3,12h
10465,Main + Extras,PlayStation 2,12h
10465,Main + Extras,PC,12h 05m
10465,Main + Extras,PlayStation 2,13h
10465,Main + Extras,PC,13h 01m
10465,Main + Extras,PC,13h 17m
10465,Main + Extras,PlayStation 3,13h 30m
10465,Main + Extras,NA,14h
10465,Main + Extras,PC,15h
10465,Main + Extras,Xbox,15h
10465,Main + Extras,PlayStation 3,15h 11m
10465,Main + Extras,PC,18h 34m
10465,Completionists,PC,12h 10m
10465,Completionists,Xbox,12h 23m
10465,Completionists,PC,12h 36m
10465,Completionists,PC,12h 40m
10465,Completionists,PC,13h
10465,Completionists,PC,14h
10465,Completionists,PC,14h
10465,Completionists,PC,15h 46m
10465,Completionists,PC,16h
10465,Completionists,PC,16h 10m
10465,Completionists,PC,17h 19m
10465,Completionists,PlayStation 3,18h
10465,Completionists,Xbox,18h
10465,Completionists,PC,18h
10465,Completionists,Xbox,18h
10465,Completionists,PC,19h 20m
10465,Completionists,Xbox,20h
10465,Speed Run - Any%,PlayStation 2,7h 24m 39s
