id,type,platform,time
10477,Main Story,Game Boy Advance,1h 53m
10477,Main Story,PC,4h 32m
10477,Main Story,PC,4h 42m
10477,Main Story,PC,4h 45m
10477,Main Story,PlayStation 3,4h 56m
10477,Main Story,PC,4h 56m
10477,Main Story,Xbox 360,5h
10477,Main Story,PC,5h
10477,Main Story,PC,5h
10477,Main Story,PC,5h
10477,Main Story,Nintendo GameCube,5h
10477,Main Story,PC,5h 08m
10477,Main Story,PlayStation 3,5h 09m
10477,Main Story,Xbox 360,5h 14m
10477,Main Story,PC,5h 15m
10477,Main Story,PC,5h 20m
10477,Main Story,PlayStation 2,5h 23m
10477,Main Story,PC,5h 23m
10477,Main Story,PC,5h 24m
10477,Main Story,PC,5h 28m
10477,Main Story,PC,5h 29m
10477,Main Story,PlayStation 3,5h 33m
10477,Main Story,PC,5h 38m
10477,Main Story,PC,5h 45m
10477,Main Story,PC,5h 45m
10477,Main Story,PlayStation 2,5h 46m
10477,Main Story,PlayStation 3,5h 49m
10477,Main Story,PC,5h 50m
10477,Main Story,PC,5h 50m
10477,Main Story,Xbox 360,5h 51m
10477,Main Story,PlayStation 3,5h 53m
10477,Main Story,PlayStation 3,5h 57m
10477,Main Story,PC,6h
10477,Main Story,PlayStation 3,6h
10477,Main Story,PC,6h
10477,Main Story,PC,6h
10477,Main Story,PlayStation 2,6h
10477,Main Story,PC,6h 01m
10477,Main Story,PC,6h 05m
10477,Main Story,Xbox 360,6h 08m
10477,Main Story,PC,6h 10m
10477,Main Story,Xbox 360,6h 14m
10477,Main Story,PlayStation 3,6h 15m
10477,Main Story,PC,6h 18m
10477,Main Story,PC,6h 18m
10477,Main Story,PC,6h 20m
10477,Main Story,PlayStation 3,6h 30m
10477,Main Story,PC,6h 30m
10477,Main Story,PC,6h 30m
10477,Main Story,Nintendo GameCube,6h 30m
10477,Main Story,PC,6h 31m
10477,Main Story,PC,6h 37m
10477,Main Story,PSP,6h 40m
10477,Main Story,PC,6h 41m
10477,Main Story,PlayStation 3,6h 42m
10477,Main Story,PC,6h 45m
10477,Main Story,PC,6h 45m
10477,Main Story,PC,6h 48m
10477,Main Story,PC,6h 53m
10477,Main Story,PC,6h 54m
10477,Main Story,PlayStation 3,6h 54m
10477,Main Story,PC,6h 57m
10477,Main Story,PC,6h 58m
10477,Main Story,Xbox 360,7h
10477,Main Story,PC,7h
10477,Main Story,PC,7h
10477,Main Story,PC,7h
10477,Main Story,Xbox 360,7h
10477,Main Story,Xbox 360,7h
10477,Main Story,PC,7h
10477,Main Story,Xbox 360,7h
10477,Main Story,PC,7h
10477,Main Story,Xbox 360,7h
10477,Main Story,Xbox 360,7h
10477,Main Story,PC,7h
10477,Main Story,PC,7h
10477,Main Story,PC,7h
10477,Main Story,PC,7h
10477,Main Story,PlayStation 3,7h 02m
10477,Main Story,PC,7h 06m
10477,Main Story,PC,7h 08m
10477,Main Story,PlayStation 3,7h 20m
10477,Main Story,PC,7h 24m
10477,Main Story,PlayStation 3,7h 25m
10477,Main Story,PC,7h 25m
10477,Main Story,PC,7h 25m
10477,Main Story,PC,7h 25m
10477,Main Story,Xbox One,7h 26m
10477,Main Story,PC,7h 28m
10477,Main Story,PC,7h 30m
10477,Main Story,PlayStation 3,7h 30m
10477,Main Story,PlayStation 3,7h 30m
10477,Main Story,PC,7h 30m
10477,Main Story,PC,7h 30m
10477,Main Story,PC,7h 30m
10477,Main Story,PC,7h 31m
10477,Main Story,PlayStation 2,7h 31m
10477,Main Story,PC,7h 31m
10477,Main Story,PC,7h 32m
10477,Main Story,PC,7h 36m
10477,Main Story,PlayStation 2,7h 40m
10477,Main Story,PlayStation 3,7h 43m
10477,Main Story,Xbox 360,7h 44m
10477,Main Story,PC,7h 47m
10477,Main Story,PC,7h 50m
10477,Main Story,PSP,7h 51m
10477,Main Story,PlayStation 3,7h 59m
10477,Main Story,PC,8h
10477,Main Story,PC,8h
10477,Main Story,PC,8h
10477,Main Story,PC,8h
10477,Main Story,PlayStation 2,8h
10477,Main Story,PlayStation 3,8h
10477,Main Story,PC,8h
10477,Main Story,PC,8h
10477,Main Story,PlayStation 2,8h
10477,Main Story,PC,8h
10477,Main Story,PC,8h
10477,Main Story,PC,8h
10477,Main Story,PC,8h
10477,Main Story,PlayStation 2,8h
10477,Main Story,PlayStation 2,8h
10477,Main Story,PlayStation 2,8h
10477,Main Story,NA,8h
10477,Main Story,PlayStation 2,8h
10477,Main Story,PC,8h
10477,Main Story,Xbox 360,8h
10477,Main Story,Xbox 360,8h
10477,Main Story,PC,8h
10477,Main Story,PC,8h
10477,Main Story,PC,8h
10477,Main Story,PlayStation 3,8h 01m
10477,Main Story,PC,8h 02m
10477,Main Story,PC,8h 15m
10477,Main Story,PSP,8h 28m
10477,Main Story,PlayStation 3,8h 37m
10477,Main Story,PlayStation 2,8h 54m
10477,Main Story,Xbox,8h 59m
10477,Main Story,Xbox 360,9h
10477,Main Story,PC,9h
10477,Main Story,Xbox,9h
10477,Main Story,PC,9h
10477,Main Story,PC,9h
10477,Main Story,PC,9h 25m
10477,Main Story,PC,9h 30m
10477,Main Story,PlayStation 3,9h 36m
10477,Main Story,PlayStation 2,9h 40m
10477,Main Story,PC,9h 57m
10477,Main Story,PC,10h
10477,Main Story,PlayStation 3,10h
10477,Main Story,Xbox 360,10h
10477,Main Story,PlayStation 2,10h
10477,Main Story,PC,10h 06m
10477,Main Story,PlayStation 3,10h 13m
10477,Main Story,PC,11h
10477,Main Story,PC,11h 10m
10477,Main Story,PC,11h 34m
10477,Main Story,PlayStation 2,11h 42m
10477,Main Story,PC,12h
10477,Main Story,PlayStation 3,12h
10477,Main Story,Xbox 360,12h
10477,Main Story,PC,12h
10477,Main Story,PlayStation 2,12h 29m
10477,Main Story,PC,12h 30m
10477,Main Story,PC,15h
10477,Main Story,PC,16h
10477,Main Story,PC,17h 25m
10477,Main + Extras,Emulated,3h 15m
10477,Main + Extras,PC,4h 47m
10477,Main + Extras,PC,4h 58m
10477,Main + Extras,PC,5h 15m
10477,Main + Extras,PC,5h 30m
10477,Main + Extras,PC,5h 38m
10477,Main + Extras,PC,5h 45m
10477,Main + Extras,PlayStation 2,5h 45m
10477,Main + Extras,PC,5h 48m
10477,Main + Extras,PC,6h
10477,Main + Extras,PlayStation 3,6h 06m
10477,Main + Extras,PC,6h 13m
10477,Main + Extras,PC,6h 22m
10477,Main + Extras,PC,6h 30m
10477,Main + Extras,PC,6h 31m
10477,Main + Extras,PC,6h 52m
10477,Main + Extras,Nintendo GameCube,7h
10477,Main + Extras,PC,7h
10477,Main + Extras,PC,7h
10477,Main + Extras,PlayStation 3,7h 15m
10477,Main + Extras,PlayStation 2,7h 30m
10477,Main + Extras,PC,7h 30m
10477,Main + Extras,PC,7h 30m
10477,Main + Extras,Xbox 360,7h 30m
10477,Main + Extras,PC,7h 30m
10477,Main + Extras,Xbox,7h 33m
10477,Main + Extras,PC,7h 33m
10477,Main + Extras,PC,7h 33m
10477,Main + Extras,PlayStation 3,7h 43m
10477,Main + Extras,PC,7h 50m
10477,Main + Extras,PC,8h
10477,Main + Extras,PC,8h
10477,Main + Extras,PC,8h
10477,Main + Extras,PlayStation 2,8h
10477,Main + Extras,PC,8h
10477,Main + Extras,PC,8h
10477,Main + Extras,Game Boy Advance,8h
10477,Main + Extras,PC,8h
10477,Main + Extras,PlayStation 2,8h 07m
10477,Main + Extras,Nintendo GameCube,8h 07m
10477,Main + Extras,PC,8h 10m
10477,Main + Extras,PC,8h 11m
10477,Main + Extras,PC,8h 25m
10477,Main + Extras,PC,8h 27m
10477,Main + Extras,PC,8h 30m
10477,Main + Extras,PC,8h 45m
10477,Main + Extras,PC,8h 48m
10477,Main + Extras,PC,8h 58m
10477,Main + Extras,PC,9h
10477,Main + Extras,PC,9h
10477,Main + Extras,PC,9h
10477,Main + Extras,PC,9h
10477,Main + Extras,Xbox 360,9h
10477,Main + Extras,Xbox 360,9h 13m
10477,Main + Extras,PC,9h 15m
10477,Main + Extras,Xbox 360,9h 18m
10477,Main + Extras,PC,9h 21m
10477,Main + Extras,PlayStation 3,9h 23m
10477,Main + Extras,PlayStation 3,9h 26m
10477,Main + Extras,PC,9h 30m
10477,Main + Extras,PC,9h 30m
10477,Main + Extras,PC,9h 36m
10477,Main + Extras,PC,9h 39m
10477,Main + Extras,PlayStation 2,9h 48m
10477,Main + Extras,PC,10h
10477,Main + Extras,PlayStation 2,10h
10477,Main + Extras,PlayStation 2,10h
10477,Main + Extras,PC,10h
10477,Main + Extras,PC,10h
10477,Main + Extras,PC,10h
10477,Main + Extras,PC,10h
10477,Main + Extras,Xbox 360,10h
10477,Main + Extras,PC,10h 12m
10477,Main + Extras,PC,10h 30m
10477,Main + Extras,PC,10h 31m
10477,Main + Extras,PC,10h 44m
10477,Main + Extras,PC,11h
10477,Main + Extras,PlayStation 2,11h
10477,Main + Extras,PC,11h
10477,Main + Extras,PC,11h 20m
10477,Main + Extras,PC,11h 40m
10477,Main + Extras,PC,11h 50m
10477,Main + Extras,PC,12h
10477,Main + Extras,PC,12h 09m
10477,Main + Extras,PC,12h 11m
10477,Main + Extras,PC,12h 36m
10477,Main + Extras,Xbox 360,13h
10477,Main + Extras,PC,13h
10477,Main + Extras,PlayStation 3,13h
10477,Main + Extras,Xbox 360,13h
10477,Main + Extras,PC,13h
10477,Main + Extras,PC,13h 51m
10477,Main + Extras,PlayStation 3,14h
10477,Main + Extras,PC,15h
10477,Main + Extras,PC,21h
10477,Completionists,PC,6h
10477,Completionists,PC,6h
10477,Completionists,PC,6h 09m
10477,Completionists,PlayStation 2,7h
10477,Completionists,PlayStation 3,8h
10477,Completionists,PlayStation 2,9h 45m
10477,Completionists,PC,11h
10477,Completionists,PC,11h 36m
10477,Completionists,PC,12h
10477,Completionists,Xbox 360,12h 43m
10477,Completionists,PlayStation 3,14h
10477,Completionists,PC,14h
10477,Completionists,PC,14h 20m
10477,Completionists,PSP,14h 45m
10477,Completionists,PC,15h
10477,Completionists,PC,15h 25m
10477,Completionists,PC,16h
10477,Completionists,PSP,16h
10477,Completionists,PlayStation 3,16h
10477,Completionists,PlayStation 2,16h
10477,Completionists,Xbox 360,16h 09m
10477,Completionists,PC,16h 12m
10477,Completionists,PC,17h
10477,Completionists,PC,17h
10477,Completionists,PlayStation 3,17h 30m
10477,Completionists,Xbox 360,18h 26m
10477,Completionists,PlayStation 3,20h
10477,Completionists,Xbox,20h
10477,Completionists,Xbox 360,22h
10477,Completionists,PC,22h
10477,Completionists,PC,22h 26m
10477,Completionists,PC,23h
10477,Completionists,Xbox 360,25h
10477,Completionists,PC,30h
10477,Speed Run - Any%,PC,54m 19s
10477,Speed Run - Any%,Nintendo GameCube,2h
