id,type,platform,time
10470,Main Story,PC,7h 30m
10470,Main Story,PC,8h
10470,Main Story,PC,10h
10470,Main Story,PC,10h 55m
10470,Main Story,PlayStation,12h
10470,Main Story,PC,12h
10470,Main Story,PC,12h
10470,Main Story,PC,12h 10m
10470,Main Story,PlayStation,13h 19m
10470,Main + Extras,PC,6h 21m
10470,Main + Extras,Dreamcast,10h 55m
10470,Main + Extras,PC,11h
10470,Main + Extras,PC,11h
10470,Main + Extras,PlayStation,11h 52m
10470,Main + Extras,Dreamcast,12h
10470,Main + Extras,PlayStation,12h
10470,Main + Extras,PC,12h 38m
10470,Main + Extras,PC,15h
10470,Main + Extras,PC,15h
10470,Completionists,PC,6h 08m
10470,Completionists,PC,7h 48m
10470,Completionists,PC,11h
10470,Completionists,PC,12h 28m
10470,Completionists,PC,15h
10470,Completionists,PC,16h 12m
10470,Speed Run - Any%,PlayStation,1h 45m
