id,type,platform,time
1047,Main Story,PlayStation 3,3h 42m
1047,Main Story,PC,5h 24m
1047,Main Story,PC,5h 36m
1047,Main Story,PC,6h
1047,Main Story,PC,6h
1047,Main Story,PC,6h 17m
1047,Main Story,PC,6h 27m
1047,Main Story,PC,6h 39m
1047,Main Story,Xbox 360,6h 43m
1047,Main Story,PC,6h 54m
1047,Main Story,PlayStation 3,6h 58m
1047,Main Story,PC,6h 58m
1047,Main Story,PC,7h
1047,Main Story,PC,7h
1047,Main Story,PC,7h
1047,Main Story,PlayStation 3,7h
1047,Main Story,PC,7h
1047,Main Story,PC,7h 06m
1047,Main Story,PC,7h 12m
1047,Main Story,PlayStation 3,7h 16m
1047,Main Story,PC,7h 18m
1047,Main Story,PC,7h 19m
1047,Main Story,Xbox 360,7h 19m
1047,Main Story,PC,7h 20m
1047,Main Story,PC,7h 24m
1047,Main Story,PC,7h 25m
1047,Main Story,Xbox 360,7h 30m
1047,Main Story,Xbox 360,7h 30m
1047,Main Story,PC,7h 30m
1047,Main Story,PlayStation 3,7h 30m
1047,Main Story,PC,7h 30m
1047,Main Story,Xbox 360,7h 31m
1047,Main Story,Xbox 360,7h 37m
1047,Main Story,PC,7h 40m
1047,Main Story,Xbox 360,7h 45m
1047,Main Story,PlayStation 3,7h 46m
1047,Main Story,PC,7h 48m
1047,Main Story,PC,7h 48m
1047,Main Story,PC,7h 50m
1047,Main Story,PC,7h 54m
1047,Main Story,PlayStation 3,7h 54m
1047,Main Story,PC,7h 55m
1047,Main Story,Xbox 360,8h
1047,Main Story,NA,8h
1047,Main Story,PC,8h
1047,Main Story,PC,8h
1047,Main Story,PlayStation 3,8h
1047,Main Story,PC,8h
1047,Main Story,PC,8h
1047,Main Story,PC,8h
1047,Main Story,PC,8h
1047,Main Story,PC,8h
1047,Main Story,PC,8h
1047,Main Story,PC,8h
1047,Main Story,Xbox 360,8h
1047,Main Story,PC,8h
1047,Main Story,PC,8h
1047,Main Story,PC,8h
1047,Main Story,PC,8h
1047,Main Story,NA,8h
1047,Main Story,PC,8h
1047,Main Story,PC,8h
1047,Main Story,PC,8h
1047,Main Story,PC,8h
1047,Main Story,PC,8h
1047,Main Story,PC,8h
1047,Main Story,PC,8h
1047,Main Story,PC,8h
1047,Main Story,PC,8h
1047,Main Story,PC,8h 03m
1047,Main Story,PC,8h 03m
1047,Main Story,PC,8h 06m
1047,Main Story,PC,8h 08m
1047,Main Story,PC,8h 08m
1047,Main Story,PlayStation 3,8h 09m
1047,Main Story,Xbox 360,8h 10m
1047,Main Story,PC,8h 11m
1047,Main Story,PC,8h 13m
1047,Main Story,PC,8h 17m
1047,Main Story,PC,8h 18m
1047,Main Story,PC,8h 18m
1047,Main Story,PC,8h 21m
1047,Main Story,PC,8h 24m
1047,Main Story,PlayStation 3,8h 29m
1047,Main Story,PC,8h 30m
1047,Main Story,PC,8h 30m
1047,Main Story,PC,8h 30m
1047,Main Story,PC,8h 30m
1047,Main Story,PC,8h 30m
1047,Main Story,PC,8h 30m
1047,Main Story,PC,8h 30m
1047,Main Story,PC,8h 30m
1047,Main Story,PC,8h 30m
1047,Main Story,PC,8h 30m
1047,Main Story,PlayStation 3,8h 31m
1047,Main Story,PC,8h 40m
1047,Main Story,PlayStation 3,8h 40m
1047,Main Story,PC,8h 42m
1047,Main Story,Xbox 360,8h 43m
1047,Main Story,PlayStation 3,8h 44m
1047,Main Story,Xbox 360,8h 45m
1047,Main Story,PlayStation 3,8h 45m
1047,Main Story,PC,8h 45m
1047,Main Story,NA,8h 45m
1047,Main Story,PC,8h 48m
1047,Main Story,PC,8h 48m
1047,Main Story,Xbox 360,8h 50m
1047,Main Story,PC,8h 50m
1047,Main Story,PlayStation 3,8h 50m
1047,Main Story,PC,8h 51m
1047,Main Story,PlayStation 3,8h 51m
1047,Main Story,PlayStation 3,8h 53m
1047,Main Story,PC,8h 53m
1047,Main Story,Xbox 360,8h 53m
1047,Main Story,PC,8h 55m
1047,Main Story,PC,8h 56m
1047,Main Story,PC,9h
1047,Main Story,PC,9h
1047,Main Story,PC,9h
1047,Main Story,PC,9h
1047,Main Story,PC,9h
1047,Main Story,PC,9h
1047,Main Story,PC,9h
1047,Main Story,PlayStation 3,9h
1047,Main Story,PC,9h
1047,Main Story,PC,9h
1047,Main Story,Xbox 360,9h
1047,Main Story,PC,9h
1047,Main Story,PC,9h
1047,Main Story,PC,9h
1047,Main Story,PC,9h
1047,Main Story,PC,9h
1047,Main Story,PC,9h
1047,Main Story,Xbox 360,9h
1047,Main Story,PC,9h
1047,Main Story,PC,9h
1047,Main Story,PC,9h
1047,Main Story,PC,9h
1047,Main Story,PC,9h
1047,Main Story,PlayStation 3,9h
1047,Main Story,PC,9h
1047,Main Story,Xbox 360,9h
1047,Main Story,PC,9h
1047,Main Story,Xbox 360,9h
1047,Main Story,PC,9h
1047,Main Story,Xbox 360,9h
1047,Main Story,PC,9h
1047,Main Story,PC,9h
1047,Main Story,PC,9h
1047,Main Story,PC,9h
1047,Main Story,Xbox 360,9h
1047,Main Story,PlayStation 3,9h
1047,Main Story,NA,9h
1047,Main Story,PC,9h
1047,Main Story,PC,9h
1047,Main Story,PlayStation 3,9h
1047,Main Story,PC,9h
1047,Main Story,PC,9h
1047,Main Story,PC,9h
1047,Main Story,PC,9h
1047,Main Story,PC,9h
1047,Main Story,PC,9h
1047,Main Story,PC,9h
1047,Main Story,PC,9h
1047,Main Story,PC,9h
1047,Main Story,PC,9h
1047,Main Story,PC,9h 06m
1047,Main Story,PC,9h 06m
1047,Main Story,PC,9h 08m
1047,Main Story,PC,9h 09m
1047,Main Story,Xbox 360,9h 10m
1047,Main Story,PC,9h 10m
1047,Main Story,PC,9h 12m
1047,Main Story,PC,9h 13m
1047,Main Story,PC,9h 14m
1047,Main Story,PlayStation 3,9h 15m
1047,Main Story,PC,9h 16m
1047,Main Story,PC,9h 17m
1047,Main Story,PC,9h 18m
1047,Main Story,PC,9h 18m
1047,Main Story,PC,9h 18m
1047,Main Story,PC,9h 20m
1047,Main Story,PC,9h 20m
1047,Main Story,PC,9h 20m
1047,Main Story,PC,9h 20m
1047,Main Story,PC,9h 22m
1047,Main Story,PC,9h 24m
1047,Main Story,PC,9h 24m
1047,Main Story,PC,9h 25m
1047,Main Story,PC,9h 25m
1047,Main Story,PC,9h 25m
1047,Main Story,Xbox 360,9h 28m
1047,Main Story,PlayStation 3,9h 29m
1047,Main Story,PlayStation 3,9h 30m
1047,Main Story,PC,9h 30m
1047,Main Story,PlayStation 3,9h 30m
1047,Main Story,PC,9h 30m
1047,Main Story,PlayStation 3,9h 30m
1047,Main Story,PlayStation 3,9h 30m
1047,Main Story,PlayStation 3,9h 34m
1047,Main Story,Xbox 360,9h 35m
1047,Main Story,PlayStation 3,9h 35m
1047,Main Story,PC,9h 39m
1047,Main Story,PC,9h 40m
1047,Main Story,PlayStation 3,9h 40m
1047,Main Story,PC,9h 41m
1047,Main Story,PC,9h 42m
1047,Main Story,PC,9h 42m
1047,Main Story,PlayStation 3,9h 44m
1047,Main Story,PC,9h 50m
1047,Main Story,PC,9h 50m
1047,Main Story,PC,9h 54m
1047,Main Story,PC,9h 55m
1047,Main Story,PC,10h
1047,Main Story,PC,10h
1047,Main Story,PC,10h
1047,Main Story,PlayStation 3,10h
1047,Main Story,PC,10h
1047,Main Story,PC,10h
1047,Main Story,PC,10h
1047,Main Story,PlayStation 3,10h
1047,Main Story,PlayStation 3,10h
1047,Main Story,Xbox 360,10h
1047,Main Story,PC,10h
1047,Main Story,PlayStation 3,10h
1047,Main Story,PC,10h
1047,Main Story,PlayStation 3,10h
1047,Main Story,PlayStation 3,10h
1047,Main Story,PC,10h
1047,Main Story,PC,10h
1047,Main Story,PC,10h
1047,Main Story,PlayStation 3,10h
1047,Main Story,PC,10h
1047,Main Story,PC,10h
1047,Main Story,PlayStation 3,10h
1047,Main Story,PC,10h
1047,Main Story,PC,10h
1047,Main Story,Xbox 360,10h
1047,Main Story,Xbox 360,10h
1047,Main Story,PC,10h
1047,Main Story,PC,10h
1047,Main Story,PlayStation 3,10h
1047,Main Story,PC,10h
1047,Main Story,PC,10h
1047,Main Story,Xbox 360,10h
1047,Main Story,PlayStation 3,10h
1047,Main Story,PC,10h
1047,Main Story,Xbox 360,10h
1047,Main Story,PC,10h
1047,Main Story,PlayStation 3,10h
1047,Main Story,Xbox 360,10h
1047,Main Story,PC,10h
1047,Main Story,PC,10h
1047,Main Story,PC,10h
1047,Main Story,Xbox 360,10h 01m
1047,Main Story,PC,10h 10m
1047,Main Story,PC,10h 10m
1047,Main Story,PC,10h 10m
1047,Main Story,PC,10h 12m
1047,Main Story,Xbox 360,10h 12m
1047,Main Story,PlayStation 3,10h 14m
1047,Main Story,PC,10h 15m
1047,Main Story,PC,10h 18m
1047,Main Story,PlayStation 3,10h 21m
1047,Main Story,PC,10h 25m
1047,Main Story,PC,10h 30m
1047,Main Story,PlayStation 3,10h 30m
1047,Main Story,PC,10h 30m
1047,Main Story,PC,10h 30m
1047,Main Story,PC,10h 30m
1047,Main Story,PlayStation 3,10h 30m
1047,Main Story,PC,10h 42m
1047,Main Story,PC,10h 42m
1047,Main Story,Xbox 360,10h 48m
1047,Main Story,PC,10h 54m
1047,Main Story,PC,10h 58m
1047,Main Story,PC,11h
1047,Main Story,PlayStation 3,11h
1047,Main Story,PC,11h
1047,Main Story,PC,11h
1047,Main Story,PC,11h
1047,Main Story,PC,11h
1047,Main Story,PC,11h
1047,Main Story,PC,11h
1047,Main Story,PC,11h
1047,Main Story,PC,11h
1047,Main Story,PC,11h
1047,Main Story,PC,11h
1047,Main Story,PC,11h
1047,Main Story,PC,11h
1047,Main Story,PC,11h
1047,Main Story,PC,11h
1047,Main Story,PC,11h 09m
1047,Main Story,PC,11h 10m
1047,Main Story,PC,11h 15m
1047,Main Story,PC,11h 16m
1047,Main Story,PC,11h 18m
1047,Main Story,Xbox 360,11h 20m
1047,Main Story,PC,11h 24m
1047,Main Story,PC,11h 26m
1047,Main Story,PC,11h 30m
1047,Main Story,PC,11h 30m
1047,Main Story,PC,11h 42m
1047,Main Story,PC,11h 50m
1047,Main Story,PlayStation 3,12h
1047,Main Story,PlayStation 3,12h
1047,Main Story,PlayStation 3,12h
1047,Main Story,PC,12h
1047,Main Story,PC,12h
1047,Main Story,PC,12h
1047,Main Story,PC,12h 12m
1047,Main Story,PC,13h
1047,Main Story,PC,13h
1047,Main Story,PC,13h
1047,Main Story,PC,13h 24m
1047,Main Story,PC,13h 35m
1047,Main Story,PC,14h
1047,Main Story,PlayStation 3,14h
1047,Main Story,Xbox 360,14h
1047,Main Story,PlayStation 3,14h
1047,Main Story,PC,14h
1047,Main Story,PC,14h 25m
1047,Main Story,PC,14h 27m
1047,Main Story,PlayStation 3,14h 37m
1047,Main Story,PC,14h 45m
1047,Main + Extras,PC,7h 06m
1047,Main + Extras,PC,7h 08m
1047,Main + Extras,PC,7h 12m
1047,Main + Extras,PC,7h 20m
1047,Main + Extras,PlayStation 3,7h 30m
1047,Main + Extras,PC,7h 40m
1047,Main + Extras,PC,8h
1047,Main + Extras,PC,8h
1047,Main + Extras,PC,8h
1047,Main + Extras,PC,8h
1047,Main + Extras,PC,8h
1047,Main + Extras,PC,8h
1047,Main + Extras,PC,8h 07m
1047,Main + Extras,PC,8h 11m
1047,Main + Extras,PC,8h 18m
1047,Main + Extras,PC,8h 30m
1047,Main + Extras,PC,8h 30m
1047,Main + Extras,PlayStation 3,8h 30m
1047,Main + Extras,Xbox 360,8h 45m
1047,Main + Extras,PC,9h
1047,Main + Extras,PC,9h
1047,Main + Extras,PC,9h
1047,Main + Extras,Xbox 360,9h
1047,Main + Extras,PlayStation 3,9h 02m
1047,Main + Extras,PlayStation 3,9h 15m
1047,Main + Extras,PC,9h 25m
1047,Main + Extras,PC,9h 26m
1047,Main + Extras,PC,9h 30m
1047,Main + Extras,Xbox 360,9h 30m
1047,Main + Extras,PC,9h 30m
1047,Main + Extras,PC,9h 30m
1047,Main + Extras,PC,9h 30m
1047,Main + Extras,PC,9h 36m
1047,Main + Extras,PC,9h 42m
1047,Main + Extras,PC,9h 42m
1047,Main + Extras,NA,10h
1047,Main + Extras,PC,10h
1047,Main + Extras,PC,10h
1047,Main + Extras,PC,10h
1047,Main + Extras,Xbox 360,10h
1047,Main + Extras,PC,10h
1047,Main + Extras,PC,10h
1047,Main + Extras,PlayStation 3,10h
1047,Main + Extras,PC,10h
1047,Main + Extras,PC,10h
1047,Main + Extras,Xbox 360,10h
1047,Main + Extras,PC,10h
1047,Main + Extras,PC,10h
1047,Main + Extras,PC,10h
1047,Main + Extras,PC,10h 06m
1047,Main + Extras,PC,10h 09m
1047,Main + Extras,PC,10h 10m
1047,Main + Extras,PC,10h 12m
1047,Main + Extras,PC,10h 14m
1047,Main + Extras,PC,10h 18m
1047,Main + Extras,PC,10h 18m
1047,Main + Extras,PC,10h 20m
1047,Main + Extras,PC,10h 20m
1047,Main + Extras,Xbox 360,10h 27m
1047,Main + Extras,PlayStation 3,10h 30m
1047,Main + Extras,PC,10h 30m
1047,Main + Extras,PC,10h 36m
1047,Main + Extras,PC,10h 40m
1047,Main + Extras,PC,10h 40m
1047,Main + Extras,PC,10h 40m
1047,Main + Extras,PC,10h 42m
1047,Main + Extras,PlayStation 3,10h 47m
1047,Main + Extras,PC,10h 50m
1047,Main + Extras,Xbox 360,10h 57m
1047,Main + Extras,PC,11h
1047,Main + Extras,PlayStation 3,11h
1047,Main + Extras,PC,11h
1047,Main + Extras,PC,11h
1047,Main + Extras,PC,11h
1047,Main + Extras,PC,11h
1047,Main + Extras,PC,11h
1047,Main + Extras,PC,11h 03m
1047,Main + Extras,PC,11h 10m
1047,Main + Extras,PlayStation 3,11h 15m
1047,Main + Extras,PC,11h 19m
1047,Main + Extras,PC,11h 20m
1047,Main + Extras,PC,11h 20m
1047,Main + Extras,Xbox 360,11h 23m
1047,Main + Extras,PC,11h 23m
1047,Main + Extras,PC,11h 25m
1047,Main + Extras,PC,11h 30m
1047,Main + Extras,PC,11h 31m
1047,Main + Extras,PC,11h 36m
1047,Main + Extras,PC,11h 50m
1047,Main + Extras,PC,12h
1047,Main + Extras,PC,12h
1047,Main + Extras,PlayStation 3,12h
1047,Main + Extras,PlayStation 3,12h
1047,Main + Extras,PC,12h 03m
1047,Main + Extras,PlayStation 3,12h 21m
1047,Main + Extras,PC,13h
1047,Main + Extras,PC,13h
1047,Main + Extras,PlayStation 3,13h
1047,Main + Extras,PC,13h
1047,Main + Extras,PC,13h 29m
1047,Main + Extras,PlayStation 3,13h 36m
1047,Main + Extras,PC,14h
1047,Main + Extras,PC,14h
1047,Main + Extras,PC,14h
1047,Main + Extras,PC,14h
1047,Main + Extras,Xbox 360,14h 18m
1047,Main + Extras,PC,14h 30m
1047,Main + Extras,PC,14h 30m
1047,Main + Extras,PC,14h 30m
1047,Main + Extras,PlayStation 3,15h
1047,Main + Extras,PC,16h
1047,Main + Extras,PC,21h
1047,Main + Extras,PC,31h 18m
1047,Main + Extras,PC,35h
1047,Completionists,PlayStation 3,12h 35m
1047,Completionists,PC,14h
1047,Completionists,PC,15h 50m
1047,Completionists,PC,17h
1047,Completionists,PC,18h
1047,Completionists,PC,20h
1047,Completionists,PlayStation 3,22h
1047,Completionists,PC,52h
1047,Co-Op Multiplayer,PC,15m
1047,Co-Op Multiplayer,PlayStation 3,6h
1047,Co-Op Multiplayer,PlayStation 3,22h
