id,type,platform,time
10476,Main Story,PC,6h 30m
10476,Main Story,PC,6h 52m
10476,Main Story,PC,8h
10476,Main Story,PC,8h 05m
10476,Main Story,PC,8h 16m
10476,Main Story,PC,8h 16m
10476,Main Story,PC,8h 31m
10476,Main Story,PC,8h 39m
10476,Main Story,Xbox 360,8h 42m
10476,Main Story,PC,8h 43m
10476,Main Story,PC,8h 48m
10476,Main Story,PlayStation 3,8h 56m
10476,Main Story,PC,9h
10476,Main Story,PC,9h
10476,Main Story,PC,9h
10476,Main Story,PC,9h
10476,Main Story,PlayStation 3,9h 15m
10476,Main Story,PC,9h 24m
10476,Main Story,PC,9h 25m
10476,Main Story,PC,9h 27m
10476,Main Story,PC,9h 32m
10476,Main Story,PlayStation 3,9h 37m
10476,Main Story,PC,9h 42m
10476,Main Story,PlayStation 3,9h 45m
10476,Main Story,PC,9h 45m
10476,Main Story,PC,9h 58m
10476,Main Story,Xbox One,10h
10476,Main Story,PlayStation 3,10h
10476,Main Story,PC,10h
10476,Main Story,PC,10h
10476,Main Story,PC,10h
10476,Main Story,PC,10h
10476,Main Story,PC,10h 06m
10476,Main Story,PC,10h 12m
10476,Main Story,Xbox 360,10h 21m
10476,Main Story,PlayStation 3,10h 23m
10476,Main Story,PC,10h 29m
10476,Main Story,PlayStation 3,10h 30m
10476,Main Story,PC,10h 31m
10476,Main Story,PlayStation 2,10h 41m
10476,Main Story,PC,10h 49m
10476,Main Story,PC,11h
10476,Main Story,NA,11h 02m
10476,Main Story,NA,11h 11m
10476,Main Story,PC,11h 23m
10476,Main Story,PC,11h 30m
10476,Main Story,PC,11h 30m
10476,Main Story,PC,11h 33m
10476,Main Story,PC,12h
10476,Main Story,PC,12h
10476,Main Story,PC,12h
10476,Main Story,PC,12h
10476,Main Story,PC,12h
10476,Main Story,PC,12h
10476,Main Story,PC,12h
10476,Main Story,PC,12h
10476,Main Story,PlayStation 2,12h
10476,Main Story,PC,12h
10476,Main Story,PC,12h 15m
10476,Main Story,PC,12h 19m
10476,Main Story,PC,12h 19m
10476,Main Story,PlayStation 3,12h 30m
10476,Main Story,PC,12h 30m
10476,Main Story,PC,12h 35m
10476,Main Story,PC,12h 35m
10476,Main Story,NA,12h 36m
10476,Main Story,PC,12h 42m
10476,Main Story,PC,12h 44m
10476,Main Story,PC,12h 46m
10476,Main Story,PC,12h 56m
10476,Main Story,PC,13h
10476,Main Story,PC,13h
10476,Main Story,Xbox 360,13h
10476,Main Story,PC,13h
10476,Main Story,Xbox 360,13h
10476,Main Story,PlayStation 2,13h
10476,Main Story,PC,13h
10476,Main Story,NA,13h
10476,Main Story,PC,13h
10476,Main Story,PC,13h
10476,Main Story,Wii,13h 01m
10476,Main Story,PC,13h 06m
10476,Main Story,PC,13h 10m
10476,Main Story,PlayStation 3,13h 10m
10476,Main Story,PC,13h 18m
10476,Main Story,PC,13h 24m
10476,Main Story,PlayStation 3,13h 30m
10476,Main Story,PC,13h 35m
10476,Main Story,PC,13h 38m
10476,Main Story,PlayStation 3,13h 45m
10476,Main Story,PC,14h
10476,Main Story,PC,14h
10476,Main Story,PlayStation 2,14h
10476,Main Story,PC,14h
10476,Main Story,NA,14h
10476,Main Story,PC,14h 06m
10476,Main Story,PC,14h 14m
10476,Main Story,PlayStation 2,14h 26m
10476,Main Story,Xbox 360,14h 30m
10476,Main Story,PC,14h 35m
10476,Main Story,PC,14h 48m
10476,Main Story,PC,15h
10476,Main Story,PC,15h
10476,Main Story,PSP,15h
10476,Main Story,Xbox 360,15h
10476,Main Story,PlayStation 2,15h
10476,Main Story,PC,15h
10476,Main Story,PC,15h
10476,Main Story,PC,15h
10476,Main Story,PC,15h 14m
10476,Main Story,PlayStation 3,15h 20m
10476,Main Story,PC,15h 24m
10476,Main Story,PC,15h 45m
10476,Main Story,PlayStation 2,15h 47m
10476,Main Story,PC,16h
10476,Main Story,PC,16h
10476,Main Story,PC,16h 03m
10476,Main Story,PlayStation 3,16h 45m
10476,Main Story,PC,17h
10476,Main Story,PC,17h
10476,Main Story,PC,17h 02m
10476,Main Story,NA,17h 20m
10476,Main Story,PC,18h
10476,Main Story,PlayStation 3,18h
10476,Main Story,PC,18h
10476,Main Story,PlayStation 3,18h 14m
10476,Main Story,PSP,18h 30m
10476,Main Story,PlayStation 2,18h 30m
10476,Main Story,PlayStation 2,19h
10476,Main Story,PC,19h 12m
10476,Main Story,PlayStation 3,19h 20m
10476,Main Story,PC,19h 34m
10476,Main Story,PC,20h
10476,Main Story,PlayStation 2,20h 06m
10476,Main Story,Mac,23h
10476,Main + Extras,Xbox 360,6h 41m
10476,Main + Extras,PC,6h 44m
10476,Main + Extras,PC,7h 35m
10476,Main + Extras,PC,8h 49m
10476,Main + Extras,PC,9h 02m
10476,Main + Extras,NA,10h
10476,Main + Extras,PC,10h
10476,Main + Extras,PlayStation 3,10h 14m
10476,Main + Extras,PC,10h 30m
10476,Main + Extras,PC,10h 47m
10476,Main + Extras,PC,10h 47m
10476,Main + Extras,PC,11h
10476,Main + Extras,PC,11h 17m
10476,Main + Extras,Xbox 360,11h 26m
10476,Main + Extras,Xbox 360,11h 30m
10476,Main + Extras,PC,12h
10476,Main + Extras,PC,12h
10476,Main + Extras,PC,12h
10476,Main + Extras,PC,12h
10476,Main + Extras,PC,12h
10476,Main + Extras,PC,12h 15m
10476,Main + Extras,PlayStation 3,12h 30m
10476,Main + Extras,PC,12h 51m
10476,Main + Extras,PlayStation 2,12h 52m
10476,Main + Extras,NA,13h
10476,Main + Extras,PC,13h
10476,Main + Extras,PC,13h
10476,Main + Extras,PlayStation 3,14h
10476,Main + Extras,PC,14h
10476,Main + Extras,PC,14h
10476,Main + Extras,PC,14h
10476,Main + Extras,PC,14h
10476,Main + Extras,PC,14h
10476,Main + Extras,Wii,14h
10476,Main + Extras,PC,14h 17m
10476,Main + Extras,PC,14h 31m
10476,Main + Extras,PC,14h 58m
10476,Main + Extras,Xbox 360,15h
10476,Main + Extras,PC,15h
10476,Main + Extras,PlayStation 2,15h
10476,Main + Extras,PC,15h
10476,Main + Extras,PC,15h
10476,Main + Extras,PC,15h
10476,Main + Extras,Xbox 360,15h
10476,Main + Extras,Xbox 360,15h
10476,Main + Extras,PlayStation 2,15h
10476,Main + Extras,PC,15h
10476,Main + Extras,PC,15h
10476,Main + Extras,Mac,15h 24m
10476,Main + Extras,PC,15h 30m
10476,Main + Extras,Xbox 360,15h 37m
10476,Main + Extras,PC,15h 40m
10476,Main + Extras,PSP,15h 42m
10476,Main + Extras,PC,16h
10476,Main + Extras,PC,16h
10476,Main + Extras,PC,16h 06m
10476,Main + Extras,PC,16h 10m
10476,Main + Extras,PlayStation 2,16h 22m
10476,Main + Extras,PC,16h 28m
10476,Main + Extras,PC,16h 28m
10476,Main + Extras,PC,16h 52m
10476,Main + Extras,PlayStation 2,17h
10476,Main + Extras,PC,17h 15m
10476,Main + Extras,PC,17h 30m
10476,Main + Extras,PC,17h 40m
10476,Main + Extras,PlayStation 3,17h 52m
10476,Main + Extras,PC,18h
10476,Main + Extras,PC,18h
10476,Main + Extras,PC,18h
10476,Main + Extras,PC,18h
10476,Main + Extras,PC,18h 11m
10476,Main + Extras,PC,18h 47m
10476,Main + Extras,PC,19h
10476,Main + Extras,Xbox 360,19h 40m
10476,Main + Extras,PlayStation 2,19h 48m
10476,Main + Extras,PC,20h 40m
10476,Main + Extras,PC,21h
10476,Main + Extras,PC,21h 32m
10476,Main + Extras,PC,24h
10476,Main + Extras,PlayStation 3,25h
10476,Main + Extras,Xbox 360,26h 11m
10476,Main + Extras,PC,26h 30m
10476,Main + Extras,PC,30h 08m
10476,Main + Extras,PC,32h
10476,Main + Extras,PC,34h 21m
10476,Completionists,Xbox 360,8h 29m
10476,Completionists,PlayStation 2,11h
10476,Completionists,PC,11h 38m
10476,Completionists,NA,12h
10476,Completionists,PC,12h
10476,Completionists,PlayStation 3,13h
10476,Completionists,PC,13h 58m
10476,Completionists,PC,14h
10476,Completionists,PC,16h
10476,Completionists,PC,18h
10476,Completionists,NA,19h
10476,Completionists,PC,19h
10476,Completionists,PlayStation 3,19h
10476,Completionists,PC,20h
10476,Completionists,PlayStation 3,20h
10476,Completionists,PC,22h
10476,Completionists,PC,22h
10476,Completionists,PlayStation 3,23h
10476,Completionists,PC,24h
10476,Completionists,PC,29h 50m
10476,Completionists,Xbox 360,30h
10476,Completionists,Xbox 360,30h
10476,Completionists,PC,31h 54m
10476,Completionists,PlayStation 2,37h 22m
10476,Speed Run - Any%,PC,40m 15s
10476,Speed Run - Any%,Xbox 360,3h
