id,type,platform,time
10479,Main Story,PC,5h 30m
10479,Main Story,PC,7h 14m
10479,Main Story,PC,9h
10479,Main Story,PC,9h 18m
10479,Main Story,PC,11h 20m
10479,Main Story,PC,12h
10479,Main Story,PC,12h
10479,Main Story,PlayStation 2,13h 34m
10479,Main Story,PC,14h 55m
10479,Main Story,PC,15h
10479,Main Story,PC,15h
10479,Main Story,PC,15h
10479,Main Story,PC,15h
10479,Main Story,PlayStation 2,15h 03m
10479,Main Story,PlayStation 2,15h 45m
10479,Main Story,PC,16h
10479,Main Story,PC,16h
10479,Main Story,PC,16h 30m
10479,Main Story,PlayStation 2,17h 05m
10479,Main Story,PC,18h 40m
10479,Main Story,PC,28h
10479,Main + Extras,PC,17h
10479,Completionists,PC,15h
10479,Completionists,PlayStation 2,20h
10479,Speed Run - Any%,PlayStation 2,2h 45m
