id,type,platform,time
10471,Main Story,PlayStation,9h 13m
10471,Main Story,PlayStation,9h 40m
10471,Main Story,PlayStation,10h
10471,Main Story,PC,10h
10471,Main Story,PC,10h 47m
10471,Main Story,PC,11h
10471,Main Story,PC,11h 34m
10471,Main Story,PlayStation,11h 59m
10471,Main Story,PC,12h
10471,Main Story,PlayStation,12h
10471,Main Story,PC,12h 14m
10471,Main Story,PlayStation,13h
10471,Main Story,PlayStation,14h
10471,Main Story,PC,14h 08m
10471,Main Story,PlayStation,14h 17m
10471,Main Story,PC,14h 42m
10471,Main Story,PC,14h 42m
10471,Main Story,PlayStation,15h
10471,Main Story,PC,15h
10471,Main Story,PC,15h
10471,Main Story,PlayStation,15h
10471,Main Story,PC,15h
10471,Main Story,PlayStation,15h
10471,Main Story,PlayStation,15h
10471,Main Story,PlayStation,15h
10471,Main Story,PC,15h
10471,Main Story,PC,15h
10471,Main Story,PlayStation,15h
10471,Main Story,PC,16h
10471,Main Story,PlayStation,16h 15m
10471,Main Story,PC,16h 16m
10471,Main Story,PC,16h 30m
10471,Main Story,PC,17h
10471,Main Story,PC,17h
10471,Main Story,PlayStation,17h
10471,Main Story,PlayStation,17h
10471,Main Story,PlayStation,17h 03m
10471,Main Story,PlayStation,18h
10471,Main Story,PC,20h
10471,Main Story,PlayStation,20h
10471,Main Story,PC,20h
10471,Main Story,PC,20h
10471,Main Story,PlayStation,20h
10471,Main Story,PlayStation,20h 15m
10471,Main Story,PlayStation,20h 23m
10471,Main Story,PC,21h
10471,Main Story,PlayStation,21h 13m
10471,Main Story,PC,21h 53m
10471,Main Story,PC,22h
10471,Main Story,PlayStation,25h
10471,Main + Extras,PlayStation,7h
10471,Main + Extras,PC,12h 22m
10471,Main + Extras,PlayStation,14h
10471,Main + Extras,PC,14h 15m
10471,Main + Extras,PlayStation,14h 30m
10471,Main + Extras,PC,14h 32m
10471,Main + Extras,PC,14h 57m
10471,Main + Extras,PlayStation,15h
10471,Main + Extras,PlayStation,15h
10471,Main + Extras,PC,15h
10471,Main + Extras,PC,15h 12m
10471,Main + Extras,PlayStation,15h 36m
10471,Main + Extras,PlayStation,16h
10471,Main + Extras,PC,16h
10471,Main + Extras,PC,16h 32m
10471,Main + Extras,PC,17h
10471,Main + Extras,PlayStation,17h 28m
10471,Main + Extras,PlayStation,17h 56m
10471,Main + Extras,PC,18h 18m
10471,Main + Extras,PC,18h 22m
10471,Main + Extras,PlayStation,19h
10471,Main + Extras,PC,20h
10471,Main + Extras,PC,20h
10471,Main + Extras,PC,20h 01m
10471,Main + Extras,PC,20h 22m
10471,Main + Extras,PC,21h
10471,Main + Extras,PC,21h 16m
10471,Main + Extras,PC,21h 33m
10471,Main + Extras,PC,25h
10471,Main + Extras,PC,26h 39m
10471,Main + Extras,PC,27h 35m
10471,Main + Extras,PC,27h 39m
10471,Main + Extras,PC,27h 55m
10471,Main + Extras,PlayStation,28h 30m
10471,Completionists,PC,10h 07m
10471,Completionists,PC,11h 36m
10471,Completionists,PC,11h 45m
10471,Completionists,PC,12h
10471,Completionists,PC,12h 30m
10471,Completionists,PC,12h 42m
10471,Completionists,PC,13h 34m
10471,Completionists,PC,14h 21m
10471,Completionists,PlayStation,15h
10471,Completionists,PC,15h 25m
10471,Completionists,PlayStation,15h 47m
10471,Completionists,PlayStation,17h
10471,Completionists,PlayStation,17h
10471,Completionists,PC,17h 03m
10471,Completionists,PC,18h
10471,Completionists,PC,18h 10m
10471,Completionists,PC,20h
10471,Completionists,PC,21h
10471,Completionists,PC,24h 23m
10471,Completionists,PC,29h 51m
10471,Completionists,PC,30h
10471,Completionists,PC,30h
10471,Completionists,PlayStation,31h
10471,Speed Run - Any%,PC,1h 43m 56s
10471,Speed Run - Any%,PlayStation,1h 45m
10471,Speed Run - Any%,PC,2h 16m
