id,type,platform,time
10472,Main Story,PlayStation,12h
10472,Main Story,PlayStation,12h
10472,Main Story,PC,12h
10472,Main Story,PlayStation,12h 10m
10472,Main Story,PC,13h
10472,Main Story,PlayStation 2,13h 15m
10472,Main Story,PlayStation,15h
10472,Main Story,PlayStation,16h
10472,Main Story,PlayStation,17h
10472,Main Story,PC,18h
10472,Main Story,PlayStation,18h
10472,Main Story,PlayStation,18h
10472,Main Story,PlayStation,18h
10472,Main Story,PlayStation,18h 41m
10472,Main Story,PlayStation,19h 50m
10472,Main Story,PlayStation,20h
10472,Main Story,PC,20h
10472,Main Story,PC,21h
10472,Main Story,PC,23h
10472,Main Story,PC,23h 22m
10472,Main Story,PC,24h
10472,Main Story,PC,25h 55m
10472,Main Story,PC,26h
10472,Main + Extras,PlayStation,14h 40m
10472,Main + Extras,PlayStation,15h
10472,Main + Extras,PC,16h
10472,Main + Extras,PlayStation,17h
10472,Main + Extras,PC,17h 25m
10472,Main + Extras,PlayStation,18h
10472,Main + Extras,PC,18h 15m
10472,Main + Extras,PlayStation,19h 25m
10472,Main + Extras,PC,20h
10472,Main + Extras,PC,20h
10472,Main + Extras,PlayStation,20h 43m
10472,Main + Extras,PC,21h
10472,Main + Extras,PC,22h 12m
10472,Main + Extras,PC,26h
10472,Main + Extras,PC,27h
10472,Main + Extras,PC,31h 16m
10472,Main + Extras,PC,34h 09m
10472,Main + Extras,PlayStation,43h 10m
10472,Completionists,PC,12h
10472,Completionists,PlayStation,12h
10472,Completionists,PC,13h 30m
10472,Completionists,PC,13h 34m
10472,Completionists,PlayStation,13h 39m
10472,Completionists,PC,14h 14m
10472,Completionists,PC,15h
10472,Completionists,PC,15h 10m
10472,Completionists,PC,15h 32m
10472,Completionists,PC,18h
10472,Completionists,PC,18h
10472,Completionists,PlayStation,20h
10472,Completionists,PC,20h 24m
10472,Completionists,PC,22h 01m
10472,Completionists,PC,22h 48m
10472,Completionists,PC,24h
10472,Completionists,PC,25h
10472,Completionists,PlayStation,31h 02m
10472,Completionists,PC,34h
10472,Completionists,PC,37h 43m
10472,Speed Run - Any%,PC,2h 04m 10s
10472,Speed Run - Any%,PlayStation,2h 05m
