id,type,platform,time
10489,Main Story,PlayStation 2,5h 37m
10489,Main Story,PlayStation 2,7h 16m
10489,Main Story,PC,8h 46m
10489,Main Story,PC,9h
10489,Main Story,PlayStation 2,9h 03m
10489,Main Story,Nintendo GameCube,9h 39m
10489,Main Story,PlayStation 2,10h
10489,Main Story,Xbox 360,11h
10489,Main Story,PC,11h
10489,Main Story,Nintendo GameCube,11h 27m
10489,Main Story,Xbox 360,11h 35m
10489,Main Story,Xbox 360,12h
10489,Main Story,PlayStation 2,12h
10489,Main Story,Nintendo GameCube,12h
10489,Main Story,PlayStation 2,12h
10489,Main Story,PlayStation 2,12h 07m
10489,Main Story,Xbox 360,13h
10489,Main Story,PlayStation 2,15h
10489,Main Story,PC,15h
10489,Main + Extras,PlayStation 2,10h 26m
10489,Main + Extras,PC,12h
10489,Main + Extras,PC,12h
10489,Main + Extras,PlayStation 2,12h
10489,Main + Extras,PlayStation 2,12h
10489,Main + Extras,PlayStation 2,13h
10489,Main + Extras,Nintendo GameCube,13h
10489,Main + Extras,Xbox 360,13h
10489,Main + Extras,PC,14h 20m
10489,Main + Extras,Nintendo GameCube,15h
10489,Main + Extras,PC,15h
10489,Main + Extras,Xbox 360,15h 45m
10489,Completionists,Xbox 360,13h
10489,Completionists,Nintendo GameCube,17h
10489,Completionists,Xbox 360,18h
10489,Speed Run - Any%,Nintendo GameCube,2h 09m 22s
10489,Co-Op Multiplayer,PlayStation 2,1h
