id,type,platform,time
10484,Main Story,PlayStation,8h 01m
10484,Main Story,PlayStation,11h
10484,Main Story,PlayStation,16h
10484,Main + Extras,PlayStation,9h 18m
10484,Main + Extras,PlayStation,9h 34m
10484,Main + Extras,PlayStation,14h 30m
10484,Main + Extras,PlayStation,18h
10484,Main + Extras,PlayStation,33h 38m
10484,Completionists,PlayStation,8h
10484,Completionists,PlayStation,13h 30m
10484,Completionists,PlayStation 2,15h 14m
10484,Completionists,PlayStation,15h 35m
10484,Completionists,PSP,16h 53m
10484,Completionists,PlayStation,18h 03m
10484,Completionists,PlayStation,18h 20m
10484,Completionists,NA,21h
10484,Completionists,PlayStation,24h
10484,Completionists,PlayStation,25h
10484,Completionists,PlayStation 2,26h 26m
10484,Speed Run - 100%,PlayStation,7h 15m
