id,type,platform,time
10482,Main Story,PlayStation 3,4h 23m
10482,Main Story,Nintendo DS,4h 55m
10482,Main Story,PlayStation 3,4h 55m
10482,Main Story,Xbox 360,5h 05m
10482,Main Story,PlayStation 3,6h
10482,Main Story,PC,6h
10482,Main Story,PC,6h
10482,Main Story,Xbox One,6h 30m
10482,Main Story,PC,6h 37m
10482,Main Story,PC,6h 40m
10482,Main Story,PC,7h
10482,Main Story,PC,7h
10482,Main Story,PC,7h
10482,Main Story,PC,7h 03m
10482,Main Story,PC,7h 10m
10482,Main Story,PC,7h 45m
10482,Main Story,PC,7h 54m
10482,Main Story,NA,8h
10482,Main Story,NA,8h
10482,Main Story,PC,8h
10482,Main Story,PC,8h
10482,Main Story,PlayStation 3,8h
10482,Main Story,PC,8h
10482,Main Story,PC,8h
10482,Main Story,PC,8h 01m
10482,Main Story,PlayStation 3,8h 10m
10482,Main Story,PC,8h 10m
10482,Main Story,Xbox 360,8h 12m
10482,Main Story,PC,8h 20m
10482,Main Story,PC,8h 20m
10482,Main Story,PC,8h 20m
10482,Main Story,PlayStation 3,8h 25m
10482,Main Story,PC,8h 26m
10482,Main Story,PC,8h 30m
10482,Main Story,PlayStation 3,8h 30m
10482,Main Story,PC,8h 30m
10482,Main Story,PC,8h 30m
10482,Main Story,PC,8h 36m
10482,Main Story,PC,8h 45m
10482,Main Story,PC,8h 54m
10482,Main Story,PlayStation 3,8h 55m
10482,Main Story,PC,9h
10482,Main Story,PC,9h
10482,Main Story,Xbox 360,9h
10482,Main Story,PC,9h
10482,Main Story,PlayStation 3,9h
10482,Main Story,PlayStation 3,9h
10482,Main Story,Wii,9h
10482,Main Story,PC,9h 02m
10482,Main Story,PlayStation 3,9h 07m
10482,Main Story,PC,9h 20m
10482,Main Story,PC,9h 23m
10482,Main Story,PC,9h 24m
10482,Main Story,PC,9h 26m
10482,Main Story,Xbox 360,9h 30m
10482,Main Story,PC,9h 30m
10482,Main Story,PlayStation 3,9h 35m
10482,Main Story,PC,9h 39m
10482,Main Story,PC,9h 45m
10482,Main Story,PC,9h 55m
10482,Main Story,PC,10h
10482,Main Story,PC,10h
10482,Main Story,PC,10h
10482,Main Story,PlayStation 2,10h
10482,Main Story,PC,10h
10482,Main Story,PlayStation 3,10h
10482,Main Story,PC,10h
10482,Main Story,PC,10h
10482,Main Story,PC,10h
10482,Main Story,PlayStation 3,10h
10482,Main Story,Xbox 360,10h
10482,Main Story,PC,10h
10482,Main Story,Xbox 360,10h
10482,Main Story,PC,10h
10482,Main Story,PlayStation 2,10h
10482,Main Story,Xbox 360,10h
10482,Main Story,NA,10h
10482,Main Story,PlayStation 3,10h
10482,Main Story,PC,10h
10482,Main Story,PC,10h
10482,Main Story,PC,10h
10482,Main Story,Xbox 360,10h
10482,Main Story,PC,10h
10482,Main Story,PC,10h
10482,Main Story,PC,10h 05m
10482,Main Story,PlayStation 3,10h 06m
10482,Main Story,PC,10h 10m
10482,Main Story,PC,10h 12m
10482,Main Story,Xbox 360,10h 15m
10482,Main Story,Xbox 360,10h 25m
10482,Main Story,PC,10h 30m
10482,Main Story,PC,10h 30m
10482,Main Story,PC,10h 30m
10482,Main Story,PlayStation 3,10h 30m
10482,Main Story,PC,10h 30m
10482,Main Story,PlayStation 3,10h 59m
10482,Main Story,NA,11h
10482,Main Story,PC,11h
10482,Main Story,PC,11h
10482,Main Story,Xbox 360,11h
10482,Main Story,PC,11h
10482,Main Story,PC,11h
10482,Main Story,PC,11h 06m
10482,Main Story,PC,11h 11m
10482,Main Story,PC,11h 20m
10482,Main Story,PC,11h 30m
10482,Main Story,PC,11h 40m
10482,Main Story,PlayStation 3,11h 50m
10482,Main Story,PC,11h 54m
10482,Main Story,Xbox 360,12h
10482,Main Story,PC,12h
10482,Main Story,Xbox 360,12h
10482,Main Story,Xbox 360,12h
10482,Main Story,PC,12h
10482,Main Story,PlayStation 3,12h
10482,Main Story,PC,12h
10482,Main Story,PC,12h
10482,Main Story,PC,12h 08m
10482,Main Story,PC,12h 25m
10482,Main Story,PC,12h 30m
10482,Main Story,PC,13h
10482,Main Story,PlayStation 3,14h
10482,Main Story,PC,14h 30m
10482,Main Story,PlayStation 3,15h
10482,Main Story,Xbox 360,15h
10482,Main Story,NA,15h
10482,Main Story,PC,15h 15m
10482,Main Story,PlayStation 3,15h 35m
10482,Main Story,PlayStation 3,17h
10482,Main Story,PC,21h
10482,Main + Extras,Nintendo DS,6h 05m
10482,Main + Extras,PlayStation 3,6h 30m
10482,Main + Extras,PC,7h 25m
10482,Main + Extras,PC,8h
10482,Main + Extras,PC,8h
10482,Main + Extras,PC,8h 22m
10482,Main + Extras,Xbox 360,9h
10482,Main + Extras,PC,9h
10482,Main + Extras,PC,9h
10482,Main + Extras,PC,9h
10482,Main + Extras,PlayStation 3,9h 20m
10482,Main + Extras,PC,9h 29m
10482,Main + Extras,PC,9h 30m
10482,Main + Extras,PC,9h 30m
10482,Main + Extras,NA,10h
10482,Main + Extras,PC,10h
10482,Main + Extras,PlayStation 3,10h
10482,Main + Extras,PC,10h
10482,Main + Extras,PC,10h
10482,Main + Extras,PC,10h
10482,Main + Extras,Xbox 360,10h 05m
10482,Main + Extras,PlayStation 3,10h 30m
10482,Main + Extras,Xbox One,10h 32m
10482,Main + Extras,PC,11h
10482,Main + Extras,PC,11h
10482,Main + Extras,Xbox 360,11h 17m
10482,Main + Extras,PC,11h 30m
10482,Main + Extras,PC,11h 53m
10482,Main + Extras,PC,11h 59m
10482,Main + Extras,PC,12h
10482,Main + Extras,Xbox 360,12h
10482,Main + Extras,Xbox 360,12h
10482,Main + Extras,PC,12h
10482,Main + Extras,PC,12h 06m
10482,Main + Extras,PC,12h 18m
10482,Main + Extras,PC,12h 26m
10482,Main + Extras,PC,12h 30m
10482,Main + Extras,Xbox 360,12h 49m
10482,Main + Extras,PC,12h 50m
10482,Main + Extras,PC,13h
10482,Main + Extras,PC,13h
10482,Main + Extras,PC,13h
10482,Main + Extras,PC,14h
10482,Main + Extras,Xbox 360,14h
10482,Main + Extras,PC,14h 02m
10482,Main + Extras,PC,14h 24m
10482,Main + Extras,PC,15h
10482,Main + Extras,PC,15h 08m
10482,Main + Extras,PlayStation 3,16h
10482,Main + Extras,PlayStation 3,17h
10482,Main + Extras,Xbox 360,17h
10482,Main + Extras,PC,17h 06m
10482,Main + Extras,Xbox 360,19h 08m
10482,Main + Extras,PC,19h 34m
10482,Main + Extras,Xbox 360,20h
10482,Completionists,PC,8h 06m
10482,Completionists,PlayStation 3,10h
10482,Completionists,Xbox 360,10h
10482,Completionists,PlayStation 3,14h
10482,Completionists,PlayStation 3,17h
10482,Completionists,PC,17h 18m
10482,Completionists,PC,17h 53m
10482,Completionists,PlayStation 3,18h
10482,Completionists,PlayStation 3,18h
10482,Completionists,PlayStation 3,18h
10482,Completionists,PlayStation 3,19h
10482,Completionists,PlayStation 3,20h
10482,Completionists,PlayStation 2,20h
10482,Completionists,PC,21h
10482,Completionists,PC,21h
10482,Completionists,PC,22h 27m
10482,Completionists,PC,23h 12m
10482,Completionists,PlayStation 3,24h
10482,Completionists,PC,25h
10482,Completionists,Xbox 360,30h
10482,Speed Run - Any%,PlayStation 3,2h
10482,Speed Run - Any%,Xbox 360,8h 21m
