id,type,platform,time
10483,Main Story,PlayStation,4h 23m
10483,Main Story,PlayStation,6h
10483,Main Story,PlayStation,6h 25m
10483,Main Story,PlayStation,6h 45m
10483,Main Story,PlayStation,7h
10483,Main Story,PlayStation,7h 30m
10483,Main Story,PlayStation,8h
10483,Main Story,PlayStation,8h
10483,Main Story,PlayStation,8h 30m
10483,Main Story,PlayStation 3,9h 38m
10483,Main Story,PlayStation,13h
10483,Main + Extras,PlayStation,3h 56m
10483,Main + Extras,PlayStation,3h 58m
10483,Main + Extras,PlayStation Vita,4h 17m
10483,Main + Extras,PlayStation,5h
10483,Main + Extras,PlayStation,5h 45m
10483,Main + Extras,PlayStation,6h 20m
10483,Main + Extras,PlayStation Vita,6h 54m
10483,Main + Extras,PlayStation,7h 50m
10483,Main + Extras,PlayStation,8h
10483,Main + Extras,PlayStation,8h 21m
10483,Main + Extras,PlayStation 3,8h 45m
10483,Main + Extras,PlayStation,9h 32m
10483,Main + Extras,PlayStation,10h 43m
10483,Completionists,PlayStation,4h 33m
10483,Completionists,PlayStation,5h 16m
10483,Completionists,PlayStation,5h 21m
10483,Completionists,PlayStation,6h 24m
10483,Completionists,PlayStation,8h
10483,Completionists,PlayStation,8h
10483,Completionists,PlayStation Vita,8h 01m
10483,Completionists,PlayStation,8h 03m
10483,Completionists,PlayStation,8h 03m
10483,Completionists,PlayStation,8h 09m
10483,Completionists,PlayStation,8h 35m
10483,Completionists,PlayStation,8h 54m
10483,Completionists,NA,9h
10483,Completionists,PSP,9h 05m
10483,Completionists,PlayStation,9h 30m
10483,Completionists,PlayStation,9h 34m
10483,Completionists,PlayStation,9h 37m
10483,Completionists,PlayStation,10h
10483,Completionists,PlayStation,10h 05m
10483,Completionists,PlayStation,10h 23m
10483,Completionists,PlayStation,10h 53m
10483,Completionists,PlayStation,12h
10483,Completionists,PlayStation,12h
10483,Completionists,PlayStation,14h 37m
10483,Completionists,NA,18h
10483,Completionists,PlayStation,20h
10483,Completionists,PlayStation,45h 02m
