id,type,platform,time
10480,Main Story,PlayStation,7h 50m
10480,Main Story,PC,12h
10480,Main Story,PC,12h 47m
10480,Main Story,PlayStation,14h
10480,Main Story,PlayStation,15h
10480,Main Story,PlayStation,16h 25m
10480,Main Story,PC,17h 03m
10480,Main Story,PlayStation,18h
10480,Main Story,PlayStation,18h
10480,Main Story,PC,19h
10480,Main Story,PC,23h
10480,Main Story,PC,27h
10480,Main + Extras,PlayStation,12h 11m
10480,Main + Extras,Dreamcast,12h 20m
10480,Main + Extras,PC,12h 47m
10480,Main + Extras,PC,13h 59m
10480,Main + Extras,PlayStation,18h
10480,Main + Extras,PlayStation,18h 23m
10480,Main + Extras,Dreamcast,18h 59m
10480,Main + Extras,PC,20h
10480,Main + Extras,PC,24h
10480,Main + Extras,PC,25h
10480,Main + Extras,PC,27h
10480,Main + Extras,PlayStation,31h
10480,Main + Extras,PlayStation,38h 32m
10480,Completionists,PC,12h
10480,Completionists,PC,13h 50m
10480,Completionists,PC,14h
10480,Completionists,PC,14h 16m
10480,Completionists,PC,20h
10480,Completionists,PlayStation,20h
10480,Completionists,PlayStation 3,20h
10480,Completionists,Dreamcast,20h
10480,Completionists,PC,21h
10480,Completionists,PC,29h
10480,Completionists,PC,30h
10480,Completionists,PC,37h 08m
10480,Speed Run - Any%,PlayStation,3h 33m
