id,type,platform,time
10494,Main Story,PC,1h 32m
10494,Main Story,PlayStation,2h 47m
10494,Main Story,PlayStation 2,2h 48m
10494,Main Story,PlayStation 2,3h
10494,Main Story,PC,5h
10494,Main Story,Nintendo GameCube,5h 36m
10494,Main Story,PlayStation 2,6h
10494,Main Story,Xbox,6h 45m
10494,Main Story,PlayStation,7h
10494,Main Story,PlayStation 2,8h
10494,Main Story,PlayStation,8h 30m
10494,Main Story,PlayStation 2,8h 50m
10494,Main Story,PC,9h
10494,Main Story,PC,10h
10494,Main Story,PlayStation 2,10h
10494,Main Story,PlayStation,10h
10494,Main Story,Nintendo 64,10h
10494,Main Story,PlayStation 2,10h
10494,Main Story,PC,10h
10494,Main Story,Nintendo GameCube,10h
10494,Main Story,Game Boy Advance,10h
10494,Main Story,PlayStation 2,11h
10494,Main Story,Nintendo GameCube,14h
10494,Main Story,PlayStation 2,16h
10494,Main Story,PC,25h
10494,Main + Extras,PC,2h 14m
10494,Main + Extras,PC,5h
10494,Main + Extras,Xbox,7h
10494,Main + Extras,PlayStation 2,7h 12m
10494,Main + Extras,PC,8h
10494,Main + Extras,PlayStation 2,10h 15m
10494,Main + Extras,PC,12h
10494,Main + Extras,Nintendo GameCube,13h 31m
10494,Main + Extras,PlayStation 2,13h 47m
10494,Main + Extras,PlayStation 2,14h
10494,Main + Extras,PlayStation 2,14h 15m
10494,Main + Extras,PlayStation 2,14h 25m
10494,Main + Extras,PlayStation 2,15h
10494,Main + Extras,PlayStation 2,15h
10494,Main + Extras,PlayStation 2,15h
10494,Main + Extras,PlayStation,15h
10494,Main + Extras,PC,15h
10494,Main + Extras,PlayStation 2,16h
10494,Main + Extras,PlayStation 2,16h
10494,Main + Extras,Nintendo GameCube,16h 43m
10494,Main + Extras,Nintendo GameCube,18h
10494,Main + Extras,PlayStation 2,18h
10494,Main + Extras,PC,20h
10494,Main + Extras,PC,30h
10494,Main + Extras,PlayStation 2,47h
10494,Main + Extras,PlayStation,50h
10494,Completionists,PlayStation 2,20h
10494,Completionists,PC,30h
10494,Completionists,PlayStation 2,30h
10494,Completionists,PlayStation,30h
10494,Completionists,PlayStation 2,30h 24m
10494,Completionists,PC,30h 59m
10494,Completionists,Nintendo GameCube,35h
10494,Completionists,Nintendo GameCube,45h
10494,Completionists,PlayStation 2,50h
10494,Completionists,PC,50h
10494,Completionists,PlayStation 2,57h 08m
10494,Speed Run - Any%,PlayStation 2,05m 58s
10494,Speed Run - Any%,PC,12m 08s
10494,Speed Run - Any%,PlayStation,22m 10s
10494,Speed Run - Any%,Xbox,2h 15m
10494,Speed Run - 100%,PlayStation 2,11m 26s
10494,Speed Run - 100%,PC,13m 52s
10494,Speed Run - 100%,PC,18m 13s
