id,type,platform,time
10496,Main Story,PlayStation,3h 24m
10496,Main Story,PlayStation 2,3h 25m
10496,Main Story,PlayStation 2,5h 56m
10496,Main Story,PlayStation 2,6h 21m
10496,Main Story,PlayStation 2,8h
10496,Main Story,Nintendo GameCube,8h 10m
10496,Main Story,PlayStation 2,10h 40m
10496,Main Story,PlayStation 2,11h
10496,Main Story,PlayStation 2,11h 21m
10496,Main Story,Nintendo GameCube,12h
10496,Main Story,PlayStation 2,12h
10496,Main Story,PC,12h
10496,Main Story,PlayStation 2,12h
10496,Main Story,PlayStation 2,12h
10496,Main Story,PC,12h
10496,Main Story,PlayStation 2,13h
10496,Main Story,PlayStation 2,14h
10496,Main Story,PlayStation 2,14h 24m
10496,Main Story,PlayStation 2,15h
10496,Main Story,PC,15h
10496,Main Story,PC,15h
10496,Main Story,PlayStation 2,15h 27m
10496,Main + Extras,PlayStation,7h 13m
10496,Main + Extras,PlayStation 2,10h
10496,Main + Extras,PlayStation,11h 17m
10496,Main + Extras,PlayStation 2,15h
10496,Main + Extras,PlayStation,15h
10496,Main + Extras,PlayStation 2,15h 10m
10496,Main + Extras,PlayStation 2,16h
10496,Main + Extras,Nintendo GameCube,16h 43m
10496,Main + Extras,Nintendo GameCube,16h 58m
10496,Main + Extras,PlayStation 2,17h
10496,Main + Extras,PlayStation 2,20h 07m
10496,Main + Extras,PlayStation 2,22h
10496,Main + Extras,Game Boy Advance,40h
10496,Completionists,PlayStation 2,24h 05m
10496,Completionists,PlayStation 2,25h
10496,Completionists,PlayStation 2,25h
10496,Completionists,PlayStation 2,26h
10496,Completionists,PlayStation,28h
10496,Completionists,PlayStation 2,32h
