id,type,platform,time
10491,Main Story,PlayStation,1h 01m
10491,Main Story,Nintendo 64,2h
10491,Main Story,PlayStation,2h 08m
10491,Main Story,PlayStation,2h 30m
10491,Main Story,PlayStation,2h 58m
10491,Main Story,PlayStation,3h 17m
10491,Main Story,PlayStation,4h
10491,Main Story,PlayStation,4h
10491,Main Story,PlayStation,4h 25m
10491,Main Story,PlayStation,4h 30m
10491,Main Story,PlayStation,5h
10491,Main Story,PlayStation,5h
10491,Main Story,PlayStation,5h
10491,Main Story,PlayStation,5h
10491,Main Story,PlayStation,5h
10491,Main Story,PlayStation,5h
10491,Main Story,PlayStation,5h
10491,Main Story,Nintendo 64,5h 06m
10491,Main Story,PlayStation,5h 10m
10491,Main Story,PlayStation,5h 20m
10491,Main Story,Dreamcast,5h 40m
10491,Main Story,PlayStation,6h
10491,Main Story,PlayStation,6h
10491,Main Story,Nintendo 64,6h
10491,Main Story,PlayStation,6h
10491,Main Story,PlayStation,7h
10491,Main Story,Nintendo 64,7h
10491,Main Story,Nintendo 64,7h
10491,Main Story,PlayStation 2,9h
10491,Main + Extras,Dreamcast,3h 30m
10491,Main + Extras,Dreamcast,4h
10491,Main + Extras,Nintendo 64,4h 07m
10491,Main + Extras,PlayStation,4h 09m
10491,Main + Extras,Nintendo 64,4h 30m
10491,Main + Extras,PlayStation,7h
10491,Main + Extras,Dreamcast,7h 30m
10491,Main + Extras,PlayStation,8h
10491,Main + Extras,Dreamcast,8h
10491,Main + Extras,PlayStation,8h 05m
10491,Main + Extras,PlayStation,10h
10491,Main + Extras,Nintendo 64,15h
10491,Main + Extras,PlayStation,15h
10491,Main + Extras,PlayStation,15h
10491,Main + Extras,PlayStation,20h
10491,Main + Extras,PlayStation,25h
10491,Completionists,PlayStation,15h 10m
10491,Completionists,PlayStation,17h
10491,Completionists,PlayStation,20h
10491,Completionists,PlayStation,20h
10491,Speed Run - Any%,Nintendo 64,17m 23s
10491,Speed Run - Any%,PlayStation,22m 50s
