id,type,platform,time
10497,Main Story,PlayStation 3,35m
10497,Main Story,PC,1h 40m
10497,Main Story,PlayStation 3,1h 48m
10497,Main Story,PlayStation 3,2h 09m
10497,Main Story,PC,3h 30m
10497,Main Story,PC,3h 40m
10497,Main Story,PlayStation 3,4h
10497,Main Story,Xbox 360,5h
10497,Main Story,PC,6h
10497,Main Story,PC,7h
10497,Main Story,PC,7h
10497,Main + Extras,Xbox 360,2h 26m
10497,Main + Extras,PC,3h 40m
10497,Main + Extras,PC,4h
10497,Main + Extras,PC,5h
10497,Main + Extras,PC,5h 01m
10497,Main + Extras,PC,5h 04m
10497,Main + Extras,PC,8h 06m
10497,Main + Extras,PC,8h 12m
10497,Main + Extras,Xbox 360,8h 30m
10497,Main + Extras,PC,10h
10497,Main + Extras,Xbox 360,10h
10497,Main + Extras,PC,10h 30m
10497,Main + Extras,PC,10h 45m
10497,Main + Extras,NA,12h
10497,Main + Extras,Xbox 360,20h
10497,Completionists,Xbox 360,7h
10497,Completionists,PlayStation 3,7h 23m
10497,Completionists,Xbox 360,10h
10497,Completionists,PlayStation 3,12h
10497,Completionists,PlayStation 3,15h
10497,Completionists,PC,15h 43m
10497,Completionists,PC,16h
10497,Completionists,Xbox 360,16h
10497,Completionists,PC,16h 02m
10497,Completionists,Xbox 360,20h
10497,Completionists,PC,28h
10497,Completionists,PC,28h
10497,Completionists,PlayStation 3,35h
