id,type,platform,time
10498,Main Story,PSP,8h 47m
10498,Main Story,PlayStation 2,10h
10498,Main Story,Xbox 360,13h 35m
10498,Main Story,Xbox 360,14h
10498,Main Story,Xbox 360,14h 46m
10498,Main Story,Xbox 360,14h 57m
10498,Main Story,PlayStation 3,15h
10498,Main Story,Xbox,15h
10498,Main Story,PlayStation 3,17h
10498,Main Story,Xbox 360,17h 45m
10498,Main Story,Xbox 360,18h
10498,Main Story,PSP,18h 45m
10498,Main + Extras,PSP,9h 53m
10498,Main + Extras,PlayStation 2,15h
10498,Main + Extras,PlayStation 2,16h
10498,Main + Extras,PSP,20h 46m
10498,Main + Extras,Xbox 360,22h
10498,Completionists,PlayStation 2,15h
