id,type,platform,time
10492,Main Story,Game Boy Advance,2h 30m
10492,Main Story,Mobile,3h
10492,Main Story,Game Boy Advance,3h 27m
10492,Main Story,PlayStation,3h 56m
10492,Main Story,PC,5h
10492,Main Story,PlayStation,6h 20m
10492,Main Story,PlayStation,7h
10492,Main Story,PlayStation,8h
10492,Main Story,PC,9h
10492,Main Story,PlayStation,9h 05m
10492,Main Story,PlayStation,10h
10492,Main Story,Nintendo 64,10h
10492,Main Story,PlayStation,10h
10492,Main Story,PlayStation,10h
10492,Main Story,PlayStation,10h
10492,Main Story,PlayStation,10h
10492,Main Story,PlayStation,10h
10492,Main Story,PC,10h
10492,Main Story,PlayStation,10h
10492,Main Story,PC,10h
10492,Main Story,PC,10h
10492,Main Story,PlayStation,10h
10492,Main Story,PC,10h
10492,Main Story,Dreamcast,10h 02m
10492,Main Story,PlayStation,10h 04m
10492,Main Story,PlayStation,12h
10492,Main Story,Dreamcast,12h
10492,Main Story,Nintendo 64,14h 22m
10492,Main Story,PlayStation,16h
10492,Main Story,PlayStation,17h 30m
10492,Main + Extras,Dreamcast,6h
10492,Main + Extras,PC,7h
10492,Main + Extras,PC,8h 30m
10492,Main + Extras,PC,10h
10492,Main + Extras,Nintendo 64,10h
10492,Main + Extras,PlayStation,10h
10492,Main + Extras,PlayStation 3,10h 43m
10492,Main + Extras,PC,12h
10492,Main + Extras,PlayStation,12h
10492,Main + Extras,Dreamcast,12h 10m
10492,Main + Extras,PlayStation,12h 23m
10492,Main + Extras,PlayStation,13h
10492,Main + Extras,PlayStation 2,15h
10492,Main + Extras,Nintendo 64,15h
10492,Main + Extras,PlayStation,15h
10492,Main + Extras,PlayStation,15h
10492,Main + Extras,PlayStation,15h
10492,Main + Extras,PlayStation,30h
10492,Main + Extras,PlayStation,30h
10492,Main + Extras,PC,32h 07m
10492,Completionists,Nintendo 64,30h
10492,Completionists,PlayStation,40h
10492,Completionists,PlayStation,40h
10492,Completionists,Nintendo 64,50h
10492,Completionists,PlayStation,52h 20m
10492,Completionists,PC,62h
10492,Completionists,PC,80h
10492,Completionists,PC,80h
10492,Completionists,PC,100h
10492,Completionists,PlayStation,102h 22m
10492,Speed Run - Any%,PlayStation,28m
