id,type,platform,time
10503,Main Story,Nintendo GameCube,2h 11m
10503,Main Story,PlayStation 2,2h 58m
10503,Main Story,PlayStation 2,4h 07m
10503,Main Story,PlayStation 2,4h 15m
10503,Main Story,PC,4h 46m
10503,Main Story,Nintendo GameCube,5h
10503,Main Story,PlayStation 2,5h
10503,Main Story,Xbox,5h 30m
10503,Main Story,Nintendo GameCube,5h 36m
10503,Main Story,PC,6h
10503,Main Story,PlayStation 2,6h
10503,Main Story,Game Boy Advance,6h
10503,Main Story,PlayStation 2,6h 10m
10503,Main Story,Game Boy Advance,6h 45m
10503,Main Story,PlayStation 2,7h
10503,Main Story,PC,7h
10503,Main Story,PlayStation 2,7h
10503,Main Story,Xbox,7h 01m
10503,Main Story,PlayStation 2,7h 30m
10503,Main Story,Nintendo GameCube,7h 43m
10503,Main Story,PC,8h
10503,Main Story,Nintendo GameCube,8h
10503,Main Story,Xbox,10h
10503,Main Story,PlayStation 3,10h
10503,Main Story,PlayStation 2,12h
10503,Main + Extras,Nintendo GameCube,5h 27m
10503,Main + Extras,Nintendo GameCube,6h 52m
10503,Main + Extras,PlayStation 2,7h 41m
10503,Main + Extras,Xbox 360,8h
10503,Main + Extras,PlayStation 2,8h
10503,Main + Extras,PlayStation 2,8h
10503,Main + Extras,Xbox,8h 22m
10503,Main + Extras,Nintendo GameCube,8h 30m
10503,Main + Extras,Xbox,8h 30m
10503,Main + Extras,Xbox,9h 21m
10503,Main + Extras,PlayStation 2,9h 35m
10503,Main + Extras,PlayStation 2,9h 48m
10503,Main + Extras,PlayStation 2,10h
10503,Main + Extras,PlayStation 2,10h
10503,Main + Extras,PlayStation 2,10h
10503,Main + Extras,PlayStation 2,10h 15m
10503,Main + Extras,Nintendo GameCube,15h
10503,Main + Extras,PlayStation 2,15h
10503,Main + Extras,PlayStation 2,20h
10503,Completionists,Nintendo GameCube,12h 32m
10503,Completionists,Nintendo GameCube,12h 41m
10503,Completionists,PlayStation 2,15h
10503,Completionists,PlayStation 2,15h
10503,Completionists,PlayStation 2,15h
10503,Completionists,PlayStation 2,16h 40m
10503,Completionists,PlayStation 2,20h
10503,Completionists,PlayStation 2,25h
10503,Speed Run - Any%,Nintendo GameCube,48m 42s
10503,Speed Run - Any%,Nintendo GameCube,1h 42s
10503,Speed Run - Any%,PlayStation 2,1h 04m
10503,Speed Run - Any%,PlayStation 2,1h 27m
10503,Speed Run - Any%,Nintendo GameCube,1h 34m
10503,Speed Run - 100%,Nintendo GameCube,1h 44m 49s
